title,directors,year,genre,runtime,theater,screen_date,screen_times,wiki_id,language,country
Blue Giant,Yuzuru Tachikawa,,Thriller,0 days 02:00:00,Museum of Fine Arts,2024-03-30,7:00 PM,,,
Perfect Days,Wim Wenders,,Thriller,0 days 02:03:00,Museum of Fine Arts,2024-04-05,7:00 PM,73588582,Japanese,Japan
Stray Dog,Akira Kurosawa,1949,Crime,0 days 02:02:00,The Brattle,2024-05-24,6:30 PM,867905,Japanese,Japan
Big Trouble in Little China,John Carpenter,1986,Comedy,0 days 01:40:00,Coolidge Corner Theatre,2024-05-24,11:59 PM,697113,English,United States
Ghost Dog: The Way of the Samurai,Jim Jarmusch,1999,Crime,0 days 01:56:00,The Brattle,2024-05-24,"4:00 PM, 9:00 PM",471352,English,United States
Young Frankenstein,Mel Brooks,1974,Comedy,0 days 01:46:00,The Brattle,2024-05-25,12:00 PM,442647,English,United States
Poetry,Lee Chang-dong,2010,Drama,0 days 02:19:00,Museum of Fine Arts,2024-05-25,2:30 PM,26964199,Korean,South Korea
Kind Hearts and Coronets,Robert Hamer,1949,Comedy,0 days 01:44:00,The Brattle,2024-05-25,2:30 PM,350908,English,United Kingdom
Jour de Fête,Jacques Tati,1949,Comedy,0 days 01:26:00,The Brattle,2024-05-25,4:45 PM,30863517,French,France
Thomasine & Bushrod,Gordon Parks Jr.,1974,Western,0 days 01:35:00,The Brattle,2024-05-25,7:00 PM,4340576,English,United States
Stop Making Sense,Jonathan Demme,1984,Documentary,0 days 01:28:00,The Brattle,2024-05-25,10:00 PM,1471831,English,United States
Black Rain,Ridley Scott,1989,Drama,0 days 02:05:00,Coolidge Corner Theatre,2024-05-25,11:59 PM,3529964,English,United States
Ring,Hideo Nakata,1998,Horror,0 days 01:36:00,Somerville Theatre,2024-05-25,11:59 PM,180785,Japanese,Japan
On the Town,"Stanley Donen, Gene Kelly",1949,Music,0 days 01:38:00,The Brattle,2024-05-26,"12:00 PM, 4:30 PM",12816415,English,United States
The Taking of Pelham One Two Three,Joseph Sargent,1974,Crime,0 days 01:44:00,The Brattle,2024-05-26,"2:15 PM, 6:45 PM",955409,English,United States
Audition,Takashi Miike,1999,Horror,0 days 01:55:00,The Brattle,2024-05-26,9:00 PM,587265,Japanese,Japan
In a Lonely Place,Nicholas Ray,1950,Drama,0 days 01:34:00,Somerville Theatre,2024-05-27,9:00 PM,812818,English,United States
"Sorry, Wrong Number",Anatole Litvak,1948,Thriller,0 days 01:29:00,Somerville Theatre,2024-05-27,7:15 PM,183828,English,United States
Spider-Man: Far From Home,Jon Watts,2019,Action,0 days 02:09:00,Coolidge Corner Theatre,2024-05-27,9:30 PM,52179698,English,United States
Female Trouble,John Waters,1974,Comedy,0 days 01:37:00,The Brattle,2024-05-27,"4:45 PM, 9:30 PM",1328186,English,United States
All About My Mother,Pedro Almodóvar,1999,Comedy,0 days 01:41:00,The Brattle,2024-05-27,"2:30 PM, 7:15 PM",61664,Spanish,Spain
Heathers,Michael Lehmann,1989,Comedy,0 days 01:43:00,Coolidge Corner Theatre,2024-05-27,7:00 PM,13901,English,United States
Kind Hearts and Coronets,Robert Hamer,1949,Comedy,0 days 01:44:00,The Brattle,2024-05-27,12:00 PM,350908,English,United Kingdom
Beau Travail,Claire Denis,2000,Drama,0 days 01:32:00,The Brattle,2024-05-28,8:30 PM,415881,French,France
Late Spring,Yasujirō Ozu,1949,Drama,0 days 01:50:00,The Brattle,2024-05-28,6:00 PM,846329,Japanese,Japan
Whisper of the Heart,Yoshifumi Kondo,1995,Animation,0 days 01:51:00,Coolidge Corner Theatre,2024-05-28,7:00 PM,25382451,Japanese,Japan
A Woman Under the Influence,John Cassavetes,1974,Drama,0 days 02:35:00,The Brattle,2024-05-29,"4:00 PM, 7:30 PM",76643,English,United States
The Wind Rises,Hayao Miyazaki,2013,Drama,0 days 02:06:00,Coolidge Corner Theatre,2024-05-29,7:00 PM,37731694,Japanese,Japan
But I'm a Cheerleader,Jamie Babbit,2000,Comedy,0 days 01:25:00,The Brattle,2024-05-30,"5:00 PM, 7:00 PM",770156,English,United States
Train to Busan,Yeon Sang-ho,2016,Horror,0 days 01:58:00,Museum of Fine Arts,2024-05-30,7:00 PM,50461635,Korean,South Korea
Freaky Friday,Mark Waters,2003,Comedy,0 days 01:37:00,Coolidge Corner Theatre,2024-05-30,7:15 PM,2236324,English,United States
Martial Law,Steve Cohen,1990,Action,0 days 01:29:00,Coolidge Corner Theatre,2024-05-31,11:59 PM,18791040,English,United States
Return to Reason: Four Films by Man Ray,Man Ray,2024,Drama,0 days 01:10:00,The Brattle,2024-05-31,"4:30 PM, 9:00 PM",,,
Snowpiercer,Bong Joon-ho,2013,Action,0 days 02:07:00,Museum of Fine Arts,2024-05-31,7:00 PM,35816879,English,South Korea
Black Tight Killers,Yasuharu Hasebe,1966,Drama,0 days 01:27:00,Somerville Theatre,2024-06-01,11:59 PM,26249449,Japanese,Japan
Darkman,Sam Raimi,1990,Action,0 days 01:35:00,Coolidge Corner Theatre,2024-06-01,11:59 PM,1839695,English,United States
Nam June Paik: Moon Is the Oldest TV,Amanda Kim,2023,Documentary,0 days 01:50:00,Museum of Fine Arts,2024-06-01,2:30 PM,77814023,,
Minari,Lee Isaac Chung,2021,Drama,0 days 01:55:00,Museum of Fine Arts,2024-06-02,2:30 PM,61276724,Korean,United States
12 Angry Men,Sidney Lumet,1957,Drama,0 days 01:37:00,Coolidge Corner Theatre,2024-06-03,7:00 PM,92605,English,United States
Opponent,Milad Alami,2023,Drama,0 days 01:59:00,West Newton Cinema,2024-06-03,7:30 PM,74552614,Swedish,Sweden
Spider-Man: No Way Home,Jon Watts,2021,Action,0 days 02:28:00,Coolidge Corner Theatre,2024-06-03,9:30 PM,52239333,English,United States
Get Out,Jordan Peele,2017,Mystery,0 days 01:44:00,The Brattle,2024-06-04,7:00 PM,48526729,English,United States
Candyman,Bernard Rose,1992,Drama,0 days 01:40:00,The Brattle,2024-06-04,"4:45 PM, 9:15 PM",1256990,English,United States
Poison,Todd Haynes,1991,Horror,0 days 01:25:00,Coolidge Corner Theatre,2024-06-04,7:00 PM,7444907,English,United States
Rosemary's Baby,Roman Polanski,1968,Drama,0 days 02:18:00,The Brattle,2024-06-05,7:00 PM,9830229,English,United States
Get Out,Jordan Peele,2017,Mystery,0 days 01:44:00,The Brattle,2024-06-05,"4:45 PM, 9:45 PM",48526729,English,United States
Wayne's World,Penelope Spheeris,1992,Comedy,0 days 01:35:00,The Speedway,2024-06-05,8:00 PM,77744,English,United States
Purple Rain,Albert Magnoli,1984,Drama,0 days 01:51:00,The Brattle,2024-06-06,6:30 PM,226331,English,United States
Past Lives,Celine Song,2023,Drama,0 days 01:46:00,Museum of Fine Arts,2024-06-06,7:00 PM,72724981,English,South Korea
Prince: Sign O' the Times,Prince,1987,Music,0 days 01:24:00,The Brattle,2024-06-06,"4:30 PM, 9:00 PM",,,
Nostalgia,Andrei Tarkovsky,1983,Drama,0 days 02:05:00,The Brattle,2024-06-07,"4:00 PM, 7:00 PM",,,
School Daze,Spike Lee,1988,Comedy,0 days 02:01:00,Museum of Fine Arts,2024-06-07,7:00 PM,2851281,English,United States
Teenage Mutant Ninja Turtles,Steve Barron,1990,SciFi,0 days 01:33:00,Coolidge Corner Theatre,2024-06-07,11:59 PM,2323962,English,United States
Road to Boston,Kang Je-kyu,2023,Drama,0 days 01:53:00,Museum of Fine Arts,2024-06-08,2:30 PM,70494290,Korean,South Korea
Nostalgia,Andrei Tarkovsky,1983,Drama,0 days 02:05:00,The Brattle,2024-06-08,"4:00 PM, 7:00 PM",,,
Dick Tracy,Warren Beatty,1990,Adventure,0 days 01:45:00,Coolidge Corner Theatre,2024-06-08,11:59 PM,725984,English,United States
Nostalgia,Andrei Tarkovsky,1983,Drama,0 days 02:05:00,The Brattle,2024-06-09,"12:30 PM, 3:30 PM, 6:30 PM",,,
My Own Private Idaho,Gus Van Sant,1991,Drama,0 days 01:44:00,Coolidge Corner Theatre,2024-06-09,2:00 PM,605198,English,United States
"Kim Ji-young, Born 1982",Kim Do-young,2019,Drama,0 days 01:59:00,Museum of Fine Arts,2024-06-09,2:30 PM,64033010,Korean,South Korea
Nostalgia,Andrei Tarkovsky,1983,Drama,0 days 02:05:00,The Brattle,2024-06-10,"5:00 PM, 8:00 PM",,,
Rear Window,Alfred Hitchcock,1954,Thriller,0 days 01:55:00,Coolidge Corner Theatre,2024-06-10,7:00 PM,74577,English,United States
Funny Games,Michael Haneke,1997,Drama,0 days 01:49:00,The Brattle,2024-06-11,"4:30 PM, 9:30 PM",3870912,German,Austria
Us,Jordan Peele,2019,Horror,0 days 01:56:00,The Brattle,2024-06-11,7:00 PM,57371131,English,United States
Young Soul Rebels,Isaac Julien,1991,Drama,0 days 01:45:00,Coolidge Corner Theatre,2024-06-11,7:00 PM,9536996,English,United Kingdom
The Shining,Stanley Kubrick,1980,Horror,0 days 02:24:00,The Brattle,2024-06-12,6:00 PM,1186616,English,United Kingdom
Us,Jordan Peele,2019,Horror,0 days 01:56:00,The Brattle,2024-06-12,9:00 PM,57371131,English,United States
Spa Night,Andrew Ahn,2016,Drama,0 days 01:36:00,Museum of Fine Arts,2024-06-13,7:30 PM,49210494,Korean,United States
The Apple,Menahem Golan,1980,Fantasy,0 days 01:32:00,Capitol Theatre,2024-06-13,7:00 PM,5461234,English,United States
The Shining,Stanley Kubrick,1980,Horror,0 days 02:24:00,The Brattle,2024-06-13,6:00 PM,1186616,English,United Kingdom
Us,Jordan Peele,2019,Horror,0 days 01:56:00,The Brattle,2024-06-13,9:00 PM,57371131,English,United States
Selena,Gregory Nava,1997,Drama,0 days 02:07:00,Coolidge Corner Theatre,2024-06-13,7:00 PM,275547,English,United States
Street of Chance,Jack Hively,1942,Drama,0 days 01:14:00,The Brattle,2024-06-14,5:00 PM,3577967,English,United States
Never Open That Door,Carlos Hugo Christensen,1952,Drama,0 days 01:20:00,The Brattle,2024-06-14,7:00 PM,9911779,Spanish,Argentina
Parasite,Bong Joon-ho,2019,Comedy,0 days 02:13:00,Museum of Fine Arts,2024-06-14,7:00 PM,56746570,Korean,South Korea
V for Vendetta,James McTeigue,2006,Action,0 days 02:12:00,Coolidge Corner Theatre,2024-06-14,11:59 PM,1891886,English,United States
Watchmen,Zack Snyder,2009,Action,0 days 02:43:00,Coolidge Corner Theatre,2024-06-15,11:30 PM,5016250,English,United States
Hardly a Criminal,Hugo Fregonese,1949,Crime,0 days 01:28:00,The Brattle,2024-06-15,7:00 PM,8959508,Spanish,Argentina
Anselm,Wim Wenders,2023,Documentary,0 days 01:33:00,Museum of Fine Arts,2024-06-15,2:30 PM,73588916,German,Germany
Zero Focus,Yoshitaro Nomura,1961,Drama,0 days 01:35:00,The Brattle,2024-06-15,2:30 PM,13748529,Japanese,Japan
Across the Bridge,Ken Annakin,1957,Drama,0 days 01:43:00,The Brattle,2024-06-15,12:00 PM,24817139,English,United Kingdom
Black Tuesday,Hugo Fregonese,1954,Crime,0 days 01:20:00,The Brattle,2024-06-15,5:00 PM,2321684,English,United States
Union Station,Rudolph Maté,1950,Drama,0 days 01:21:00,The Brattle,2024-06-16,12:00 PM,4150566,English,United states
Cairo Station,Youssef Chahine,1958,Crime,0 days 01:26:00,The Brattle,2024-06-16,2:00 PM,25626519,Egyptian Arabic,United Arab Republic
Smog,Franco Rossi,1962,Drama,0 days 01:32:00,The Brattle,2024-06-16,4:30 PM,81148333,Italian,
City of Fear,Irving Lerner,1959,Thriller,0 days 01:21:00,The Brattle,2024-06-16,7:00 PM,35107447,English,United States
Elevator to the Gallows,Louis Malle,1958,Crime,0 days 01:31:00,The Brattle,2024-06-17,"5:00 PM, 7:15 PM",3837141,French,France
Field of Dreams,Phil Alden Robinson,1989,Drama,0 days 01:47:00,Coolidge Corner Theatre,2024-06-17,7:00 PM,129524,English,United States
Buck and the Preacher,Sidney Poitier,1972,Action,0 days 01:42:00,The Brattle,2024-06-18,4:00 PM,18764211,English,United States
Nope,Jordan Peele,2022,Horror,0 days 02:10:00,The Brattle,2024-06-18,6:15 PM,66260186,English,United States
Edward II,Derek Jarman,1991,History,0 days 01:30:00,Coolidge Corner Theatre,2024-06-18,7:00 PM,1306645,English,United Kingdom
Neon Genesis Evangelion: The End of Evangelion,"Hideaki Anno, Kazuya Tsurumaki",1997,Animation,0 days 01:27:00,The Brattle,2024-06-18,9:00 PM,1714278,Japanese,Japan
Buck and the Preacher,Sidney Poitier,1972,Action,0 days 01:42:00,The Brattle,2024-06-19,4:00 PM,18764211,English,United States
Nope,Jordan Peele,2022,Horror,0 days 02:10:00,The Brattle,2024-06-19,6:15 PM,66260186,English,United States
Neon Genesis Evangelion: The End of Evangelion,"Hideaki Anno, Kazuya Tsurumaki",1997,Animation,0 days 01:27:00,The Brattle,2024-06-19,9:00 PM,1714278,Japanese,Japan
Signs,M. Night Shyamalan,2002,Drama,0 days 01:46:00,The Brattle,2024-06-20,"4:00 PM, 6:30 PM",72453,English,United States
Nope,Jordan Peele,2022,Horror,0 days 02:10:00,The Brattle,2024-06-20,8:45 PM,66260186,English,United States
2001: A Space Odyssey,Stanley Kubrick,1968,SciFi,0 days 02:29:00,Somerville Theatre,2024-06-21,8:00 PM,23941708,English,United Kingdom
Fallen Leaves,Aki Kaurismäki,2023,Romance,0 days 01:21:00,The Brattle,2024-06-21,"4:30 PM, 6:30 PM",73726755,Finnish,Finland
Fallen Leaves,Aki Kaurismäki,2023,Romance,0 days 01:21:00,The Brattle,2024-06-21,"4:30 PM, 6:00 PM",73726755,Finnish,Finland
Cool World,Ralph Bakshi,1992,Animation,0 days 01:42:00,Coolidge Corner Theatre,2024-06-21,11:59 PM,600194,English,United States
Ravenous,Antonia Bird,1999,Adventure,0 days 01:41:00,The Brattle,2024-06-21,8:30 PM,874208,English,United Kingdom
Drive-Away Dolls,Ethan Coen,2024,Comedy,0 days 01:24:00,The Brattle,2024-06-22,"5:45 PM, 10:00 PM",70448628,English,United Kingdom
Mystery Men,Kinka Usher,1999,Adventure,0 days 02:01:00,Coolidge Corner Theatre,2024-06-22,11:59 PM,295757,English,United States
Inside the Yellow Cocoon Shell,Phạm Thiên Ân,2023,Drama,0 days 02:59:00,The Brattle,2024-06-22,12:00 PM,73900394,Vietnamese,Vietnam
Ben-Hur,William Wyler,1959,History,0 days 03:42:00,Somerville Theatre,2024-06-22,2:00 PM,1343342,English,United States
Grand Prix,John Frankenheimer,1966,Action,0 days 02:56:00,Somerville Theatre,2024-06-22,7:00 PM,970846,English,United States
Scanners,David Cronenberg,1981,SciFi,0 days 01:43:00,Somerville Theatre,2024-06-22,11:59 PM,378213,English,Canada
Love Lies Bleeding,Rose Glass,2024,Crime,0 days 01:44:00,The Brattle,2024-06-22,"3:30 PM, 7:45 PM",70547951,English,United Kingdom
Inside the Yellow Cocoon Shell,Phạm Thiên Ân,2023,Drama,0 days 02:59:00,The Brattle,2024-06-23,12:00 PM,73900394,Vietnamese,Vietnam
Raintree County,Edward Dmytryk,1957,Drama,0 days 03:08:00,Somerville Theatre,2024-06-23,2:00 PM,18549292,English,United States
In the Line of Fire,Wolfgang Petersen,1993,Action,0 days 02:08:00,Somerville Theatre,2024-06-23,6:30 PM,676054,English,United States
8 Days in August,Samuel Perriard,2024,Comedy,0 days 01:30:00,Coolidge Corner Theatre,2024-06-23,11:00 AM,,,
Perfect Days,Wim Wenders,2023,Drama,0 days 02:04:00,The Brattle,2024-06-23,"3:30 PM, 6:15 PM, 9:00 PM",73588582,Japanese,Japan
From Here to Eternity,Fred Zinnemann,1953,War,0 days 01:58:00,Embassy Theater,2024-06-24,7:15 PM,42293,English,United States
Late Night with the Devil,"Cameron Cairnes, Colin Cairnes",2024,Horror,0 days 01:33:00,The Brattle,2024-06-24,"5:00 PM, 9:00 PM",74072280,English,Australia
Invasion of the Body Snatchers,Don Siegel,1956,SciFi,0 days 01:20:00,Coolidge Corner Theatre,2024-06-24,7:00 PM,74394,English,United States
Immaculate,Michael Mohan,2024,Horror,0 days 01:29:00,The Brattle,2024-06-24,7:00 PM,73069391,English,United States
How to Have Sex,Molly Manning Walker,2023,Drama,0 days 01:31:00,The Brattle,2024-06-25,"5:00 PM, 9:00 PM",73659676,English,United Kingdom
Sometimes I Think About Dying,Rachel Lambert,2024,Romance,0 days 01:31:00,The Brattle,2024-06-25,7:00 PM,72800340,English,United States
Nowhere,Gregg Araki,1997,Comedy,0 days 01:23:00,Coolidge Corner Theatre,2024-06-25,7:00 PM,1223386,English,United States
Cléo from 5 to 7,Agnès Varda,1962,Drama,0 days 01:30:00,Coolidge Corner Theatre,2024-06-26,7:00 PM,3644380,French,France
Tótem,Lila Avilés,2023,Drama,0 days 01:35:00,The Brattle,2024-06-26,"4:45 PM, 7:00 PM",73002607,Spanish,Mexico
Charlie's Angels,McG,2000,Action,0 days 01:38:00,Coolidge Corner Theatre,2024-06-27,7:00 PM,342692,English,United States
The Beast,Bertrand Bonello,2024,Drama,0 days 02:27:00,The Brattle,2024-06-27,8:00 PM,71610564,French,France
La Chimera,Alice Rohrwacher,2023,Adventure,0 days 02:13:00,The Brattle,2024-06-27,5:15 PM,70104574,Italian,Italy
300,Zack Snyder,2007,Action,0 days 01:56:00,Coolidge Corner Theatre,2024-06-28,11:59 PM,2465797,English,United States
Sin City,"Robert Rodriguez, Frank Miller",2005,Thriller,0 days 02:04:00,Coolidge Corner Theatre,2024-06-29,11:59 PM,1336308,English,United States
Re-Animator,Stuart Gordon,1985,SciFi,0 days 01:26:00,Somerville Theatre,2024-06-29,11:59 PM,1129009,English,United States
The Brain That Wouldn't Die,Joseph Green,1962,Horror,0 days 01:22:00,Somerville Theatre,2024-06-30,1:40 PM,1771762,English,United States
Go Fish,Rose Troche,1994,Drama,0 days 01:23:00,Coolidge Corner Theatre,2024-06-30,2:00 PM,6721185,English,United States
Dracula vs. Frankenstein,Al Adamson,1971,Horror,0 days 01:31:00,Somerville Theatre,2024-06-30,12:00 PM,9267531,English,United States
Mask,Peter Bogdanovich,1985,Drama,0 days 02:00:00,Embassy Theater,2024-06-30,2:00 PM,442333,English,United States
Mask,Peter Bogdanovich,1985,Drama,0 days 02:00:00,Embassy Theater,2024-07-01,7:00 PM,442333,English,United States
Speed,Jan de Bont,1994,Action,0 days 01:56:00,Coolidge Corner Theatre,2024-07-01,7:00 PM,99123,English,United States
Pearl,Ti West,2022,Horror,0 days 01:42:00,The Brattle,2024-07-02,"5:00 PM, 9:30 PM",70324820,English,United States
Godzilla,Ishirō Honda,1954,Thriller,0 days 01:36:00,Coolidge Corner Theatre,2024-07-02,7:00 PM,12004,Japanese,Japan
X,Ti West,2022,Horror,0 days 01:46:00,The Brattle,2024-07-02,7:15 PM,66437544,English,United States
Jaws,Steven Spielberg,1975,Horror,0 days 02:04:00,The Brattle,2024-07-03,"3:00 PM, 6:00 PM, 9:00 PM",74830,English,United States
Jaws,Steven Spielberg,1975,Horror,0 days 02:04:00,The Brattle,2024-07-04,"1:00 PM, 4:00 PM, 7:00 PM",74830,English,United States
Blow Out,Brian De Palma,1981,Thriller,0 days 01:48:00,Coolidge Corner Theatre,2024-07-04,7:00 PM,1317987,English,United States
X,Ti West,2022,Horror,0 days 01:46:00,Coolidge Corner Theatre,2024-07-05,"11:59 PM, 11:59 PM",66437544,English,United States
Serial Mom,John Waters,1994,Comedy,0 days 01:34:00,Coolidge Corner Theatre,2024-07-05,11:59 PM,294520,English,United States
Pearl,Ti West,2022,Horror,0 days 01:42:00,Coolidge Corner Theatre,2024-07-06,11:59 PM,70324820,English,United States
Fright Night,Tom Holland,1985,Comedy,0 days 01:47:00,Somerville Theatre,2024-07-06,8:00 PM,1123132,English,United States
The Honeymoon Killers,Leonard Kastle,1970,Crime,0 days 01:48:00,Coolidge Corner Theatre,2024-07-06,11:59 PM,3048488,English,United States
Some Like It Hot,Billy Wilder,1959,Comedy,0 days 02:02:00,Coolidge Corner Theatre,2024-07-08,7:00 PM,76366,English,United States
Mothra vs. Godzilla,Ishirō Honda,1964,Drama,0 days 01:29:00,Coolidge Corner Theatre,2024-07-09,7:00 PM,570269,Japanese,Japan
The Rock,Michael Bay,1996,Action,0 days 02:17:00,Coolidge Corner Theatre,2024-07-10,8:00 PM,29785,English,United States
Rock 'n' Roll High School,Allan Arkush,1979,Comedy,0 days 01:33:00,Coolidge Corner Theatre,2024-07-11,7:00 PM,992419,English,United States
Strait-Jacket,William Castle,1964,Drama,0 days 01:33:00,Coolidge Corner Theatre,2024-07-12,11:59 PM,3954948,English,United States
Friday the 13th,Sean S. Cunningham,1980,Horror,0 days 01:35:00,Coolidge Corner Theatre,2024-07-13,11:59 PM,168958,English,United States
City of God,"Fernando Meirelles, Kátia Lund",2002,Drama,0 days 02:10:00,Coolidge Corner Theatre,2024-07-15,7:00 PM,461322,Portuguese,Brazil
Destroy All Monsters,Ishirō Honda,1968,SciFi,0 days 01:29:00,Coolidge Corner Theatre,2024-07-16,7:00 PM,11994,Japanese,Japan
Desperately Seeking Susan,Susan Seidelman,1985,Drama,0 days 01:44:00,The Brattle,2024-07-18,7:30 PM,2019025,English,United States
Cruel Intentions,Roger Kumble,1999,Drama,0 days 01:38:00,Coolidge Corner Theatre,2024-07-18,7:00 PM,93559,English,United States
All About Evil,Joshua Grannell,2010,Horror,0 days 01:38:00,Coolidge Corner Theatre,2024-07-19,11:59 PM,27649189,English,United States
Office Killer,Cindy Sherman,1997,Horror,0 days 01:22:00,Coolidge Corner Theatre,2024-07-20,11:59 PM,1146934,English,United States
Robot Dreams,Pablo Berger,2023,Animation,0 days 01:42:00,The Brattle,2024-07-20,6:30 PM,74621258,,Spain
Godzilla vs. Hedorah,Yoshimitsu Banno,1971,Action,0 days 01:25:00,Coolidge Corner Theatre,2024-07-23,7:00 PM,570231,Japanese,Japan
Dirty Dancing,Emile Ardolino,1987,Drama,0 days 01:40:00,Coolidge Corner Theatre,2024-07-25,7:00 PM,680361,English,United States
Bride of Chucky,Ronny Yu,1998,Comedy,0 days 01:29:00,Coolidge Corner Theatre,2024-07-26,11:59 PM,30865068,English,United States
Jennifer's Body,Karyn Kusama,2009,Horror,0 days 01:47:00,Coolidge Corner Theatre,2024-07-27,11:59 PM,15713038,English,United States
Black Narcissus,"Emeric Pressburger, Michael Powell",1947,Drama,0 days 01:40:00,The Brattle,2024-07-27,"12:00 PM, 5:00 PM",46757,English,United Kingdom
They Live,John Carpenter,1988,SciFi,0 days 01:33:00,Somerville Theatre,2024-07-27,11:59 PM,342556,English,United States
The Killer Shrews,Ray Kellogg,1959,Horror,0 days 01:09:00,Somerville Theatre,2024-07-28,1:20 PM,6551671,English,United States
Bride of the Gorilla,Curt Siodmak,1951,Horror,0 days 01:10:00,Somerville Theatre,2024-07-28,12:00 PM,6708534,English,United States
The Red Shoes,"Emeric Pressburger, Michael Powell",1948,Drama,0 days 02:13:00,The Brattle,2024-07-28,3:45 PM,60169,English,United Kingdom
Total Recall,Paul Verhoeven,1990,Action,0 days 01:53:00,Coolidge Corner Theatre,2024-07-29,7:00 PM,55325,English,United States
Funny Girl,William Wyler,1968,Comedy,0 days 02:35:00,The Brattle,2024-07-29,6:30 PM,12064241,English,United States
Terror of Mechagodzilla,Ishirō Honda,1975,SciFi,0 days 01:23:00,Coolidge Corner Theatre,2024-07-30,7:00 PM,12001,Japanese,
Oliver!,Carol Reed,1968,Drama,0 days 02:33:00,The Brattle,2024-07-30,"3:30 PM, 7:00 PM",4836572,English,United Kingdom
The Beguiled,Sofia Coppola,2017,Drama,0 days 01:33:00,The Brattle,2024-07-31,8:00 PM,51081025,English,United States
Godzilla 2000: Millennium,Takao Okawara,1999,Action,0 days 01:47:00,The Greenway,2024-07-31,8:00 PM,1630493,Japanese,Japan
Wake in Fright,Ted Kotcheff,1971,Drama,0 days 01:49:00,The Brattle,2024-08-01,"4:30 PM, 9:30 PM",10454813,English,Australia
Sorcerer,William Friedkin,1977,Thriller,0 days 02:01:00,The Brattle,2024-08-01,7:00 PM,447139,English,United States
E.T. the Extra-Terrestrial,Steven Spielberg,1982,SciFi,0 days 01:55:00,Capitol Theatre,2024-08-01,7:30 PM,73441,English,United States
Army of Darkness,Sam Raimi,1992,Fantasy,0 days 01:21:00,Coolidge Corner Theatre,2024-08-02,11:59 PM,3217,English,United States
I Heard It Through the Grapevine,"Dick Fontaine, Pat Hartley",1982,Documentary,0 days 01:32:00,The Brattle,2024-08-02,7:00 PM,80145027,English,United Kingdom
If Beale Street Could Talk,Barry Jenkins,2018,Romance,0 days 02:00:00,The Brattle,2024-08-02,4:30 PM,54515886,English,United States
World of Tomorrow,Don Hertzfeldt,2015,Animation,0 days 00:17:00,The Brattle,2024-08-02,10:00 PM,,,
World of Tomorrow,Don Hertzfeldt,2015,Animation,0 days 00:17:00,The Brattle,2024-08-03,"12:00 PM, 9:30 PM",,,
Menus-Plaisirs - Les Troisgros,Frederick Wiseman,2023,Documentary,0 days 04:00:00,Museum of Fine Arts,2024-08-03,12:30 PM,76603481,French,France
If Beale Street Could Talk,Barry Jenkins,2018,Romance,0 days 02:00:00,The Brattle,2024-08-03,2:30 PM,54515886,English,United States
I Heard It Through the Grapevine,"Dick Fontaine, Pat Hartley",1982,Documentary,0 days 01:32:00,The Brattle,2024-08-03,5:00 PM,80145027,English,United Kingdom
I Am Not Your Negro,Raoul Peck,2017,Documentary,0 days 01:33:00,The Brattle,2024-08-03,7:00 PM,51708233,English,United States
Reign of Fire,Rob Bowman,2002,Adventure,0 days 01:41:00,Coolidge Corner Theatre,2024-08-03,11:59 PM,164698,English,United States
Klute,Alan J. Pakula,1971,Thriller,0 days 01:54:00,Somerville Theatre,2024-08-03,11:59 PM,223902,English,United States
"Jeanne Dielman, 23, quai du Commerce, 1080 Bruxelles",Chantal Akerman,1976,Drama,0 days 03:22:00,The Brattle,2024-08-04,6:30 PM,13889076,French,Belgium
I Heard It Through the Grapevine,"Dick Fontaine, Pat Hartley",1982,Documentary,0 days 01:32:00,The Brattle,2024-08-04,2:15 PM,80145027,English,United Kingdom
World of Tomorrow,Don Hertzfeldt,2015,Animation,0 days 00:17:00,The Brattle,2024-08-04,12:00 PM,,,
I Am Not Your Negro,Raoul Peck,2017,Documentary,0 days 01:33:00,The Brattle,2024-08-04,4:15 PM,51708233,English,United States
Tommy,Ken Russell,1975,Drama,0 days 01:51:00,The Brattle,2024-08-05,6:30 PM,1221714,English,United Kingdom
Being John Malkovich,Spike Jonze,1999,Comedy,0 days 01:53:00,Coolidge Corner Theatre,2024-08-05,7:00 PM,349941,English,United States
Let the Good Times Roll,"Sidney Levin, Robert Abel",1973,Documentary,0 days 01:39:00,The Brattle,2024-08-06,6:30 PM,33265976,English,United States
Election,Alexander Payne,1999,Comedy,0 days 01:43:00,Coolidge Corner Theatre,2024-08-06,7:00 PM,689969,English,United States
Wattstax,Mel Stuart,1973,Music,0 days 01:38:00,The Brattle,2024-08-06,"4:15 PM, 8:45 PM",1415007,English,United States
The Bling Ring,Sofia Coppola,2013,Drama,0 days 01:30:00,The Brattle,2024-08-07,"5:00 PM, 9:15 PM",36495174,English,France
Somewhere,Sofia Coppola,2010,Drama,0 days 01:38:00,The Brattle,2024-08-07,7:00 PM,23734853,English,United States
Scooby-Doo,Raja Gosnell,2002,Mystery,0 days 01:27:00,The Speedway,2024-08-07,8:00 PM,1072075,English,United States
Toni Erdmann,Maren Ade,2016,Comedy,0 days 02:42:00,Goethe-Institut,2024-08-07,8:00 PM,50174610,German,Germany
Dog Day Afternoon,Sidney Lumet,1975,Crime,0 days 02:05:00,The Brattle,2024-08-08,"3:30 PM, 8:30 PM",101914,English,United States
In the Heat of the Night,Norman Jewison,1967,Crime,0 days 01:49:00,The Brattle,2024-08-08,6:00 PM,1715414,English,United States
The Taking of Pelham One Two Three,Joseph Sargent,1974,Crime,0 days 01:44:00,Coolidge Corner Theatre,2024-08-08,7:00 PM,955409,English,United States
Wet Hot American Summer,David Wain,2001,Comedy,0 days 01:37:00,Capitol Theatre,2024-08-08,7:30 PM,426761,English,United States
Saboteur,Alfred Hitchcock,1942,Thriller,0 days 01:48:00,The Brattle,2024-08-09,"3:30 PM, 8:30 PM",1576720,English,United States
Rebecca,Alfred Hitchcock,1940,Mystery,0 days 02:10:00,The Brattle,2024-08-09,6:00 PM,1259785,English,United States
Dragonslayer,Matthew Robbins,1981,Fantasy,0 days 01:48:00,Coolidge Corner Theatre,2024-08-09,11:59 PM,887388,English,United States
Vertigo,Alfred Hitchcock,1958,Mystery,0 days 02:09:00,The Brattle,2024-08-10,"3:30 PM, 9:00 PM",76617,English,United States
North by Northwest,Alfred Hitchcock,1959,Mystery,0 days 02:16:00,The Brattle,2024-08-10,"12:30 PM, 6:15 PM",73412,English,United States
Knowing,Alex Proyas,2009,Action,0 days 02:01:00,Somerville Theatre,2024-08-10,11:59 PM,17544255,English,United States
The Church,Michele Soavi,1989,Horror,0 days 01:42:00,Coolidge Corner Theatre,2024-08-10,11:59 PM,11680456,,Italy
Our Hospitality,"Buster Keaton, John G. Blystone",1923,Comedy,0 days 01:13:00,West Newton Cinema,2024-08-11,1:30 PM,2685258,Silent,United States
Sherlock Jr.,Buster Keaton,1924,Action,0 days 00:45:00,West Newton Cinema,2024-08-11,1:00 PM,76346,Silent,United States
To Catch a Thief,Alfred Hitchcock,1955,Mystery,0 days 01:46:00,The Brattle,2024-08-11,"12:30 PM, 5:45 PM",239009,English,United States
All About My Mother,Pedro Almodóvar,1999,Comedy,0 days 01:41:00,Coolidge Corner Theatre,2024-08-11,2:00 PM,61664,Spanish,Spain
North by Northwest,Alfred Hitchcock,1959,Mystery,0 days 02:16:00,The Brattle,2024-08-11,"2:45 PM, 8:00 PM",73412,English,United States
La Bamba,Luis Valdez,1987,Drama,0 days 01:48:00,The Brattle,2024-08-12,"3:45 PM, 8:30 PM",307080,English,United States
The Buddy Holly Story,Steve Rash,1978,Drama,0 days 01:54:00,The Brattle,2024-08-12,6:00 PM,164359,English,United States
The Big Lebowski,"Joel Coen, Ethan Coen",1998,Comedy,0 days 01:57:00,Coolidge Corner Theatre,2024-08-12,7:00 PM,29782,English,United States
Dirty Dancing,Emile Ardolino,1987,Drama,0 days 01:40:00,Somerville Theatre,2024-08-12,7:30 PM,680361,English,United States
No Way Out,Roger Donaldson,1987,Thriller,0 days 01:54:00,Somerville Theatre,2024-08-13,7:30 PM,886560,English,United States
The Insider,Michael Mann,1999,Drama,0 days 02:38:00,Coolidge Corner Theatre,2024-08-13,7:00 PM,142469,English,United States
Good One,India Donaldson,2024,Drama,0 days 01:30:00,Coolidge Corner Theatre,2024-08-13,7:15 PM,76824251,English,United States
American Pop,Ralph Bakshi,1981,Animation,0 days 01:36:00,The Brattle,2024-08-13,7:00 PM,2040976,English,United States
Heavy Metal,Gerald Potterton,1981,Animation,0 days 01:30:00,The Brattle,2024-08-13,"5:00 PM, 9:00 PM",155303,English,Canada
Go,Doug Liman,1999,Crime,0 days 01:38:00,Coolidge Corner Theatre,2024-08-14,7:00 PM,585172,English,United States
"sex, lies, and videotape",Steven Soderbergh,1989,Drama,0 days 01:41:00,Somerville Theatre,2024-08-14,7:30 PM,384990,English,United States
I'm Your Man,Maria Schrader,2021,SciFi,0 days 01:48:00,Goethe-Institut,2024-08-14,8:00 PM,66717120,German,Germany
Marie Antoinette,Sofia Coppola,2006,Drama,0 days 02:03:00,The Brattle,2024-08-14,8:00 PM,2701261,English,France
Bird,Clint Eastwood,1988,Drama,0 days 02:41:00,Coolidge Corner Theatre,2024-08-15,7:00 PM,2378500,English,United States
Moonrise Kingdom,Wes Anderson,2012,Comedy,0 days 01:34:00,Capitol Theatre,2024-08-15,7:30 PM,31462588,English,United States
Do the Right Thing,Spike Lee,1989,Drama,0 days 02:00:00,The Brattle,2024-08-15,6:30 PM,73428,English,United States
Falling Down,Joel Schumacher,1993,Crime,0 days 01:53:00,The Brattle,2024-08-15,"4:00 PM, 9:00 PM",19625929,English,United States
Knightriders,George A. Romero,1981,Action,0 days 02:27:00,Coolidge Corner Theatre,2024-08-16,11:30 PM,2846126,English,United States
Caligula: The Ultimate Cut,Tinto Brass,2023,Drama,0 days 02:53:00,Somerville Theatre,2024-08-16,9:30 PM,,,
Pretty Woman,Garry Marshall,1990,Comedy,0 days 01:59:00,Somerville Theatre,2024-08-16,7:00 PM,156745,English,United States
Monty Python and the Holy Grail,"Terry Jones, Terry Gilliam",1975,Adventure,0 days 01:31:00,Coolidge Corner Theatre,2024-08-17,11:59 PM,19701,English,United Kingdom
Basic Instinct,Paul Verhoeven,1992,Thriller,0 days 02:08:00,Somerville Theatre,2024-08-17,7:00 PM,481649,English,United States
Sliver,Phillip Noyce,1993,Drama,0 days 01:48:00,Somerville Theatre,2024-08-17,9:20 PM,11059900,English,United States
Wings,William A. Wellman,1927,Drama,0 days 02:24:00,Somerville Theatre,2024-08-18,12:30 PM,61046,Silent,United States
Thelma & Louise,Ridley Scott,1991,Drama,0 days 02:10:00,Somerville Theatre,2024-08-18,7:00 PM,106117,English,United States
Beau Travail,Claire Denis,2000,Drama,0 days 01:32:00,Coolidge Corner Theatre,2024-08-18,2:00 PM,415881,French,France
The Crush,Alan Shapiro,1993,Drama,0 days 01:29:00,Somerville Theatre,2024-08-19,8:45 PM,805037,English,United States
"The 5,000 Fingers of Dr. T.",Roy Rowland,1953,Family,0 days 01:29:00,The Brattle,2024-08-19,"4:00 PM, 8:30 PM",1314961,English,United States
Annie,John Huston,1982,Comedy,0 days 02:07:00,The Brattle,2024-08-19,6:00 PM,12823099,English,United States
Poison Ivy,Katt Shea,1992,Thriller,0 days 01:32:00,Somerville Theatre,2024-08-19,7:00 PM,555857,English,United States
Jade,William Friedkin,1995,Mystery,0 days 01:35:00,Somerville Theatre,2024-08-20,9:00 PM,4032134,English,United States
Annie,John Huston,1982,Comedy,0 days 02:07:00,The Brattle,2024-08-20,4:00 PM,12823099,English,United States
The Last Seduction,John Dahl,1994,Thriller,0 days 01:50:00,Somerville Theatre,2024-08-20,7:00 PM,664496,English,United States
School Daze,Spike Lee,1988,Comedy,0 days 02:01:00,The Brattle,2024-08-20,"7:00 PM, 9:30 PM",2851281,English,United States
Run Lola Run,Tom Tykwer,1998,Action,0 days 01:21:00,Goethe-Institut,2024-08-21,8:00 PM,462764,German,Germany
Showgirls,Paul Verhoeven,1995,Drama,0 days 02:11:00,Somerville Theatre,2024-08-21,7:00 PM,93760,English,United States
You Don't Nomi,Jeffrey McHale,2019,Documentary,0 days 01:32:00,Somerville Theatre,2024-08-21,9:30 PM,64244981,English,United States
Lost in Translation,Sofia Coppola,2003,Drama,0 days 01:42:00,The Brattle,2024-08-21,"4:30 PM, 7:00 PM, 9:15 PM",369682,English,United States
Apollo 13,Ron Howard,1995,Drama,0 days 02:20:00,The Greenway,2024-08-21,8:00 PM,142417,English,United States
Sorcerer,William Friedkin,1977,Thriller,0 days 02:01:00,Coolidge Corner Theatre,2024-08-22,7:00 PM,447139,English,United States
The Texas Chain Saw Massacre,Tobe Hooper,1974,Horror,0 days 01:23:00,The Brattle,2024-08-22,5:00 PM,29781,English,United States
Mamma Mia!,Phyllida Lloyd,2008,Comedy,0 days 01:48:00,Capitol Theatre,2024-08-22,7:30 PM,8425661,English,United States
Phantom Thread,Paul Thomas Anderson,2017,Drama,0 days 02:10:00,West Newton Cinema,2024-08-22,6:00 PM,50733205,English,United States
Shoeshine,Vittorio De Sica,1946,Drama,0 days 01:31:00,The Brattle,2024-08-23,4:30 PM,6616873,Italian,Italy
Bad Lieutenant,Abel Ferrara,1992,Crime,0 days 01:36:00,Coolidge Corner Theatre,2024-08-23,11:59 PM,1238102,English,United States
Highlander,Russell Mulcahy,1986,Adventure,0 days 01:56:00,Coolidge Corner Theatre,2024-08-23,11:59 PM,4440277,English,United Kingdom
The Texas Chain Saw Massacre,Tobe Hooper,1974,Horror,0 days 01:23:00,Somerville Theatre,2024-08-23,8:00 PM,29781,English,United States
The Texas Chainsaw Massacre 2,Tobe Hooper,1986,Horror,0 days 01:40:00,Somerville Theatre,2024-08-24,11:59 PM,397753,English,United States
Dangerous Game,Abel Ferrara,1993,Drama,0 days 01:48:00,Coolidge Corner Theatre,2024-08-24,11:59 PM,8777894,English,United States
Legend,Ridley Scott,1985,Adventure,0 days 01:34:00,Coolidge Corner Theatre,2024-08-24,11:59 PM,922084,English,United States
Thieves Like Us,Robert Altman,1974,Crime,0 days 02:03:00,The Brattle,2024-08-25,3:00 PM,4539015,English,United States
The Phantom Creeps,"Ford Beebe, Saul A. Goodkind",1939,SciFi,0 days 04:25:00,Somerville Theatre,2024-08-25,12:30 PM,6365441,English,United States
The Devil Bat,Jean Yarbrough,1940,Horror,0 days 01:08:00,Somerville Theatre,2024-08-25,2:00 PM,3906544,English,United States
Last Embrace,Jonathan Demme,1979,Thriller,0 days 01:42:00,The Brattle,2024-08-25,6:00 PM,6715066,English,United States
Inside Man,Spike Lee,2006,Crime,0 days 02:09:00,Coolidge Corner Theatre,2024-08-26,7:00 PM,3592692,English,United States
Bound,"Lana Wachowski, Lilly Wachowski",1996,Drama,0 days 01:45:00,Somerville Theatre,2024-08-26,7:30 PM,249838,English,United States
Across the Universe,Julie Taymor,2007,Drama,0 days 02:13:00,The Brattle,2024-08-26,"6:00 PM, 9:00 PM",4399897,English,United States
Boxing Helena,Jennifer Lynch,1993,Drama,0 days 01:47:00,Somerville Theatre,2024-08-27,9:00 PM,77460,English,United States
Pee-wee's Big Adventure,Tim Burton,1985,Comedy,0 days 01:31:00,The Brattle,2024-08-27,6:00 PM,432236,English,United States
Bringing Out the Dead,Martin Scorsese,1999,Drama,0 days 02:01:00,Coolidge Corner Theatre,2024-08-27,7:00 PM,348356,English,United States
Walk Hard: The Dewey Cox Story,Jake Kasdan,2007,Comedy,0 days 01:36:00,The Brattle,2024-08-27,8:30 PM,9264215,English,United States
Crash,David Cronenberg,1996,Drama,0 days 01:40:00,Somerville Theatre,2024-08-27,7:00 PM,2077360,English,Canada
Lost Highway,David Lynch,1997,Drama,0 days 02:14:00,Somerville Theatre,2024-08-28,7:00 PM,204839,English,United States
The Virgin Suicides,Sofia Coppola,2000,Drama,0 days 01:37:00,The Brattle,2024-08-28,"4:30 PM, 7:00 PM, 9:15 PM",3610087,English,United States
All Quiet on the Western Front,Edward Berger,2022,Drama,0 days 02:27:00,Goethe-Institut,2024-08-28,8:00 PM,68924608,German,Germany
Magnolia,Paul Thomas Anderson,1999,Drama,0 days 03:09:00,Coolidge Corner Theatre,2024-08-28,7:00 PM,231829,English,United States
Pirates of the Caribbean: The Curse of the Black Pearl,Gore Verbinski,2003,Adventure,0 days 02:23:00,Coolidge Corner Theatre,2024-08-29,7:00 PM,321496,English,United States
The Talented Mr. Ripley,Anthony Minghella,1999,Thriller,0 days 02:20:00,The Brattle,2024-08-29,"3:15 PM, 8:30 PM",536009,English,United States
Purple Noon,René Clément,1960,Crime,0 days 01:55:00,The Brattle,2024-08-29,6:00 PM,1279798,French,France
The Shining,Stanley Kubrick,1980,Horror,0 days 02:24:00,The Brattle,2024-08-30,8:00 PM,1186616,English,United Kingdom
Cruel Intentions,Roger Kumble,1999,Drama,0 days 01:38:00,Somerville Theatre,2024-08-30,7:00 PM,93559,English,United States
Wild Things,John McNaughton,1998,Mystery,0 days 01:55:00,Somerville Theatre,2024-08-30,8:00 PM,423372,English,United States
Wild Things,John McNaughton,1998,Mystery,0 days 01:55:00,Somerville Theatre,2024-08-30,9:00 PM,423372,English,United States
Time Masters,René Laloux,1982,Animation,0 days 01:18:00,The Brattle,2024-08-30,6:00 PM,,,
A Knight's Tale,Brian Helgeland,2001,Adventure,0 days 02:12:00,Coolidge Corner Theatre,2024-08-30,11:59 PM,65669,English,United States
Eyes Wide Shut,Stanley Kubrick,1999,Drama,0 days 02:39:00,Somerville Theatre,2024-08-31,7:30 PM,9979,English,United Kingdom
Nashville,Robert Altman,1975,Drama,0 days 02:40:00,The Brattle,2024-08-31,4:15 PM,75259,English,United States
The Terminator,James Cameron,1984,Action,0 days 01:48:00,Somerville Theatre,2024-08-31,11:59 PM,30327,English,United States
Twilight of the Ice Nymphs,Guy Maddin,1997,Fantasy,0 days 01:31:00,The Brattle,2024-08-31,9:30 PM,4494129,English,Canada
The Dark Knight,Christopher Nolan,2008,Drama,0 days 02:32:00,Coolidge Corner Theatre,2024-08-31,11:30 PM,4276475,English,United States
Brewster McCloud,Robert Altman,1970,Comedy,0 days 01:45:00,The Brattle,2024-08-31,2:00 PM,1436649,English,
Roxanne,Fred Schepisi,1987,Comedy,0 days 01:47:00,The Brattle,2024-09-03,7:00 PM,574768,English,United States
Popeye,Robert Altman,1980,Action,0 days 01:54:00,The Brattle,2024-09-03,4:30 PM,1339188,English,United States
Napoleon Dynamite,Jared Hess,2004,Comedy,0 days 01:35:00,The Speedway,2024-09-04,8:00 PM,882119,English,United States
Hundreds of Beavers,Mike Cheslik,2024,Comedy,0 days 01:48:00,Somerville Theatre,2024-09-04,7:30 PM,76208655,English,United States
The Portrait of a Lady,Jane Campion,1996,Drama,0 days 02:24:00,The Brattle,2024-09-04,6:30 PM,887135,English,United Kingdom
Brewster McCloud,Robert Altman,1970,Comedy,0 days 01:45:00,The Brattle,2024-09-04,4:15 PM,1436649,English,
Hairspray,John Waters,1988,Comedy,0 days 01:32:00,Coolidge Corner Theatre,2024-09-05,7:00 PM,1613987,English,United States
Showgirls,Paul Verhoeven,1995,Drama,0 days 02:11:00,Coolidge Corner Theatre,2024-09-06,11:59 PM,93760,English,United States
The Master,Paul Thomas Anderson,2012,Drama,0 days 02:17:00,Coolidge Corner Theatre,2024-09-06,7:30 PM,31960682,English,United States
The Last Movie,Dennis Hopper,1971,Drama,0 days 01:48:00,Harvard Film Archive,2024-09-06,9:15 PM,6228904,English,United States
The Trip,Roger Corman,1967,Drama,0 days 01:25:00,Harvard Film Archive,2024-09-06,7:00 PM,696925,English,United States
The Shooting,Monte Hellman,1966,Western,0 days 01:22:00,Harvard Film Archive,2024-09-07,7:00 PM,2294746,English,United States
2001: A Space Odyssey,Stanley Kubrick,1968,SciFi,0 days 02:29:00,Coolidge Corner Theatre,2024-09-07,7:30 PM,23941708,English,United Kingdom
3 Women,Robert Altman,1977,Drama,0 days 02:04:00,Harvard Film Archive,2024-09-07,9:00 PM,2798805,English,United States
Mac and Me,Stewart Raffill,1988,Family,0 days 01:35:00,Coolidge Corner Theatre,2024-09-07,11:59 PM,2525385,English,United States
Midnight Cowboy,John Schlesinger,1969,Drama,0 days 01:53:00,Somerville Theatre,2024-09-07,11:59 PM,42147,English,United States
Le Deuxième Souffle,Jean-Pierre Melville,1966,Action,0 days 02:30:00,Harvard Film Archive,2024-09-08,7:00 PM,18487088,French,France
A Man Escaped,Robert Bresson,1956,Drama,0 days 01:41:00,Harvard Film Archive,2024-09-08,3:00 PM,2819346,French,France
Airport,George Seaton,1970,Action,0 days 02:17:00,Coolidge Corner Theatre,2024-09-08,2:00 PM,99459,English,United States
King Kong,"Merian C. Cooper, Ernest B. Schoedsack",1933,Adventure,0 days 01:44:00,The Brattle,2024-09-08,12:00 PM,16782,English,United States
Withnail & I,Bruce Robinson,1987,Comedy,0 days 01:48:00,The Brattle,2024-09-09,9:30 PM,343404,English,United Kingdom
Empire of the Sun,Steven Spielberg,1987,Drama,0 days 02:33:00,Coolidge Corner Theatre,2024-09-09,7:00 PM,146077,English,United States
The Loveless,"Monty Montgomery, Kathryn Bigelow",1984,Drama,0 days 01:22:00,The Brattle,2024-09-10,6:30 PM,,,
The Master,Paul Thomas Anderson,2012,Drama,0 days 02:17:00,Coolidge Corner Theatre,2024-09-10,7:30 PM,31960682,English,United States
Ms .45,Abel Ferrara,1981,Crime,0 days 01:21:00,The Brattle,2024-09-10,9:00 PM,2255173,English,United States
The Warriors,Walter Hill,1979,Action,0 days 01:34:00,The Brattle,2024-09-11,"3:30 PM, 6:00 PM",1173571,English,United States
The Rose King,Werner Schroeter,1986,Drama,0 days 01:46:00,MassArt,2024-09-11,4:30 PM,,,
A Clockwork Orange,Stanley Kubrick,1971,SciFi,0 days 02:17:00,The Brattle,2024-09-11,8:15 PM,1659954,English,United Kingdom
2001: A Space Odyssey,Stanley Kubrick,1968,SciFi,0 days 02:29:00,Coolidge Corner Theatre,2024-09-11,7:30 PM,23941708,English,United Kingdom
The Old Oak,Ken Loach,2023,Drama,0 days 01:53:00,West Newton Cinema,2024-09-12,6:00 PM,73635750,English,Belgium
King Kong,"Merian C. Cooper, Ernest B. Schoedsack",1933,Adventure,0 days 01:44:00,The Brattle,2024-09-12,6:00 PM,16782,English,United States
Troll 2,Claudio Fragasso,1990,Horror,0 days 01:35:00,Capitol Theatre,2024-09-12,7:00 PM,2786477,English,Italy
A Clockwork Orange,Stanley Kubrick,1971,SciFi,0 days 02:17:00,The Brattle,2024-09-12,8:15 PM,1659954,English,United Kingdom
Eraserhead,David Lynch,1978,Horror,0 days 01:29:00,Coolidge Corner Theatre,2024-09-12,9:55 PM,36814246,English,United States
To Have and Have Not,Howard Hawks,1945,Adventure,0 days 01:40:00,The Brattle,2024-09-13,5:30 PM,1971307,English,United States
Vertigo,Alfred Hitchcock,1958,Mystery,0 days 02:09:00,Coolidge Corner Theatre,2024-09-13,7:30 PM,76617,English,United States
Fresh Kill,Shu Lea Cheang,1996,SciFi,0 days 01:20:00,The Brattle,2024-09-13,8:00 PM,64275988,English,United Kingdom
Friday the 13th: The Final Chapter,Joseph Zito,1984,Horror,0 days 01:31:00,Rocky Woods,2024-09-13,8:00 PM,2546429,English,United States
Touchez Pas au Grisbi,Jacques Becker,1954,Crime,0 days 01:35:00,Harvard Film Archive,2024-09-13,9:00 PM,3654148,French,France
Jason X,James Isaac,2001,Horror,0 days 01:31:00,Rocky Woods,2024-09-13,9:30 PM,2269465,English,United States
Glen or Glenda,Edward D. Wood Jr.,1953,Drama,0 days 01:11:00,Coolidge Corner Theatre,2024-09-13,11:59 PM,13154,English,United States
Bob le Flambeur,Jean-Pierre Melville,1956,Drama,0 days 01:43:00,Harvard Film Archive,2024-09-13,7:00 PM,2482275,French,France
The Outlaw Josey Wales,Clint Eastwood,1976,Western,0 days 02:15:00,Somerville Theatre,2024-09-14,11:59 PM,75270,English,United States
Miami Connection,"Y.K. Kim, Richard Park Wu-sang",1987,Action,0 days 01:26:00,Coolidge Corner Theatre,2024-09-14,11:59 PM,37471880,English,United States
Le Doulos,Jean-Pierre Melville,1962,Drama,0 days 01:48:00,Harvard Film Archive,2024-09-14,9:00 PM,5092969,French,France
Once Upon a Time... in Hollywood,Quentin Tarantino,2019,Comedy,0 days 02:42:00,Coolidge Corner Theatre,2024-09-14,7:30 PM,56717294,English,United States
Un Flic,Jean-Pierre Melville,1972,Crime,0 days 01:40:00,Harvard Film Archive,2024-09-14,7:00 PM,3819103,French,France
Dark Passage,Delmer Daves,1947,Romance,0 days 01:46:00,The Brattle,2024-09-14,4:45 PM,1668866,English,United States
The Big Sleep,Howard Hawks,1946,Mystery,0 days 01:54:00,The Brattle,2024-09-14,2:15 PM,1645598,English,United States
To Have and Have Not,Howard Hawks,1945,Adventure,0 days 01:40:00,The Brattle,2024-09-14,12:00 PM,1971307,English,United States
Key Largo,John Huston,1948,Crime,0 days 01:40:00,The Brattle,2024-09-14,7:00 PM,1397142,English,United States
Le Cercle Rouge,Jean-Pierre Melville,1970,Crime,0 days 02:20:00,Harvard Film Archive,2024-09-15,7:00 PM,2498993,French,France
Dogville,Lars von Trier,2003,Crime,0 days 02:58:00,The Brattle,2024-09-15,7:30 PM,397310,English,Denmark
Hackers,Iain Softley,1995,Action,0 days 01:47:00,Somerville Theatre,2024-09-15,6:00 PM,40852758,English,United States
Alice in Wonderland,"Clyde Geronimi, Wilfred Jackson, Hamilton Luske",1951,Animation,0 days 01:15:00,Harvard Film Archive,2024-09-15,3:00 PM,769066,English,United States
Written on the Wind,Douglas Sirk,1956,Drama,0 days 01:39:00,The Brattle,2024-09-15,2:30 PM,1365472,English,United States
Lawrence of Arabia,David Lean,1962,Adventure,0 days 03:48:00,Coolidge Corner Theatre,2024-09-15,2:00 PM,43452,English,United Kingdom
How to Marry a Millionaire,Jean Negulesco,1953,Comedy,0 days 01:35:00,The Brattle,2024-09-15,4:45 PM,911882,English,United States
Key Largo,John Huston,1948,Crime,0 days 01:40:00,The Brattle,2024-09-15,12:00 PM,1397142,English,United States
The Big Sleep,Howard Hawks,1946,Mystery,0 days 01:54:00,The Brattle,2024-09-16,5:30 PM,1645598,English,United States
The Straight Story,David Lynch,1999,Drama,0 days 01:52:00,Coolidge Corner Theatre,2024-09-16,7:00 PM,31351,English,United States
Wheel of Fortune and Fantasy,Ryūsuke Hamaguchi,2021,Drama,0 days 02:01:00,Harvard Film Archive,2024-09-16,7:00 PM,66730589,Japanese,Japan
Harper,Jack Smight,1966,Mystery,0 days 02:01:00,The Brattle,2024-09-16,8:00 PM,6646087,English,United States
Vertigo,Alfred Hitchcock,1958,Mystery,0 days 02:09:00,Coolidge Corner Theatre,2024-09-17,7:30 PM,76617,English,United States
The 39 Steps,Alfred Hitchcock,1935,Mystery,0 days 01:26:00,Somerville Theatre,2024-09-17,7:00 PM,3724436,English,United Kingdom
Murder on the Orient Express,Sidney Lumet,1974,Drama,0 days 02:08:00,The Brattle,2024-09-17,8:00 PM,5028092,English,United Kingdom
The Lady Vanishes,Alfred Hitchcock,1938,Mystery,0 days 01:36:00,Somerville Theatre,2024-09-17,8:40 PM,9404578,English,United Kingdom
The Rose King,Werner Schroeter,1986,Drama,0 days 01:46:00,MassArt,2024-09-18,4:30 PM,,,
Once Upon a Time... in Hollywood,Quentin Tarantino,2019,Comedy,0 days 02:42:00,Coolidge Corner Theatre,2024-09-18,7:30 PM,56717294,English,United States
Harper,Jack Smight,1966,Mystery,0 days 02:01:00,The Brattle,2024-09-18,8:00 PM,6646087,English,United States
But I'm a Cheerleader,Jamie Babbit,2000,Comedy,0 days 01:25:00,Coolidge Corner Theatre,2024-09-19,9:55 PM,770156,English,United States
The Searchers,John Ford,1956,Western,0 days 01:59:00,Somerville Theatre,2024-09-19,7:30 PM,76335,English,United States
Donnie Darko,Richard Kelly,2001,Fantasy,0 days 01:54:00,Museum of Fine Arts,2024-09-19,7:00 PM,57820,English,United States
Written on the Wind,Douglas Sirk,1956,Drama,0 days 01:39:00,The Brattle,2024-09-19,4:00 PM,1365472,English,United States
Grease,Randal Kleiser,1978,Romance,0 days 01:50:00,Coolidge Corner Theatre,2024-09-19,7:00 PM,336846,English,United States
The Searchers,John Ford,1956,Western,0 days 01:59:00,Somerville Theatre,2024-09-20,"4:00 PM, 7:30 PM",76335,English,United States
The Silence of the Sea,Jean-Pierre Melville,1949,Drama,0 days 01:27:00,Harvard Film Archive,2024-09-20,7:00 PM,4074374,French,France
Spartacus,Stanley Kubrick,1960,History,0 days 03:17:00,Coolidge Corner Theatre,2024-09-20,7:30 PM,166813,English,United States
Naked Acts,Bridgett M. Davis,1996,Comedy,0 days 01:27:00,The Brattle,2024-09-20,8:00 PM,81404211,English,United States
Moving,Shinji Sōmai,1993,Drama,0 days 02:04:00,Harvard Film Archive,2024-09-20,9:00 PM,24086703,Japanese,Japan
Troll 2,Claudio Fragasso,1990,Horror,0 days 01:35:00,Coolidge Corner Theatre,2024-09-20,11:59 PM,2786477,English,Italy
Wigstock: The Movie,Barry Shils,1995,Documentary,0 days 01:25:00,Somerville Theatre,2024-09-21,11:59 PM,7813200,English,United States
Drive My Car,Ryūsuke Hamaguchi,2021,Drama,0 days 02:59:00,Harvard Film Archive,2024-09-21,6:00 PM,67841180,Japanese,Japan
Naked Acts,Bridgett M. Davis,1996,Comedy,0 days 01:27:00,The Brattle,2024-09-21,7:00 PM,81404211,English,United States
Inception,Christopher Nolan,2010,Action,0 days 02:28:00,Coolidge Corner Theatre,2024-09-21,7:30 PM,23270459,English,United States
The Room,Tommy Wiseau,2003,Drama,0 days 01:39:00,Coolidge Corner Theatre,2024-09-21,11:59 PM,5443971,English,United States
The Sound of Music,Robert Wise,1965,Drama,0 days 02:54:00,Coolidge Corner Theatre,2024-09-22,"2:00 PM, 7:30 PM",4836239,English,United States
Army of Shadows,Jean-Pierre Melville,1969,War,0 days 02:25:00,Harvard Film Archive,2024-09-22,7:00 PM,3723140,French,France
The Sound of Music,Robert Wise,1965,Drama,0 days 02:54:00,Coolidge Corner Theatre,2024-09-22,2:00 PM,4836239,English,United States
Beyond the Blue Border,Sarah Neumann,2024,Drama,0 days 01:42:00,Coolidge Corner Theatre,2024-09-22,11:00 AM,,,
Naked Acts,Bridgett M. Davis,1996,Comedy,0 days 01:27:00,The Brattle,2024-09-22,"12:30 PM, 5:00 PM, 7:00 PM",81404211,English,United States
"Léon Morin, Priest",Jean-Pierre Melville,1961,Drama,0 days 01:57:00,Harvard Film Archive,2024-09-22,3:00 PM,22076195,French,France
La Dolce Vita,Federico Fellini,1960,Comedy,0 days 02:56:00,The Brattle,2024-09-23,"4:00 PM, 7:30 PM",557036,Italian,Italy
La Dolce Vita,Federico Fellini,1960,Comedy,0 days 02:56:00,The Brattle,2024-09-23,"4:00 PM, 7:00 PM",557036,Italian,Italy
Spartacus,Stanley Kubrick,1960,History,0 days 03:17:00,Coolidge Corner Theatre,2024-09-23,7:30 PM,166813,English,United States
Gift,Ryūsuke Hamaguchi,2023,Music,0 days 01:14:00,Harvard Film Archive,2024-09-23,"6:00 PM, 8:30 PM",74574510,Japanese,Japan
Strangers on a Train,Alfred Hitchcock,1951,Crime,0 days 01:41:00,Somerville Theatre,2024-09-24,7:00 PM,261107,English,United States
Bill & Ted's Bogus Journey,Peter Hewitt,1991,Adventure,0 days 01:33:00,Mount Auburn Cemetery,2024-09-24,8:30 PM,254269,English,United States
The Seventh Seal,Ingmar Bergman,1957,Fantasy,0 days 01:36:00,Mount Auburn Cemetery,2024-09-24,7:00 PM,176545,Swedish,Sweden
8½,Federico Fellini,1963,Drama,0 days 02:19:00,The Brattle,2024-09-24,"4:00 PM, 7:00 PM",318810,Italian,Italy
Join or Die,"Pete Davis, Rebecca Davis",2024,Documentary,0 days 01:39:00,Coolidge Corner Theatre,2024-09-24,7:00 PM,74669461,,United States
Dial M for Murder,Alfred Hitchcock,1954,Thriller,0 days 01:45:00,Somerville Theatre,2024-09-24,8:55 PM,77223,English,United States
I'm Not The River Jhelum,Prabhash Chandra,2021,,0 days 01:36:00,MassArt,2024-09-25,5:00 PM,,,
Girls State,"Amanda McBaine, Jesse Moss",2024,Documentary,0 days 01:35:00,The Brattle,2024-09-25,7:30 PM,75843024,English,United States
Boys State,"Jesse Moss, Amanda McBaine",2020,Documentary,0 days 01:50:00,The Brattle,2024-09-25,5:00 PM,64175204,English,United States
Inception,Christopher Nolan,2010,Action,0 days 02:28:00,Coolidge Corner Theatre,2024-09-25,7:30 PM,23270459,English,United States
Spotlight Newton Filmmakers,"Ellie Lee, Linda Goetz, Steve Ascher, Jeanne Jordan",2024,Drama,0 days 01:40:00,West Newton Cinema,2024-09-26,6:00 PM,,,
Easy A,Will Gluck,2010,Comedy,0 days 01:33:00,Coolidge Corner Theatre,2024-09-26,7:00 PM,23438736,English,United States
"Rebel: Loreta Velazquez, Secret Soldier of the American Civil War",Maria Agui Carter,2013,,,West Newton Cinema,2024-09-27,6:00 PM,,,
Out of Sight,Nick Rowland,2015,,0 days 00:28:00,West Newton Cinema,2024-09-27,7:45 PM,,,
Pandora's Box,G.W. Pabst,1929,Drama,0 days 02:13:00,The Brattle,2024-09-27,6:00 PM,457578,Silent,Germany
Le Samouraï,Jean-Pierre Melville,1967,Crime,0 days 01:45:00,Harvard Film Archive,2024-09-27,7:00 PM,2046252,French,France
The Sicilian Clan,Henri Verneuil,1969,Crime,0 days 01:57:00,Harvard Film Archive,2024-09-27,9:15 PM,19158255,French,France
Samurai Cop,Amir Shervan,1991,Action,0 days 01:36:00,Coolidge Corner Theatre,2024-09-27,11:59 PM,45336113,English,United States
Bonnie Blue: James Cotton's Life in the Blues,Bestor Cram,2022,Documentary,0 days 01:30:00,West Newton Cinema,2024-09-28,7:00 PM,,,
The Gate of Heavenly Peace,"Richard Gordon, Carma Hinton",1995,Documentary,0 days 03:00:00,West Newton Cinema,2024-09-28,1:00 PM,8748773,English,United States
Miami Connection,"Y.K. Kim, Richard Park Wu-sang",1987,Action,0 days 01:26:00,Somerville Theatre,2024-09-28,11:59 PM,37471880,English,United States
Birdemic: Shock and Terror,James Nguyen,2010,Romance,0 days 01:34:00,Coolidge Corner Theatre,2024-09-28,11:59 PM,25581548,English,United States
La Roue,Abel Gance,1923,Drama,0 days 06:58:00,The Brattle,2024-09-28,12:00 PM,17155163,Silent,France
Breathless,Jean-Luc Godard,1960,Drama,0 days 01:30:00,Harvard Film Archive,2024-09-28,7:00 PM,339526,French,France
Two Men in Manhattan,Jean-Pierre Melville,1959,Crime,0 days 01:24:00,Harvard Film Archive,2024-09-28,9:00 PM,20789377,French,France
Twilight,Catherine Hardwicke,2008,Fantasy,0 days 02:02:00,Coolidge Corner Theatre,2024-09-29,11:00 AM,14277334,English,United States
They Came from Beyond Space,Freddie Francis,1967,SciFi,0 days 01:25:00,Somerville Theatre,2024-09-29,12:30 PM,25232018,English,United Kingdom
RPM Fest Presents: Karel Doing,Karel Doing,1998,Documentary,,The Brattle,2024-09-29,1:00 PM,,,
Zontar: The Thing from Venus,Larry Buchanan,1967,Horror,0 days 01:20:00,Somerville Theatre,2024-09-29,2:10 PM,11706092,English,United States
"Harry Smith Films Nos. 1 – 5, 7 & 10, 11 & 16",Harry Smith,1946,Documentary,0 days 00:42:00,Harvard Film Archive,2024-09-29,3:00 PM,,,
La Cocina,Alonso Ruizpalacios,2024,Drama,0 days 02:19:00,Coolidge Corner Theatre,2024-09-29,5:00 PM,75892706,English,Mexico
Dazed and Confused,Richard Linklater,1993,Comedy,0 days 01:42:00,The Brattle,2024-09-29,8:30 PM,503573,English,United States
Twilight,Catherine Hardwicke,2008,Fantasy,0 days 02:02:00,Coolidge Corner Theatre,2024-09-29,11:00 PM,14277334,English,United States
Double Feature: A Father's Kaddish/Why We Dance,"Jen Kaplan, Michal Goldman",2024,Documentary,0 days 01:13:00,West Newton Cinema,2024-09-29,4:00 PM,,,
Double Feature - Wild Innovators/A Reckoning in Boston,"Maria Agui Carter, James Rutenbeck",2024,Documentary,0 days 01:36:00,West Newton Cinema,2024-09-29,1:30 PM,,,
Sherlock Jr.,Buster Keaton,1924,Action,0 days 00:45:00,The Brattle,2024-09-29,3:15 PM,76346,Silent,United States
Le Cercle Rouge,Jean-Pierre Melville,1970,Crime,0 days 02:20:00,Harvard Film Archive,2024-09-29,7:00 PM,2498993,French,France
Pandora's Box,G.W. Pabst,1929,Drama,0 days 02:13:00,The Brattle,2024-09-29,5:30 PM,457578,Silent,Germany
Sherlock Jr.,Buster Keaton,1924,Action,0 days 00:45:00,The Brattle,2024-09-30,8:30 PM,76346,Silent,United States
The Big Risk,Claude Sautet,1960,Crime,0 days 01:50:00,Harvard Film Archive,2024-09-30,7:00 PM,13345131,French,France
Training Day,Antoine Fuqua,2001,Action,0 days 02:02:00,Coolidge Corner Theatre,2024-09-30,7:00 PM,171623,English,United States
The Circus,Charlie Chaplin,1928,Comedy,0 days 01:13:00,The Brattle,2024-09-30,6:00 PM,142780,Silent,United States
Tangerine,Sean Baker,2015,Comedy,0 days 01:27:00,The Brattle,2024-10-01,9:00 PM,45254449,English,United States
Take Out,"Shih-Ching Tsou, Sean Baker",2004,Drama,0 days 01:28:00,The Brattle,2024-10-01,"5:00 PM, 7:00 PM",21064505,Mandarin,United States
Macabre,William Castle,1958,Horror,0 days 01:12:00,Coolidge Corner Theatre,2024-10-01,7:00 PM,14170318,English,United States
Shadow of a Doubt,Alfred Hitchcock,1943,Thriller,0 days 01:48:00,Somerville Theatre,2024-10-01,7:30 PM,76339,English,United States
Tangerine,Sean Baker,2015,Comedy,0 days 01:27:00,The Brattle,2024-10-02,4:00 PM,45254449,English,United States
The Florida Project,Sean Baker,2017,Drama,0 days 01:52:00,The Brattle,2024-10-02,6:00 PM,53834253,English,United States
Psycho,Alfred Hitchcock,1960,Horror,0 days 01:49:00,Coolidge Corner Theatre,2024-10-02,7:00 PM,23880,English,United States
Red Rocket,Sean Baker,2021,Drama,0 days 02:10:00,The Brattle,2024-10-02,8:30 PM,66691354,English,United States
Carmen Comes Home,Keisuke Kinoshita,1951,Comedy,0 days 01:26:00,Harvard Film Archive,2024-10-03,7:00 PM,15672543,Japanese,Japan
The Florida Project,Sean Baker,2017,Drama,0 days 01:52:00,The Brattle,2024-10-03,6:00 PM,53834253,English,United States
Wait Until Dark,Terence Young,1967,Thriller,0 days 01:48:00,Coolidge Corner Theatre,2024-10-03,7:00 PM,19755481,English,United States
Stop Making Sense,Jonathan Demme,1984,Documentary,0 days 01:28:00,Coolidge Corner Theatre,2024-10-03,9:55 PM,1471831,English,United States
Red Rocket,Sean Baker,2021,Drama,0 days 02:10:00,The Brattle,2024-10-03,8:30 PM,66691354,English,United States
The Man Who Knew Too Much,Alfred Hitchcock,1956,Thriller,0 days 02:00:00,Somerville Theatre,2024-10-03,7:30 PM,2345044,English,United States
Bob le Flambeur,Jean-Pierre Melville,1956,Drama,0 days 01:43:00,Harvard Film Archive,2024-10-04,9:15 PM,2482275,French,France
Dazed and Confused,Richard Linklater,1993,Comedy,0 days 01:42:00,The Brattle,2024-10-04,9:00 PM,503573,English,United States
The Craft,Andrew Fleming,1996,Horror,0 days 01:41:00,Museum of Fine Arts,2024-10-04,7:00 PM,86533,English,United States
Rififi,Jules Dassin,1955,Crime,0 days 01:58:00,Harvard Film Archive,2024-10-04,7:00 PM,1981903,French,France
Shaun of the Dead,Edgar Wright,2004,Horror,0 days 01:39:00,The Brattle,2024-10-04,3:30 PM,598397,English,United Kingdom
The Pit and the Pendulum,Roger Corman,1961,Horror,0 days 01:21:00,Coolidge Corner Theatre,2024-10-04,11:59 PM,5422414,English,United States
The Texas Chain Saw Massacre,Tobe Hooper,1974,Horror,0 days 01:23:00,Coolidge Corner Theatre,2024-10-04,11:59 PM,29781,English,United States
Billy in the Lowlands,Jan Egleson,1979,Drama,0 days 01:28:00,The Brattle,2024-10-04,6:00 PM,,,
The Tender Age,Jan Egleson,1986,Crime,0 days 01:43:00,The Brattle,2024-10-05,12:00 PM,,,
Billy in the Lowlands,Jan Egleson,1979,Drama,0 days 01:28:00,The Brattle,2024-10-05,4:30 PM,,,
The Dark End of the Street,Jan Egleson,1981,Drama,0 days 01:29:00,The Brattle,2024-10-05,6:30 PM,74074834,English,United States
One Step Away,"Ed Pincus, David Neuman",1968,Documentary,0 days 00:54:00,Harvard Film Archive,2024-10-05,7:00 PM,,,
Le Deuxième Souffle,Jean-Pierre Melville,1966,Action,0 days 02:30:00,Harvard Film Archive,2024-10-05,8:30 PM,18487088,French,France
The Omen,Richard Donner,1976,Horror,0 days 01:51:00,Coolidge Corner Theatre,2024-10-05,11:59 PM,186856,English,United Kingdom
The Shining,Stanley Kubrick,1980,Horror,0 days 02:24:00,Somerville Theatre,2024-10-05,11:59 PM,1186616,English,United Kingdom
The Boy and the Heron,Hayao Miyazaki,2023,Animation,0 days 02:04:00,Museum of Fine Arts,2024-10-05,2:30 PM,56741338,Japanese,Japan
The Blue Diner,Jan Egleson,2001,Comedy,0 days 01:40:00,The Brattle,2024-10-05,2:15 PM,23016541,English,United States
Les Enfants Terribles,Jean-Pierre Melville,1950,Drama,0 days 01:47:00,Harvard Film Archive,2024-10-06,7:00 PM,13118358,French,France
Lemon Sky,Jan Egleson,1988,Drama,0 days 01:36:00,The Brattle,2024-10-06,6:00 PM,,,
Big Time,Jan Egleson,1989,Drama,0 days 01:24:00,The Brattle,2024-10-06,3:45 PM,,,
Pulp Fiction,Quentin Tarantino,1994,Thriller,0 days 02:34:00,Coolidge Corner Theatre,2024-10-06,2:00 PM,54173,English,United States
The Blue Diner,Jan Egleson,2001,Comedy,0 days 01:40:00,The Brattle,2024-10-06,1:30 PM,23016541,English,United States
The Silence of the Sea,Jean-Pierre Melville,1949,Drama,0 days 01:27:00,Harvard Film Archive,2024-10-06,3:00 PM,4074374,French,France
Where Spring Comes Late,Yoji Yamada,1970,Drama,0 days 01:46:00,Harvard Film Archive,2024-10-07,7:00 PM,30357155,Japanese,Japan
The Babadook,Jennifer Kent,2014,Drama,0 days 01:34:00,Coolidge Corner Theatre,2024-10-07,7:00 PM,41716245,English,Australia
T Blockers,Alice Maio Mackay,2023,Horror,0 days 01:15:00,The Brattle,2024-10-08,9:30 PM,77692023,English,Australia
T Blockers,Alice Maio Mackay,2023,Horror,0 days 01:15:00,The Brattle,2024-10-08,8:30 PM,77692023,English,Australia
The Silence of the Lambs,Jonathan Demme,1991,Crime,0 days 01:59:00,The Brattle,2024-10-08,6:00 PM,30006,English,United States
House on Haunted Hill,William Castle,1959,Horror,0 days 01:15:00,Coolidge Corner Theatre,2024-10-08,7:00 PM,628843,English,United States
Rear Window,Alfred Hitchcock,1954,Thriller,0 days 01:55:00,Somerville Theatre,2024-10-08,7:30 PM,74577,English,United States
The Craft,Andrew Fleming,1996,Horror,0 days 01:41:00,The Speedway,2024-10-09,8:00 PM,86533,English,United States
I Saw the TV Glow,Jane Schoenbrun,2024,Drama,0 days 01:40:00,The Brattle,2024-10-09,9:00 PM,71614849,English,United States
Sleepaway Camp,Robert Hiltzik,1983,Horror,0 days 01:24:00,The Brattle,2024-10-09,6:30 PM,715207,English,United States
Pulp Fiction,Quentin Tarantino,1994,Thriller,0 days 02:34:00,Coolidge Corner Theatre,2024-10-09,7:00 PM,54173,English,United States
The Mummy,Karl Freund,1932,Horror,0 days 01:13:00,Capitol Theatre,2024-10-10,7:00 PM,253833,English,United States
Bride of the Monster,Edward D. Wood Jr.,1955,Horror,0 days 01:09:00,The Brattle,2024-10-10,"5:15 PM, 9:30 PM",5035,English,United States
Matinee,Joe Dante,1993,Comedy,0 days 01:39:00,Coolidge Corner Theatre,2024-10-10,7:00 PM,6215998,English,United States
Ed Wood,Tim Burton,1994,Comedy,0 days 02:07:00,The Brattle,2024-10-10,7:00 PM,528464,English,United States
The Birds,Alfred Hitchcock,1963,Horror,0 days 02:00:00,Somerville Theatre,2024-10-10,7:30 PM,304428,English,United States
Pulp Fiction,Quentin Tarantino,1994,Thriller,0 days 02:34:00,Coolidge Corner Theatre,2024-10-10,9:45 PM,54173,English,United States
Phantom of the Opera,Arthur Lubin,1943,Horror,0 days 01:29:00,Capitol Theatre,2024-10-10,8:20 PM,1271371,English,United States
Don't Let the Riverbeast Get You!,Charles Roxburgh,2012,Horror,0 days 01:39:00,Somerville Theatre,2024-10-11,9:45 PM,78900252,English,United States
The Texas Chain Saw Massacre,Tobe Hooper,1974,Horror,0 days 01:23:00,Coolidge Corner Theatre,2024-10-11,11:59 PM,29781,English,United States
The Raven,Roger Corman,1963,Comedy,0 days 01:26:00,Coolidge Corner Theatre,2024-10-11,11:59 PM,518687,English,United States
A Bucket of Blood,Roger Corman,1959,Comedy,0 days 01:06:00,The Brattle,2024-10-11,7:45 PM,4333681,English,United States
Eraserhead,David Lynch,1978,Horror,0 days 01:29:00,Museum of Fine Arts,2024-10-11,7:00 PM,36814246,English,United States
Magnet of Doom,Jean-Pierre Melville,1963,Crime,0 days 01:42:00,Harvard Film Archive,2024-10-11,7:00 PM,30635965,French,France
The Little Shop of Horrors,Roger Corman,1960,Horror,0 days 01:12:00,The Brattle,2024-10-11,"6:00 PM, 9:30 PM",325206,English,United States
The Birthday,Eugenio Mira,2004,Comedy,0 days 01:40:00,Somerville Theatre,2024-10-11,7:30 PM,72849471,English,Spain
Le Samouraï,Jean-Pierre Melville,1967,Crime,0 days 01:45:00,Harvard Film Archive,2024-10-11,9:00 PM,2046252,French,France
Little Kid Flicks,Various,2024,Family,0 days 01:07:00,Coolidge Corner Theatre,2024-10-12,10:30 AM,,,
X: The Man with the X-Ray Eyes,Roger Corman,1963,SciFi,0 days 01:19:00,The Brattle,2024-10-12,"1:00 PM, 5:00 PM",896823,English,United States
House of Usher,Roger Corman,1960,Horror,0 days 01:19:00,The Brattle,2024-10-12,"3:00 PM, 7:00 PM",5421694,English,United States
Nosferatu,F. W. Murnau,1922,Horror,0 days 01:35:00,Somerville Theatre,2024-10-12,7:00 PM,82423,Silent,Weimar Republic
2001: A Space Odyssey,Stanley Kubrick,1968,SciFi,0 days 02:29:00,Harvard Film Archive,2024-10-12,7:00 PM,23941708,English,United Kingdom
Cockfighter,Monte Hellman,1974,Drama,0 days 01:23:00,The Brattle,2024-10-12,9:00 PM,4173939,English,United States
Phantasm,Don Coscarelli,1979,Horror,0 days 01:29:00,Coolidge Corner Theatre,2024-10-12,11:59 PM,1802400,English,United States
Little Kid Flicks,Various,2024,Family,0 days 01:07:00,Coolidge Corner Theatre,2024-10-13,10:30 AM,,,
Gas! -Or- It Became Necessary to Destroy the World in Order to Save It.,Roger Corman,1970,Comedy,0 days 01:19:00,The Brattle,2024-10-13,"3:00 PM, 9:00 PM",5388826,English,United States
The Trip,Roger Corman,1967,Drama,0 days 01:25:00,The Brattle,2024-10-13,7:00 PM,696925,English,United States
The Wild Angels,Roger Corman,1966,Drama,0 days 01:27:00,The Brattle,2024-10-13,5:00 PM,1925631,English,United States
Le Trou,Jacques Becker,1960,Drama,0 days 02:12:00,Harvard Film Archive,2024-10-13,7:00 PM,3644789,French,France
Boxcar Bertha,Martin Scorsese,1972,Crime,0 days 01:28:00,The Brattle,2024-10-14,"2:00 PM, 8:00 PM",1873017,English,United States
Dementia 13,Francis Ford Coppola,1963,Horror,0 days 01:15:00,The Brattle,2024-10-14,"4:00 PM, 9:45 PM",3815899,English,United States
Interview with the Vampire,Neil Jordan,1994,Horror,0 days 02:03:00,Coolidge Corner Theatre,2024-10-14,7:00 PM,3239688,English,United States
Targets,Peter Bogdanovich,1968,Crime,0 days 01:30:00,The Brattle,2024-10-15,"5:00 PM, 7:00 PM, 9:00 PM",427989,English,United States
13 Ghosts,William Castle,1960,Horror,0 days 01:25:00,Coolidge Corner Theatre,2024-10-15,7:00 PM,1135297,English,United States
Marnie,Alfred Hitchcock,1964,Thriller,0 days 02:10:00,Somerville Theatre,2024-10-15,7:30 PM,264851,English,United States
Hangdog,Matt Cascella,2023,Comedy,0 days 01:32:00,Somerville Theatre,2024-10-16,7:30 PM,,,
Polyester,John Waters,1981,Comedy,0 days 01:26:00,Coolidge Corner Theatre,2024-10-16,7:00 PM,1271694,English,United States
Ride in the Whirlwind,Monte Hellman,1966,Western,0 days 01:22:00,The Brattle,2024-10-16,6:00 PM,2289802,English,United States
The Shooting,Monte Hellman,1966,Western,0 days 01:22:00,The Brattle,2024-10-16,"4:00 PM, 8:00 PM",2294746,English,United States
Frankenstein Meets the Wolf Man,Roy William Neill,1943,Horror,0 days 01:14:00,Capitol Theatre,2024-10-17,8:55 PM,3302848,English,United States
I Married a Witch,René Clair,1942,Comedy,0 days 01:14:00,Coolidge Corner Theatre,2024-10-17,7:00 PM,2100379,English,United States
Frenzy,Alfred Hitchcock,1972,Crime,0 days 01:56:00,Somerville Theatre,2024-10-17,7:30 PM,508044,English,United Kingdom
It Follows,David Robert Mitchell,2015,Horror,0 days 01:41:00,Coolidge Corner Theatre,2024-10-17,9:55 PM,44202021,English,United States
The Wolf Man,George Waggner,1941,Horror,0 days 01:10:00,Capitol Theatre,2024-10-17,7:00 PM,927058,English,United States
The Texas Chain Saw Massacre,Tobe Hooper,1974,Horror,0 days 01:23:00,Coolidge Corner Theatre,2024-10-18,11:59 PM,29781,English,United States
Tales of Terror,Roger Corman,1962,Horror,0 days 01:29:00,Coolidge Corner Theatre,2024-10-18,11:59 PM,3135608,English,United States
Stop Making Sense,Jonathan Demme,1984,Documentary,0 days 01:28:00,The Brattle,2024-10-18,10:00 PM,1471831,English,United States
Belarmino,Fernando Lopes,1964,Documentary,0 days 01:12:00,Harvard Film Archive,2024-10-18,7:00 PM,7988853,Portuguese,Portugal
Caged Heat,Jonathan Demme,1974,Action,0 days 01:23:00,The Brattle,2024-10-18,8:00 PM,2631972,English,United States
The Student Nurses,Stephanie Rothman,1970,Drama,0 days 01:22:00,The Brattle,2024-10-18,6:00 PM,34934880,English,United States
Change of Life,Paulo Rocha,1967,Drama,0 days 01:34:00,Harvard Film Archive,2024-10-18,9:15 PM,,,
Chopping Mall,Jim Wynorski,1986,Horror,0 days 01:17:00,The Brattle,2024-10-19,5:30 PM,3834588,English,United States
Lucifer Rising,Kenneth Anger,1974,Fantasy,0 days 00:29:00,Harvard Film Archive,2024-10-19,7:00 PM,9390971,English,United States
Piranha,Joe Dante,1978,Horror,0 days 01:34:00,The Brattle,2024-10-19,7:30 PM,3153784,English,United States
El Topo,Alejandro Jodorowsky,1970,Action,0 days 02:05:00,Harvard Film Archive,2024-10-19,8:30 PM,1844221,Spanish,Mexico
Stop Making Sense,Jonathan Demme,1984,Documentary,0 days 01:28:00,The Brattle,2024-10-19,10:00 PM,1471831,English,United States
The Exorcist,William Friedkin,1973,Horror,0 days 02:02:00,Coolidge Corner Theatre,2024-10-19,11:30 PM,725459,English,United States
Amarcord,Federico Fellini,1973,Comedy,0 days 02:03:00,The Brattle,2024-10-19,12:00 PM,239086,Italian,Italy
Poundcake,Onur Tukel,2023,Horror,0 days 01:29:00,Somerville Theatre,2024-10-19,11:59 PM,,,
The Last Man on Earth,"Ubaldo Ragona, Sidney Salkow",1964,Horror,0 days 01:27:00,Somerville Theatre,2024-10-20,2:00 PM,3947408,English,United States
House on Haunted Hill,William Castle,1959,Horror,0 days 01:15:00,Somerville Theatre,2024-10-20,12:30 PM,628843,English,United States
Suburbia,Penelope Spheeris,1984,Drama,0 days 01:34:00,The Brattle,2024-10-20,8:30 PM,670267,English,United States
Stop Making Sense,Jonathan Demme,1984,Documentary,0 days 01:28:00,The Brattle,2024-10-20,12:00 PM,1471831,English,United States
Rock 'n' Roll High School,Allan Arkush,1979,Comedy,0 days 01:33:00,The Brattle,2024-10-20,6:30 PM,992419,English,United States
Vilarinho das Furnas,António Campos,1971,Documentary,0 days 01:17:00,Harvard Film Archive,2024-10-20,7:00 PM,,,
Holding Back the Tide,Emily Packer,2024,Documentary,0 days 01:21:00,Somerville Theatre,2024-10-20,4:00 PM,,,
Autumn Sonata,Ingmar Bergman,1978,Drama,0 days 01:33:00,The Brattle,2024-10-20,4:00 PM,225554,Swedish,West Germany
Trails,João César Monteiro,1978,Drama,0 days 02:03:00,Harvard Film Archive,2024-10-20,3:00 PM,,,
Invisible Nation,Vanessa Hope,2024,Documentary,0 days 01:25:00,Coolidge Corner Theatre,2024-10-20,3:00 PM,76800244,English,United States
The Tingler,William Castle,1959,Horror,0 days 01:22:00,Coolidge Corner Theatre,2024-10-21,7:00 PM,2293612,English,United States
Falamos de Rio de Onor,António Campos,1974,Documentary,0 days 01:05:00,Harvard Film Archive,2024-10-21,7:00 PM,,,
Battle Beyond the Stars,Jimmy T. Murakami,1980,SciFi,0 days 01:44:00,The Brattle,2024-10-21,7:00 PM,1152328,English,United States
Galaxy of Terror,Bruce D. Clark,1981,Action,0 days 01:21:00,The Brattle,2024-10-21,"5:00 PM, 9:15 PM",14864488,English,United States
North by Northwest,Alfred Hitchcock,1959,Mystery,0 days 02:16:00,Somerville Theatre,2024-10-21,"4:00 PM, 7:30 PM",73412,English,United States
North by Northwest,Alfred Hitchcock,1959,Mystery,0 days 02:16:00,Somerville Theatre,2024-10-22,7:30 PM,73412,English,United States
Stripped to Kill,Katt Shea,1987,Drama,0 days 01:28:00,The Brattle,2024-10-22,8:00 PM,12494928,English,United States
North by Northwest,Alfred Hitchcock,1959,Mystery,0 days 02:16:00,Somerville Theatre,2024-10-23,7:30 PM,73412,English,United States
The Slumber Party Massacre,Amy Holden Jones,1982,Horror,0 days 01:17:00,The Brattle,2024-10-23,8:00 PM,4343453,English,United States
Slumber Party Massacre II,Deborah Brock,1987,Horror,0 days 01:25:00,The Brattle,2024-10-23,9:45 PM,6647928,English,United States
Frankenstein,James Whale,1931,Drama,0 days 01:10:00,Capitol Theatre,2024-10-24,7:00 PM,73488,English,United States
Eyes Without a Face,Georges Franju,1960,Drama,0 days 01:24:00,Coolidge Corner Theatre,2024-10-24,7:00 PM,2491582,French,France
Death Race 2000,Paul Bartel,1975,Action,0 days 01:20:00,The Brattle,2024-10-24,8:30 PM,1017650,English,United States
Bride of Frankenstein,James Whale,1935,Horror,0 days 01:15:00,Capitol Theatre,2024-10-24,8:25 PM,73375,English,United States
The Tomb of Ligeia,Roger Corman,1964,Horror,0 days 01:21:00,Coolidge Corner Theatre,2024-10-25,11:59 PM,1776723,English,United Kingdom
Frankenhooker,Frank Henenlotter,1990,Comedy,0 days 01:25:00,Coolidge Corner Theatre,2024-10-25,11:59 PM,2259073,English,United States
Brandos Costumes,Alberto Seixas Santos,1975,Drama,0 days 01:15:00,Harvard Film Archive,2024-10-25,9:15 PM,24386035,Portuguese,Portugal
Trás-os-Montes,"Margarida Cordeiro, António Reis",1976,Documentary,0 days 01:48:00,Harvard Film Archive,2024-10-25,7:00 PM,36319171,Portuguese,Portugal
Monster House,Gil Kenan,2006,Animation,0 days 01:31:00,Coolidge Corner Theatre,2024-10-26,10:30 AM,2692284,English,United States
Le Doulos,Jean-Pierre Melville,1962,Drama,0 days 01:48:00,Harvard Film Archive,2024-10-26,7:00 PM,5092969,French,France
Trick or Treat,Charles Martin Smith,1986,Horror,0 days 01:37:00,Somerville Theatre,2024-10-26,7:30 PM,7212423,English,United States
Max and the Junkmen,Claude Sautet,1971,Crime,0 days 01:52:00,Harvard Film Archive,2024-10-26,9:15 PM,31295173,French,France
23rd Halloween Horror Marathon,Coolidge Corner After Midnite,2024,Horror,0 days 12:00:00,Coolidge Corner Theatre,2024-10-26,11:30 PM,,,
Nosferatu,F. W. Murnau,1922,Horror,0 days 01:35:00,Somerville Theatre,2024-10-26,11:59 PM,82423,Silent,Weimar Republic
Rosemary's Baby,Roman Polanski,1968,Drama,0 days 02:18:00,Coolidge Corner Theatre,2024-10-27,7:00 PM,9830229,English,United States
The Vows,António de Macedo,1973,Drama,0 days 01:42:00,Harvard Film Archive,2024-10-27,7:00 PM,22464784,Portuguese,Portugal
Elbow,Aslı Özarslan,2024,Drama,0 days 01:33:00,Coolidge Corner Theatre,2024-10-27,11:00 AM,76004792,German,Germany
Army of Shadows,Jean-Pierre Melville,1969,War,0 days 02:25:00,Harvard Film Archive,2024-10-27,3:00 PM,3723140,French,France
The Bat,Roland West,1926,Comedy,0 days 01:26:00,Somerville Theatre,2024-10-27,2:00 PM,2258827,Silent,United States
Basket Case,Frank Henenlotter,1982,Comedy,0 days 01:31:00,Somerville Theatre,2024-10-27,7:00 PM,2283532,English,United States
The Gate,Tibor Takács,1987,Horror,0 days 01:26:00,Somerville Theatre,2024-10-27,8:30 PM,1010796,English,Canada
Kwaidan,Masaki Kobayashi,1965,Horror,0 days 03:03:00,The Brattle,2024-10-28,6:00 PM,1268511,Japanese,Japan
Night of the Comet,Thom Eberhardt,1984,Comedy,0 days 01:35:00,Somerville Theatre,2024-10-28,9:15 PM,2381862,English,United States
Harry Smith - Film No. 12 / Film No. 16,Harry Smith,1957,Documentary,0 days 01:21:00,Harvard Film Archive,2024-10-28,7:00 PM,,,
Evil Dead II,Sam Raimi,1987,Horror,0 days 01:24:00,The Brattle,2024-10-28,9:30 PM,10487,English,United States
A Nightmare on Elm Street,Wes Craven,1984,Horror,0 days 01:31:00,Coolidge Corner Theatre,2024-10-28,7:00 PM,3028191,English,United States
Night of the Creeps,Fred Dekker,1986,Horror,0 days 01:28:00,Somerville Theatre,2024-10-28,7:30 PM,2534857,English,United States
Beetlejuice,Tim Burton,1988,Fantasy,0 days 01:32:00,Somerville Theatre,2024-10-29,7:15 PM,293524,English,United States
Practical Magic,Griffin Dunne,1998,Romance,0 days 01:44:00,The Brattle,2024-10-29,6:00 PM,89445,English,United States
Evil Dead II,Sam Raimi,1987,Horror,0 days 01:24:00,The Brattle,2024-10-29,9:30 PM,10487,English,United States
The Manchurian Candidate,John Frankenheimer,1962,Thriller,0 days 02:06:00,Coolidge Corner Theatre,2024-10-29,7:00 PM,58147,English,United States
Little Shop of Horrors,Frank Oz,1986,Horror,0 days 01:34:00,Somerville Theatre,2024-10-29,9:30 PM,3447166,English,United States
Friday the 13th,Sean S. Cunningham,1980,Horror,0 days 01:35:00,Somerville Theatre,2024-10-30,7:15 PM,168958,English,United States
The Crow,Alex Proyas,1994,Fantasy,0 days 01:42:00,Coolidge Corner Theatre,2024-10-30,7:00 PM,406339,English,United States
Halloween,John Carpenter,1978,Horror,0 days 01:31:00,Somerville Theatre,2024-10-30,9:00 PM,20179415,English,United States
Scream Halloween House Party,"Wes Craven, Matt Bettinelli-Olpin, Tyler Gillett",2024,Horror,0 days 05:00:00,Coolidge Corner Theatre,2024-10-31,7:00 PM,,,
Scream,"Tyler Gillett, Matt Bettinelli-Olpin",2022,Horror,0 days 01:54:00,Coolidge Corner Theatre,2024-10-31,10:00 PM,31716869,English,United States
Scream,Wes Craven,1996,Crime,0 days 01:52:00,Coolidge Corner Theatre,2024-10-31,8:00 PM,113549,English,United States
The Rocky Horror Picture Show,Jim Sharman,1975,Comedy,0 days 01:40:00,Somerville Theatre,2024-10-31,8:00 PM,25491,English,United Kingdom
Out of the Past,Jacques Tourneur,1947,Crime,0 days 01:37:00,The Brattle,2024-11-01,3:30 PM,75266,English,United States
Eephus,Carson Lund,2025,Drama,0 days 01:38:00,The Brattle,2024-11-01,6:30 PM,445172,English,France
Eraserhead,David Lynch,1978,Horror,0 days 01:29:00,Coolidge Corner Theatre,2024-11-01,11:59 PM,36814246,English,United States
O Mal-Amado,Fernando Matos Silva,1974,Drama,0 days 01:40:00,Harvard Film Archive,2024-11-01,8:30 PM,,,
What Shall I Do With This Sword?,João César Monteiro,1975,Documentary,0 days 01:04:00,Harvard Film Archive,2024-11-01,7:00 PM,,,
I Saw the TV Glow,Jane Schoenbrun,2024,Drama,0 days 01:40:00,Museum of Fine Arts,2024-11-01,7:00 PM,71614849,English,United States
The Elephant Man,David Lynch,1980,Drama,0 days 02:04:00,Coolidge Corner Theatre,2024-11-02,11:59 PM,106344,English,United Kingdom
Koyaanisqatsi,Godfrey Reggio,1983,Documentary,0 days 01:26:00,Harvard Film Archive,2024-11-02,9:30 PM,18932654,,United States
Zabriskie Point,Michelangelo Antonioni,1970,Drama,0 days 01:53:00,Harvard Film Archive,2024-11-02,7:00 PM,2194799,English,United States
Vertigo,Alfred Hitchcock,1958,Mystery,0 days 02:09:00,Somerville Theatre,2024-11-02,"2:00 PM, 8:00 PM",76617,English,United States
Trás-os-Montes,"Margarida Cordeiro, António Reis",1976,Documentary,0 days 01:48:00,Harvard Film Archive,2024-11-03,3:00 PM,36319171,Portuguese,Portugal
Histórias Selvagens,António Campos,1978,Drama,0 days 01:42:00,Harvard Film Archive,2024-11-03,7:00 PM,,,
Rebecca,Alfred Hitchcock,1940,Mystery,0 days 02:10:00,Coolidge Corner Theatre,2024-11-03,2:00 PM,1259785,English,United States
Vertigo,Alfred Hitchcock,1958,Mystery,0 days 02:09:00,Somerville Theatre,2024-11-03,"2:00 PM, 7:00 PM",76617,English,United States
3 Women,Robert Altman,1977,Drama,0 days 02:04:00,Coolidge Corner Theatre,2024-11-04,7:00 PM,2798805,English,United States
The Muppet Movie,James Frawley,1979,Comedy,0 days 01:37:00,The Brattle,2024-11-04,9:00 PM,876728,English,United Kingdom
Harry Smith - Film No. 18 (Mahagonny),Harry Smith,1970,Documentary,0 days 02:21:00,Harvard Film Archive,2024-11-04,7:00 PM,,,
Fright Night,Tom Holland,1985,Comedy,0 days 01:47:00,The Brattle,2024-11-04,6:00 PM,1123132,English,United States
The Muppet Movie,James Frawley,1979,Comedy,0 days 01:37:00,The Brattle,2024-11-05,"4:30 PM, 7:00 PM",876728,English,United Kingdom
The Muppet Movie,James Frawley,1979,Comedy,0 days 01:37:00,The Brattle,2024-11-06,"4:30 PM, 7:00 PM, 9:00 PM",876728,English,United Kingdom
Blade Runner,Ridley Scott,1982,SciFi,0 days 01:58:00,Coolidge Corner Theatre,2024-11-07,9:45 PM,3746,English,United States
Head,Bob Rafelson,1968,Comedy,0 days 01:26:00,Harvard Film Archive,2024-11-07,7:00 PM,693163,English,United States
The Tingler,William Castle,1959,Horror,0 days 01:22:00,Coolidge Corner Theatre,2024-11-07,7:00 PM,2293612,English,United States
In a Lonely Place,Nicholas Ray,1950,Drama,0 days 01:34:00,The Brattle,2024-11-08,"6:00 PM, 8:30 PM",812818,English,United States
The Breakfast Club,John Hughes,1985,Comedy,0 days 01:38:00,West Newton Cinema,2024-11-08,6:30 PM,29943,English,United States
Boston Punk Unbound/Rewound,Arthur Freedman,1976,Music,0 days 02:00:00,Harvard Film Archive,2024-11-08,7:00 PM,,,
Dune,David Lynch,1984,Action,0 days 02:17:00,Coolidge Corner Theatre,2024-11-08,11:59 PM,71415,English,United States
The Killing,Stanley Kubrick,1956,Crime,0 days 01:25:00,The Brattle,2024-11-08,3:30 PM,282964,English,United States
Futility in Frames: The Hypnoses of Vlatko Gilic,Vlatko Gilic,1968,Documentary,0 days 01:46:00,Harvard Film Archive,2024-11-09,9:15 PM,,,
The Way Steel Was Tempered,Želimir Žilnik,1988,Comedy,0 days 01:41:00,Harvard Film Archive,2024-11-09,7:00 PM,10651171,Serbo-Croatian,Yugoslavia
My Name Is Julia Ross,Joseph H. Lewis,1945,Thriller,0 days 01:05:00,The Brattle,2024-11-09,3:30 PM,3624149,English,United States
Experiment in Terror,Blake Edwards,1962,Thriller,0 days 02:03:00,The Brattle,2024-11-09,1:00 PM,5501567,English,United States
Blue Velvet,David Lynch,1986,Mystery,0 days 02:00:00,Coolidge Corner Theatre,2024-11-09,11:59 PM,3947,English,United States
Siberian Lady Macbeth,Andrzej Wajda,1962,Romance,0 days 01:33:00,Harvard Film Archive,2024-11-10,7:00 PM,839067,Polish,Poland
Human Desire,Fritz Lang,1954,Drama,0 days 01:31:00,The Brattle,2024-11-10,"6:00 PM, 10:00 PM",2346581,English,United States
My Name Is Julia Ross,Joseph H. Lewis,1945,Thriller,0 days 01:05:00,The Brattle,2024-11-10,12:00 PM,3624149,English,United States
Neo Homo Promo,Jenni Olson,1994,Documentary,0 days 01:30:00,Harvard Film Archive,2024-11-10,3:00 PM,,,
Niagara,Henry Hathaway,1953,Thriller,0 days 01:32:00,Coolidge Corner Theatre,2024-11-10,2:00 PM,1633705,English,United States and Canada
The Big Heat,Fritz Lang,1953,Crime,0 days 01:29:00,The Brattle,2024-11-10,"4:00 PM, 8:00 PM",1564113,English,United States
Over-Exposed,Lewis Seiler,1956,Drama,0 days 01:20:00,The Brattle,2024-11-11,"5:00 PM, 9:00 PM",5993535,English,United States
The Night Watchman,Natalia Almada,2011,Documentary,0 days 01:12:00,Harvard Film Archive,2024-11-11,7:00 PM,,,
The Sniper,Edward Dmytryk,1952,Crime,0 days 01:28:00,The Brattle,2024-11-11,7:00 PM,2721095,English,United States
When Harry Met Sally...,Rob Reiner,1989,Comedy,0 days 01:36:00,Coolidge Corner Theatre,2024-11-11,7:00 PM,33270,English,United States
The Killers,Robert Siodmak,1946,Crime,0 days 01:43:00,Coolidge Corner Theatre,2024-11-12,7:30 PM,1774116,English,United States
Underworld U.S.A.,Samuel Fuller,1961,Crime,0 days 01:39:00,The Brattle,2024-11-13,"5:00 PM, 9:00 PM",13273342,English,United States
The Crimson Kimono,Samuel Fuller,1959,Romance,0 days 01:22:00,The Brattle,2024-11-13,7:00 PM,19164879,English,United States
Pink Flamingos,John Waters,1972,Comedy,0 days 01:33:00,Coolidge Corner Theatre,2024-11-14,9:30 PM,320527,English,United States
It's Always Fair Weather,"Stanley Donen, Gene Kelly",1955,Music,0 days 01:42:00,West Newton Cinema,2024-11-14,6:00 PM,7693761,English,United States
Wild at Heart,David Lynch,1990,Crime,0 days 02:05:00,Coolidge Corner Theatre,2024-11-15,11:59 PM,246963,English,United States
The Man Who Wasn't There,Joel Coen,2001,Crime,0 days 01:56:00,The Brattle,2024-11-15,3:30 PM,241052,English,United Kingdom
Twin Peaks: Fire Walk with Me,David Lynch,1992,Drama,0 days 02:15:00,Coolidge Corner Theatre,2024-11-16,11:59 PM,245515,English,France
Dallas Doll,Ann Turner,1994,Comedy,0 days 01:44:00,Harvard Film Archive,2024-11-16,9:15 PM,24716019,English,Australia
Willy/Milly,Paul Schneider,1986,Comedy,0 days 01:26:00,Harvard Film Archive,2024-11-16,7:00 PM,40961566,English,United States
Leave Her to Heaven,John M. Stahl,1945,Drama,0 days 01:50:00,Coolidge Corner Theatre,2024-11-17,2:00 PM,181353,English,United States
Afro Promo,"Jenni Olson, Karl Knapper",1997,Documentary,0 days 01:31:00,Harvard Film Archive,2024-11-17,3:00 PM,,,
The Joy of Life,Jenni Olson,2005,Documentary,0 days 01:05:00,Harvard Film Archive,2024-11-17,7:00 PM,2615732,English,United States
Monster from Green Hell,Kenneth G. Crane,1957,SciFi,0 days 01:11:00,Somerville Theatre,2024-11-17,2:00 PM,9139466,English,United States
The Wasp Woman,Roger Corman,1959,SciFi,0 days 01:01:00,Somerville Theatre,2024-11-17,12:30 PM,6694508,English,United States
Amadeus,Miloš Forman,1984,History,0 days 02:40:00,Coolidge Corner Theatre,2024-11-18,7:00 PM,1065214,English,United States
The Royal Road,Jenni Olson,2015,Documentary,0 days 01:05:00,Harvard Film Archive,2024-11-18,7:00 PM,45296064,English,United States
Kokomo City,D. Smith,2023,Documentary,0 days 01:13:00,Coolidge Corner Theatre,2024-11-19,7:00 PM,73448047,English,United States
Daisies,Věra Chytilová,1966,Comedy,0 days 01:16:00,The Brattle,2024-11-19,5:00 PM,10163440,Czech,Czechoslovakia
Murdering the Devil,Ester Krumbachová,1970,Comedy,0 days 01:17:00,The Brattle,2024-11-19,6:45 PM,,,
A Report on the Party and the Guests,Jan Němec,1966,Drama,0 days 01:10:00,The Brattle,2024-11-19,8:30 PM,22279167,Czech,Czechoslovakia
Valerie and Her Week of Wonders,Jaromil Jireš,1970,Fantasy,0 days 01:13:00,The Brattle,2024-11-20,5:00 PM,1868133,Czech,Czechoslovakia
Murdering the Devil,Ester Krumbachová,1970,Comedy,0 days 01:17:00,The Brattle,2024-11-20,6:45 PM,,,
Daisies,Věra Chytilová,1966,Comedy,0 days 01:16:00,The Brattle,2024-11-20,8:30 PM,10163440,Czech,Czechoslovakia
Paris Is Burning,Jennie Livingston,1991,Documentary,0 days 01:18:00,Coolidge Corner Theatre,2024-11-20,7:00 PM,2406074,English,United States
A Clockwork Orange,Stanley Kubrick,1971,SciFi,0 days 02:17:00,Coolidge Corner Theatre,2024-11-21,9:45 PM,1659954,English,United Kingdom
Shrek 2,"Conrad Vernon, Kelly Asbury, Andrew Adamson",2004,Animation,0 days 01:32:00,Coolidge Corner Theatre,2024-11-21,7:00 PM,525314,English,United States
Murdering the Devil,Ester Krumbachová,1970,Comedy,0 days 01:17:00,The Brattle,2024-11-21,6:45 PM,,,
A Report on the Party and the Guests,Jan Němec,1966,Drama,0 days 01:10:00,The Brattle,2024-11-21,5:00 PM,22279167,Czech,Czechoslovakia
Cecil B. Demented,John Waters,2000,Crime,0 days 01:28:00,Coolidge Corner Theatre,2024-11-21,3:00 PM,1039414,English,United States
Valerie and Her Week of Wonders,Jaromil Jireš,1970,Fantasy,0 days 01:13:00,The Brattle,2024-11-21,8:30 PM,1868133,Czech,Czechoslovakia
The Fall,Tarsem,2008,Adventure,0 days 01:57:00,Museum of Fine Arts,2024-11-22,7:30 PM,27941350,English,United States
The Brothers Bloom,Rian Johnson,2008,Adventure,0 days 01:54:00,The Brattle,2024-11-22,3:30 PM,10328139,English,United States
Female Trouble,John Waters,1974,Comedy,0 days 01:37:00,Coolidge Corner Theatre,2024-11-22,11:59 PM,1328186,English,United States
Lost Highway,David Lynch,1997,Drama,0 days 02:14:00,Coolidge Corner Theatre,2024-11-22,11:59 PM,204839,English,United States
"Paris, Texas",Wim Wenders,1984,Drama,0 days 02:25:00,The Brattle,2024-11-22,"6:00 PM, 9:00 PM",237134,English,West Germany
Mulholland Drive,David Lynch,2001,Thriller,0 days 02:27:00,Coolidge Corner Theatre,2024-11-23,11:59 PM,20786,English,United States
Wings of a Serf,Yuri Tarich,1926,Drama,0 days 01:13:00,Harvard Film Archive,2024-11-23,7:00 PM,,,
Out of the Past,Jacques Tourneur,1947,Crime,0 days 01:37:00,Somerville Theatre,2024-11-23,"5:00 PM, 9:00 PM",75266,English,United States
"Paris, Texas",Wim Wenders,1984,Drama,0 days 02:25:00,The Brattle,2024-11-23,"4:30 PM, 7:30 PM",237134,English,West Germany
Casablanca,Michael Curtiz,1943,Drama,0 days 01:42:00,Somerville Theatre,2024-11-23,"3:00 PM, 7:00 PM",57585,English,United States
Shrek 2,"Conrad Vernon, Kelly Asbury, Andrew Adamson",2004,Animation,0 days 01:32:00,Coolidge Corner Theatre,2024-11-23,2:00 PM,525314,English,United States
The Lady from Shanghai,Orson Welles,1947,Mystery,0 days 01:27:00,Coolidge Corner Theatre,2024-11-24,2:00 PM,1919203,English,United States
The Grandmaster,Wong Kar-wai,2013,Action,0 days 02:10:00,The Brattle,2024-11-24,3:15 PM,32963963,Mandarin,Hong Kong
Times Square,Allan Moyle,1980,Drama,0 days 01:51:00,Harvard Film Archive,2024-11-24,7:00 PM,2154540,English,United States
Inglourious Basterds,Quentin Tarantino,2009,Drama,0 days 02:33:00,The Brattle,2024-11-24,8:00 PM,633052,English,United States
"Lust, Caution",Ang Lee,2007,Action,0 days 02:38:00,The Brattle,2024-11-24,12:00 PM,5631382,Mandarin,United States
Winners,Soleen Yusef,2024,Family,0 days 01:59:00,Coolidge Corner Theatre,2024-11-24,11:00 AM,76033808,German,Germany
The Grandmaster,Wong Kar-wai,2013,Action,0 days 02:10:00,The Brattle,2024-11-25,5:30 PM,32963963,Mandarin,Hong Kong
Sans Soleil,Chris Marker,1983,Documentary,0 days 01:40:00,Harvard Film Archive,2024-11-25,7:00 PM,5263869,French,France
"Lust, Caution",Ang Lee,2007,Action,0 days 02:38:00,The Brattle,2024-11-25,8:15 PM,5631382,Mandarin,United States
Hook,Steven Spielberg,1991,Adventure,0 days 02:21:00,Coolidge Corner Theatre,2024-11-25,7:00 PM,443972,English,United States
Inglourious Basterds,Quentin Tarantino,2009,Drama,0 days 02:33:00,The Brattle,2024-11-26,"4:00 PM, 7:15 PM",633052,English,United States
The Thief of Bagdad,Raoul Walsh,1924,Romance,0 days 02:29:00,Coolidge Corner Theatre,2024-11-26,7:00 PM,76385,Silent,United States
Seven Samurai,Akira Kurosawa,1954,Action,0 days 03:27:00,The Brattle,2024-11-27,"3:00 PM, 7:00 PM",31371,Japanese,Japan
Nightmare Alley,Edmund Goulding,1947,Drama,0 days 01:51:00,Coolidge Corner Theatre,2024-11-27,7:00 PM,2006189,English,United States
Desperate Living,John Waters,1977,Comedy,0 days 01:30:00,Coolidge Corner Theatre,2024-11-29,11:59 PM,1328188,English,United States
Matilda,Danny DeVito,1996,Comedy,0 days 01:38:00,Coolidge Corner Theatre,2024-11-30,10:30 AM,675935,English,United States
Inland Empire,David Lynch,2006,Thriller,0 days 03:00:00,Coolidge Corner Theatre,2024-11-30,10:00 PM,2028217,English,United States
Harry Smith - Film No. 18 (Mahagonny),Harry Smith,1970,Documentary,0 days 02:21:00,Harvard Film Archive,2024-12-01,3:00 PM,,,
A Dirty Shame,John Waters,2004,Comedy,0 days 01:29:00,Coolidge Corner Theatre,2024-12-02,9:45 PM,1330877,English,United States
Four Weddings and a Funeral,Mike Newell,1994,Comedy,0 days 01:57:00,Coolidge Corner Theatre,2024-12-02,7:00 PM,11223,English,United Kingdom
The Soldier,George P. Breakston,1966,Drama,0 days 01:43:00,Harvard Film Archive,2024-12-02,7:00 PM,,,
Dracula,Tod Browning,1931,Horror,0 days 01:14:00,Coolidge Corner Theatre,2024-12-03,7:00 PM,1046559,English,United States
The Witch,Robert Eggers,2016,Horror,0 days 01:32:00,The Brattle,2024-12-03,8:15 PM,45379583,Early Modern English,United States
Where to After the Rain?,Vladan Slijepčević,1967,Drama,0 days 01:29:00,Harvard Film Archive,2024-12-04,7:00 PM,,,
The Witch,Robert Eggers,2016,Horror,0 days 01:32:00,The Brattle,2024-12-04,5:45 PM,45379583,Early Modern English,United States
The Lighthouse,Robert Eggers,2019,Drama,0 days 01:49:00,The Brattle,2024-12-04,8:00 PM,57076513,English,United States
Gremlins,Joe Dante,1984,Fantasy,0 days 01:46:00,Coolidge Corner Theatre,2024-12-05,9:30 PM,382387,English,United States
Pecker,John Waters,1998,Comedy,0 days 01:26:00,Coolidge Corner Theatre,2024-12-05,7:00 PM,1799076,English,United States
The Lighthouse,Robert Eggers,2019,Drama,0 days 01:49:00,The Brattle,2024-12-05,5:00 PM,57076513,English,United States
The Northman,Robert Eggers,2022,Action,0 days 02:17:00,The Brattle,2024-12-05,7:30 PM,62079568,English,United States
Blade,Stephen Norrington,1998,Horror,0 days 02:01:00,Coolidge Corner Theatre,2024-12-06,11:59 PM,471544,English,United States
Top Hat,Mark Sandrich,1935,Music,0 days 01:41:00,The Brattle,2024-12-06,3:30 PM,61501,English,United States
How the Grinch Stole Christmas,Ron Howard,2000,Family,0 days 01:44:00,Coolidge Corner Theatre,2024-12-07,11:59 PM,4867859,English,United States
"Salad Days: A Decade of Punk in Washington, DC (1980-90)",Scott Crawford,2015,Music,0 days 01:43:00,The Brattle,2024-12-07,7:00 PM,,,
Big Time,Chris Blum,1988,Documentary,0 days 01:27:00,The Brattle,2024-12-07,10:00 PM,24105483,English,United States
Big Time,Chris Blum,1988,Documentary,0 days 01:27:00,The Brattle,2024-12-08,12:00 PM,24105483,English,United States
The Sugarland Express,Steven Spielberg,1974,Crime,0 days 01:50:00,The Brattle,2024-12-08,"4:30 PM, 7:00 PM",1646113,English,United States
Where to After the Rain?,Vladan Slijepčević,1967,Drama,0 days 01:29:00,Harvard Film Archive,2024-12-09,7:00 PM,,,
Gattaca,Andrew Niccol,1997,Thriller,0 days 01:46:00,Coolidge Corner Theatre,2024-12-09,7:00 PM,42886,English,United States
Bram Stoker's Dracula,Francis Ford Coppola,1992,Romance,0 days 02:08:00,Coolidge Corner Theatre,2024-12-11,7:00 PM,337740,English,United States
Carol for Another Christmas,Joseph L. Mankiewicz,1964,TVMovie,0 days 01:24:00,Harvard Film Archive,2024-12-12,7:00 PM,1466190,English,United States
Eyes Wide Shut,Stanley Kubrick,1999,Drama,0 days 02:39:00,Coolidge Corner Theatre,2024-12-12,7:00 PM,9979,English,United Kingdom
Black Christmas,Bob Clark,1974,Horror,0 days 01:38:00,The Brattle,2024-12-13,7:00 PM,1584998,English,Canada
Queen of the Damned,Michael Rymer,2002,Fantasy,0 days 01:41:00,Coolidge Corner Theatre,2024-12-13,11:59 PM,9088886,English,Australia
Song of the Little Road,Satyajit Ray,1955,Drama,0 days 02:05:00,Harvard Film Archive,2024-12-13,7:00 PM,669691,Bengali,India
It's a Wonderful Life,Frank Capra,1946,Drama,0 days 02:10:00,The Brattle,2024-12-13,3:30 PM,60164,English,United States
It's a Wonderful Life,Frank Capra,1946,Drama,0 days 02:10:00,The Brattle,2024-12-14,"12:00 PM, 3:00 PM, 6:00 PM",60164,English,United States
How the Grinch Stole Christmas,Ron Howard,2000,Family,0 days 01:44:00,Coolidge Corner Theatre,2024-12-14,10:30 AM,4867859,English,United States
The World of Apu,Satyajit Ray,1959,Drama,0 days 01:45:00,Harvard Film Archive,2024-12-14,9:15 PM,1471772,Bengali,India
Die Hard,John McTiernan,1988,Action,0 days 02:12:00,Coolidge Corner Theatre,2024-12-14,11:59 PM,97646,English,United States
Aparajito,Satyajit Ray,1956,Drama,0 days 01:50:00,Harvard Film Archive,2024-12-14,7:00 PM,1267738,Bengali,India
Black Christmas,Bob Clark,1974,Horror,0 days 01:38:00,The Brattle,2024-12-14,9:30 PM,1584998,English,Canada
Song of the Little Road,Satyajit Ray,1955,Drama,0 days 02:05:00,Harvard Film Archive,2024-12-15,3:00 PM,669691,Bengali,India
Woodland,Elisabeth Scharang,2023,Drama,0 days 01:35:00,Coolidge Corner Theatre,2024-12-15,11:00 AM,,,
Aparajito,Satyajit Ray,1956,Drama,0 days 01:50:00,Harvard Film Archive,2024-12-15,7:00 PM,1267738,Bengali,India
Black Christmas,Bob Clark,1974,Horror,0 days 01:38:00,The Brattle,2024-12-16,9:00 PM,1584998,English,Canada
It's a Wonderful Life,Frank Capra,1946,Drama,0 days 02:10:00,The Brattle,2024-12-16,6:00 PM,60164,English,United States
The Shop Around the Corner,Ernst Lubitsch,1940,Comedy,0 days 01:39:00,Coolidge Corner Theatre,2024-12-16,7:00 PM,76353,English,United States
The World of Apu,Satyajit Ray,1959,Drama,0 days 01:45:00,Harvard Film Archive,2024-12-16,7:00 PM,1471772,Bengali,India
Close Encounters of the Third Kind,Steven Spielberg,1977,SciFi,0 days 02:15:00,The Brattle,2024-12-17,"5:00 PM, 8:00 PM",146236,English,United States
Only Lovers Left Alive,Jim Jarmusch,2013,Drama,0 days 02:03:00,Coolidge Corner Theatre,2024-12-18,9:00 PM,34888850,English,United Kingdom
Nosferatu,F. W. Murnau,1922,Horror,0 days 01:35:00,Coolidge Corner Theatre,2024-12-18,7:00 PM,82423,Silent,Weimar Republic
Edward Scissorhands,Tim Burton,1990,Fantasy,0 days 01:45:00,Coolidge Corner Theatre,2024-12-19,9:30 PM,302970,English,United States
RRR,S. S. Rajamouli,2022,Drama,0 days 03:05:00,The Brattle,2024-12-19,6:00 PM,59329596,Telugu,India
Love Actually,Richard Curtis,2003,Comedy,0 days 02:15:00,Coolidge Corner Theatre,2024-12-19,7:00 PM,370064,English,United Kingdom
Singin' in the Rain,"Stanley Donen, Gene Kelly",1952,Comedy,0 days 01:43:00,The Brattle,2024-12-20,3:30 PM,1883157,English,United States
Pacific Rim,Guillermo del Toro,2013,Action,0 days 02:11:00,The Brattle,2024-12-20,6:00 PM,32112949,English,United States
Speed Racer,"Lana Wachowski, Lilly Wachowski",2008,Family,0 days 02:15:00,The Brattle,2024-12-20,8:30 PM,8737659,English,United States
Hundreds of Beavers,Mike Cheslik,2024,Comedy,0 days 01:48:00,Coolidge Corner Theatre,2024-12-20,11:59 PM,76208655,English,United States
Underworld,Len Wiseman,2003,Fantasy,0 days 02:02:00,Coolidge Corner Theatre,2024-12-20,11:59 PM,452767,English,Germany
The Muppet Christmas Carol,Brian Henson,1992,Music,0 days 01:25:00,Coolidge Corner Theatre,2024-12-21,"10:30 AM, 10:00 PM",1131832,English,United States
The Muppet Christmas Carol,Brian Henson,1992,Music,0 days 01:25:00,Coolidge Corner Theatre,2024-12-21,"10:30 AM, 1:00 PM",1131832,English,United States
Pacific Rim,Guillermo del Toro,2013,Action,0 days 02:11:00,The Brattle,2024-12-21,2:45 PM,32112949,English,United States
Black Christmas,Bob Clark,1974,Horror,0 days 01:38:00,Coolidge Corner Theatre,2024-12-21,11:59 PM,1584998,English,Canada
Speed Racer,"Lana Wachowski, Lilly Wachowski",2008,Family,0 days 02:15:00,The Brattle,2024-12-21,12:00 PM,8737659,English,United States
The Muppet Christmas Carol,Brian Henson,1992,Music,0 days 01:25:00,Coolidge Corner Theatre,2024-12-21,10:30 AM,1131832,English,United States
The Dark Knight,Christopher Nolan,2008,Drama,0 days 02:32:00,The Brattle,2024-12-21,"5:30 PM, 8:30 PM",4276475,English,United States
The Muppet Christmas Carol,Brian Henson,1992,Music,0 days 01:25:00,Coolidge Corner Theatre,2024-12-22,"10:30 AM, 1:00 PM",1131832,English,United States
Mad Max: Fury Road,George Miller,2015,Action,0 days 02:01:00,The Brattle,2024-12-22,"3:00 PM, 8:30 PM",36426373,English,Australia
Furiosa: A Mad Max Saga,George Miller,2024,Action,0 days 02:29:00,The Brattle,2024-12-22,"12:00 PM, 5:30 PM",65573514,English,Australia
The Muppet Christmas Carol,Brian Henson,1992,Music,0 days 01:25:00,Coolidge Corner Theatre,2024-12-22,10:30 AM,1131832,English,United States
Die Hard 2,Renny Harlin,1990,Action,0 days 02:04:00,The Brattle,2024-12-23,8:30 PM,433824,English,United States
Meet Me in St. Louis,Vincente Minnelli,1944,Comedy,0 days 01:53:00,Coolidge Corner Theatre,2024-12-23,7:00 PM,74942,English,United States
Die Hard,John McTiernan,1988,Action,0 days 02:12:00,The Brattle,2024-12-23,6:00 PM,97646,English,United States
Go,Doug Liman,1999,Crime,0 days 01:38:00,The Brattle,2024-12-25,9:00 PM,585172,English,United States
Little Women,Gillian Armstrong,1994,Drama,0 days 01:59:00,The Brattle,2024-12-25,"4:00 PM, 6:30 PM",781758,English,United States
A League of Their Own,Penny Marshall,1992,Comedy,0 days 02:08:00,The Brattle,2024-12-26,"1:30 PM, 6:30 PM",543433,,United States
Anaconda,Luis Llosa,1997,Adventure,0 days 01:29:00,The Brattle,2024-12-26,9:00 PM,703970,English,United States
Groundhog Day,Harold Ramis,1993,Romance,0 days 01:41:00,The Brattle,2024-12-26,4:15 PM,142327,English,United States
Tap,Nick Castle,1989,Drama,0 days 01:51:00,The Brattle,2024-12-27,3:30 PM,8771437,English,United States
Single White Female,Barbet Schroeder,1992,Thriller,0 days 01:47:00,The Brattle,2024-12-27,7:00 PM,2632500,English,United States
The Cable Guy,Ben Stiller,1996,Comedy,0 days 01:36:00,The Brattle,2024-12-27,9:15 PM,885776,English,United States
Dracula 2000,Patrick Lussier,2000,Thriller,0 days 01:38:00,Coolidge Corner Theatre,2024-12-27,11:59 PM,1219214,English,United States
Bottle Rocket,Wes Anderson,1996,Comedy,0 days 01:31:00,The Brattle,2024-12-28,"3:00 PM, 7:00 PM",524139,English,United States
El Mariachi,Robert Rodriguez,1993,Action,0 days 01:21:00,The Brattle,2024-12-28,"5:00 PM, 9:00 PM",326446,Spanish,United States
New Year's Evil,Emmett Alston,1980,Horror,0 days 01:26:00,Coolidge Corner Theatre,2024-12-28,11:59 PM,15589712,English,United States
The Age of Innocence,Martin Scorsese,1993,Drama,0 days 02:19:00,The Brattle,2024-12-29,"12:00 PM, 3:00 PM",5836236,English,United States
Boyz n the Hood,John Singleton,1991,Crime,0 days 01:52:00,The Brattle,2024-12-29,"6:30 PM, 9:00 PM",155997,English,United States
Double Team,Tsui Hark,1997,Action,0 days 01:33:00,The Brattle,2024-12-30,"4:30 PM, 9:00 PM",2862407,English,United States
Bad Boys,Michael Bay,1995,Action,0 days 01:59:00,The Brattle,2024-12-30,6:30 PM,673613,English,United States
Strange Days,Kathryn Bigelow,1995,Crime,0 days 02:25:00,Coolidge Corner Theatre,2024-12-30,7:00 PM,1339563,English,United States
The Thin Man,W.S. Van Dyke,1934,Comedy,0 days 01:31:00,The Brattle,2024-12-31,"2:00 PM, 4:00 PM",61175,English,United States
Stop Making Sense,Jonathan Demme,1984,Documentary,0 days 01:28:00,The Brattle,2024-12-31,"6:00 PM, 8:30 PM",1471831,English,United States
Duck Soup,Leo McCarey,1933,Comedy,0 days 01:09:00,The Brattle,2025-01-01,6:15 PM,73440,English,United States
Return of the Jedi,Richard Marquand,1983,Adventure,0 days 02:12:00,Coolidge Corner Theatre,2025-01-01,7:15 PM,50744,English,United States
Room Service,William A. Seiter,1938,Comedy,0 days 01:18:00,The Brattle,2025-01-01,2:15 PM,1276889,English,
A Night at the Opera,Sam Wood,1935,Comedy,0 days 01:36:00,The Brattle,2025-01-01,"12:00 PM, 8:00 PM",75263,English,United States
Animal Crackers,Victor Heerman,1930,Comedy,0 days 01:37:00,The Brattle,2025-01-01,4:00 PM,45224,English,United States
The Umbrellas of Cherbourg,Jacques Demy,1964,Drama,0 days 01:32:00,The Brattle,2025-01-02,"4:00 PM, 6:00 PM, 8:00 PM",145445,French,France
Amarcord,Federico Fellini,1973,Comedy,0 days 02:03:00,Coolidge Corner Theatre,2025-01-02,7:15 PM,239086,Italian,Italy
Escape from New York,John Carpenter,1981,SciFi,0 days 01:39:00,The Brattle,2025-01-03,10:00 PM,9835,English,United States
Trouble Every Day,Claire Denis,2001,Drama,0 days 01:41:00,Coolidge Corner Theatre,2025-01-03,11:59 PM,2171678,French,France
Escape from New York,John Carpenter,1981,SciFi,0 days 01:39:00,The Brattle,2025-01-04,"2:15 PM, 9:00 PM",9835,English,United States
Cruising,William Friedkin,1980,Crime,0 days 01:42:00,Coolidge Corner Theatre,2025-01-04,11:59 PM,2075256,English,West Germany
The Sacrifice,Andrei Tarkovsky,1986,Drama,0 days 02:29:00,The Brattle,2025-01-05,"12:00 PM, 7:00 PM",593964,Swedish,Sweden
Fantastic Planet,René Laloux,1973,Animation,0 days 01:12:00,Coolidge Corner Theatre,2025-01-05,2:00 PM,2322506,French,France
A Fish Called Wanda,Charles Crichton,1988,Comedy,0 days 01:49:00,Coolidge Corner Theatre,2025-01-06,7:00 PM,308898,English,United Kingdom
The Sacrifice,Andrei Tarkovsky,1986,Drama,0 days 02:29:00,The Brattle,2025-01-06,8:00 PM,593964,Swedish,Sweden
The Sacrifice,Andrei Tarkovsky,1986,Drama,0 days 02:29:00,The Brattle,2025-01-07,6:00 PM,593964,Swedish,Sweden
Starship Troopers,Paul Verhoeven,1997,Adventure,0 days 02:09:00,Coolidge Corner Theatre,2025-01-07,7:00 PM,203841,English,United States
Moonage Daydream,Brett Morgen,2022,Documentary,0 days 02:14:00,The Brattle,2025-01-08,"6:00 PM, 9:00 PM",71440614,English,Germany
Caligula,Tinto Brass,1979,Drama,0 days 02:36:00,The Brattle,2025-01-09,7:00 PM,243204,English,Italy
The Thing,John Carpenter,1982,Horror,0 days 01:49:00,Coolidge Corner Theatre,2025-01-09,9:30 PM,30809,English,United States
"Aguirre, the Wrath of God",Werner Herzog,1972,History,0 days 01:35:00,West Newton Cinema,2025-01-09,6:30 PM,158052,German,West Germany
Titane,Julia Ducournau,2021,Drama,0 days 01:48:00,Coolidge Corner Theatre,2025-01-10,11:59 PM,66488453,French,France
Reality Bites,Ben Stiller,1994,Drama,0 days 01:39:00,West Newton Cinema,2025-01-10,6:30 PM,350847,English,United States
Fargo,Joel Coen,1996,Crime,0 days 01:38:00,The Brattle,2025-01-10,3:30 PM,142430,English,United States
The Bird with the Crystal Plumage,Dario Argento,1970,Horror,0 days 01:36:00,Coolidge Corner Theatre,2025-01-11,11:59 PM,3657826,Italian,Italy
Turning Tables,Angelina Maccarone,2025,Drama,0 days 02:04:00,Coolidge Corner Theatre,2025-01-12,11:00 AM,,,
Pariah,Dee Rees,2011,Drama,0 days 01:26:00,Coolidge Corner Theatre,2025-01-13,7:00 PM,33025020,English,United States
Godzilla Minus One,Takashi Yamazaki,2023,SciFi,0 days 02:04:00,The Brattle,2025-01-16,"4:00 PM, 6:30 PM, 9:00 PM",72171031,Japanese,Japan
Iceman,Fred Schepisi,1984,SciFi,0 days 01:40:00,The Brattle,2025-01-17,3:30 PM,2622639,English,United States
Good One,India Donaldson,2024,Drama,0 days 01:30:00,The Brattle,2025-01-17,6:00 PM,76824251,English,United States
Last Year at Marienbad,Alain Resnais,1961,Drama,0 days 01:35:00,Harvard Film Archive,2025-01-17,7:00 PM,157173,French,France
His Three Daughters,Azazel Jacobs,2024,Drama,0 days 01:44:00,The Brattle,2025-01-17,8:00 PM,74785116,English,United States
Climax,Gaspar Noé,2018,Horror,0 days 01:37:00,Coolidge Corner Theatre,2025-01-17,11:59 PM,57171624,French,Belgium
Nothing Underneath,Carlo Vanzina,1985,Thriller,0 days 01:30:00,Coolidge Corner Theatre,2025-01-18,11:59 PM,42351579,,Italy
The People's Joker,Vera Drew,2024,Comedy,0 days 01:32:00,The Brattle,2025-01-18,9:30 PM,71776978,English,United States
India Song,Marguerite Duras,1975,Drama,0 days 01:55:00,Harvard Film Archive,2025-01-18,7:00 PM,33347419,French,France
Emilia Pérez,Jacques Audiard,2024,Drama,0 days 02:12:00,The Brattle,2025-01-18,"4:15 PM, 7:00 PM",75607941,Spanish,France
La Musica,"Marguerite Duras, Paul Seban",1967,Drama,0 days 01:21:00,Harvard Film Archive,2025-01-18,9:30 PM,43582138,,
Beasts of the Southern Wild,Benh Zeitlin,2012,Drama,0 days 01:33:00,Coolidge Corner Theatre,2025-01-18,2:00 PM,35581515,English,United States
Good One,India Donaldson,2024,Drama,0 days 01:30:00,The Brattle,2025-01-18,12:00 PM,76824251,English,United States
His Three Daughters,Azazel Jacobs,2024,Drama,0 days 01:44:00,The Brattle,2025-01-18,2:00 PM,74785116,English,United States
The Discreet Charm of the Bourgeoisie,Luis Buñuel,1972,Comedy,0 days 01:41:00,Harvard Film Archive,2025-01-19,7:00 PM,346569,French,France
Rumours,"Guy Maddin, Galen Johnson, Evan Johnson",2024,Comedy,0 days 01:44:00,The Brattle,2025-01-19,"3:45 PM, 9:00 PM",75785008,English,Canada
India Song,Marguerite Duras,1975,Drama,0 days 01:55:00,Harvard Film Archive,2025-01-19,3:00 PM,33347419,French,France
Megalopolis,Francis Ford Coppola,2024,SciFi,0 days 02:18:00,The Brattle,2025-01-19,6:00 PM,68613611,English,United States
The People's Joker,Vera Drew,2024,Comedy,0 days 01:32:00,The Brattle,2025-01-19,1:30 PM,71776978,English,United States
Star Trek: First Contact,Jonathan Frakes,1996,SciFi,0 days 01:51:00,Coolidge Corner Theatre,2025-01-19,2:00 PM,27097,English,United States
Toopy and Binoo The Movie,"Dominique Jolin, Raymond Lebrun",2023,Animation,0 days 01:18:00,The Brattle,2025-01-20,10:30 AM,,,
Rustin,George C. Wolfe,2023,Drama,0 days 01:48:00,Coolidge Corner Theatre,2025-01-20,3:00 PM,66716299,English,United States
Fancy Dance,Erica Tremblay,2024,Drama,0 days 01:31:00,The Brattle,2025-01-20,6:00 PM,72842326,English,United States
Sugarcane,"Emily Kassie, Julian Brave NoiseCat",2024,Documentary,0 days 01:47:00,The Brattle,2025-01-20,8:00 PM,75835628,English,United States
The Beast,Bertrand Bonello,2024,Drama,0 days 02:27:00,The Brattle,2025-01-21,8:30 PM,71610564,French,France
They Live,John Carpenter,1988,SciFi,0 days 01:33:00,Coolidge Corner Theatre,2025-01-21,7:00 PM,342556,English,United States
La Chimera,Alice Rohrwacher,2023,Adventure,0 days 02:13:00,The Brattle,2025-01-21,6:00 PM,70104574,Italian,Italy
The Beast,Zeph Smith,2024,Horror,0 days 00:11:00,The Brattle,2025-01-21,8:30 PM,71610564,French,France
Dahomey,Mati Diop,2024,Documentary,0 days 01:08:00,The Brattle,2025-01-22,7:00 PM,75935839,French,France
Omen,Baloji Tshiani,2023,Drama,0 days 01:30:00,The Brattle,2025-01-22,"5:00 PM, 8:30 PM",75083336,French,Belgium
The Fifth Element,Luc Besson,1997,SciFi,0 days 02:06:00,Coolidge Corner Theatre,2025-01-22,7:00 PM,143809,English,France
Fargo,Joel Coen,1996,Crime,0 days 01:38:00,Coolidge Corner Theatre,2025-01-23,7:00 PM,142430,English,United States
Twilight of the Warriors: Walled In,Soi Cheang,2024,Action,0 days 02:05:00,The Brattle,2025-01-23,6:30 PM,69461714,Cantonese,Hong Kong
Monkey Man,Dev Patel,2024,Action,0 days 02:01:00,The Brattle,2025-01-23,"4:00 PM, 9:15 PM",66481319,English,Canada
Challengers,Luca Guadagnino,2024,Romance,0 days 02:12:00,The Brattle,2025-01-24,6:00 PM,70047803,English,United States
Pale Rider,Clint Eastwood,1985,Western,0 days 01:55:00,The Brattle,2025-01-24,3:30 PM,250012,English,United States
"Muriel, or the Time of Return",Alain Resnais,1963,Drama,0 days 01:57:00,Harvard Film Archive,2025-01-24,7:00 PM,,,
Anora,Sean Baker,2024,Romance,0 days 02:19:00,The Brattle,2025-01-24,8:45 PM,75146745,English,United States
Maso and Miso Go Boating,"Ioana Wieder, Delphine Seyrig, Nadja Ringart, Carole Roussopoulos",1976,Documentary,0 days 00:55:00,Harvard Film Archive,2025-01-24,9:30 PM,,,
Revenge,Coralie Fargeat,2018,Action,0 days 01:49:00,Coolidge Corner Theatre,2025-01-24,11:59 PM,54729829,English,France
Maso and Miso Go Boating,"Ioana Wieder, Delphine Seyrig, Nadja Ringart, Carole Roussopoulos",1976,Documentary,0 days 00:55:00,Harvard Film Archive,2025-01-24,7:30 PM,,,
"Muriel, or the Time of Return",Alain Resnais,1963,Drama,0 days 01:57:00,Harvard Film Archive,2025-01-24,9:00 PM,,,
Opera,Dario Argento,1987,Horror,0 days 01:47:00,Coolidge Corner Theatre,2025-01-25,11:59 PM,5707225,,Italy
"Baxter, Vera Baxter",Marguerite Duras,1977,Mystery,0 days 01:35:00,Harvard Film Archive,2025-01-25,9:30 PM,42074586,French,France
Challengers,Luca Guadagnino,2024,Romance,0 days 02:12:00,The Brattle,2025-01-25,9:00 PM,70047803,English,United States
The Stranger and the Fog,Bahram Beyzai,2024,Drama,0 days 02:26:00,Museum of Fine Arts,2025-01-25,2:30 PM,,,
Anora,Sean Baker,2024,Romance,0 days 02:19:00,The Brattle,2025-01-25,6:00 PM,75146745,English,United States
Flow,Gints Zilbalodis,2024,Animation,0 days 01:25:00,The Brattle,2025-01-25,"12:00 PM, 2:00 PM, 4:00 PM",76884533,,Latvia
March of the Penguins,Luc Jacquet,2005,Documentary,0 days 01:20:00,Coolidge Corner Theatre,2025-01-25,10:30 AM,2305746,French,France
Be Pretty and Shut Up!,Delphine Seyrig,1981,Documentary,0 days 01:51:00,Harvard Film Archive,2025-01-25,7:00 PM,,,
A Different Man,Aaron Schimberg,2024,Comedy,0 days 01:52:00,The Brattle,2025-01-26,7:00 PM,71828618,English,United States
The Substance,Coralie Fargeat,2024,Horror,0 days 02:21:00,The Brattle,2025-01-26,"4:15 PM, 9:30 PM",70519613,English,France
Denis Villeneuve's Dune,Denis Villeneuve,2021,Fantasy,0 days 05:21:00,Coolidge Corner Theatre,2025-01-26,3:30 PM,,,
The Discreet Charm of the Bourgeoisie,Luis Buñuel,1972,Comedy,0 days 01:41:00,Harvard Film Archive,2025-01-26,3:00 PM,346569,French,France
Flow,Gints Zilbalodis,2024,Animation,0 days 01:25:00,The Brattle,2025-01-26,12:00 PM,76884533,,Latvia
RPM Fest Presents 10 Films by Saul Levine,Saul Levine,1978,Documentary,0 days 01:15:00,The Brattle,2025-01-26,2:00 PM,,,
Last Year at Marienbad,Alain Resnais,1961,Drama,0 days 01:35:00,Harvard Film Archive,2025-01-26,7:00 PM,157173,French,France
Happy Feet,George Miller,2006,Animation,0 days 01:48:00,West Newton Cinema,2025-01-26,10:30 AM,1499348,English,United States
Do Not Expect Too Much from the End of the World,Radu Jude,2023,Comedy,0 days 02:44:00,The Brattle,2025-01-27,5:30 PM,74526125,Romanian,Romania
Journey to Italy,Roberto Rossellini,1954,Drama,0 days 01:25:00,Coolidge Corner Theatre,2025-01-27,7:00 PM,11784534,English (production),Italy
The Two Faces of a Bamileke Woman,Rosine Mbakam,2018,Documentary,0 days 01:17:00,Harvard Film Archive,2025-01-27,7:00 PM,,,
Problemista,Julio Torres,2024,Comedy,0 days 01:44:00,The Brattle,2025-01-27,8:30 PM,72819864,English,United States
The Two Faces of a Bamileke Woman,Rosine Mbakam,2018,Documentary,0 days 01:17:00,Harvard Film Archive,2025-01-27,7:30 PM,,,
Evil Does Not Exist,Ryūsuke Hamaguchi,2023,Drama,0 days 01:46:00,The Brattle,2025-01-28,8:00 PM,74574510,Japanese,Japan
Snowpiercer,Bong Joon-ho,2013,Action,0 days 02:07:00,Coolidge Corner Theatre,2025-01-28,7:00 PM,35816879,English,South Korea
Humanist Vampire Seeking Consenting Suicidal Person,Ariane Louis-Seize,2023,Romance,0 days 01:31:00,The Brattle,2025-01-29,7:00 PM,74464581,French,Canada
I Saw the TV Glow,Jane Schoenbrun,2024,Drama,0 days 01:40:00,The Brattle,2025-01-29,"4:45 PM, 9:00 PM",71614849,English,United States
Stargate,Roland Emmerich,1994,Action,0 days 02:01:00,Coolidge Corner Theatre,2025-01-30,7:00 PM,28327,English,United States
Longlegs,Osgood Perkins,2024,Horror,0 days 01:41:00,The Brattle,2025-01-30,9:15 PM,72753280,English,United States
Soundtrack to a Coup d'État,Johan Grimonprez,2024,Documentary,0 days 02:30:00,The Brattle,2025-01-30,6:00 PM,76177041,French,Belgium
The Wages of Fear,Henri-Georges Clouzot,1953,Drama,0 days 02:33:00,The Brattle,2025-01-31,6:00 PM,447074,French,France
Daughters of Darkness,Harry Kümel,1971,Drama,0 days 01:40:00,Harvard Film Archive,2025-01-31,9:00 PM,14259399,English,Belgium
Irreversible,Gaspar Noé,2002,Drama,0 days 01:34:00,Coolidge Corner Theatre,2025-01-31,11:59 PM,299490,French,France
The Thing,John Carpenter,1982,Horror,0 days 01:49:00,The Brattle,2025-01-31,3:30 PM,30809,English,United States
Prism,"Rosine Mbakam, Eléonore Yameogo, An van. Dienderen",2021,Documentary,0 days 01:17:00,Harvard Film Archive,2025-01-31,9:00 PM,,,
Chez Jolie Coiffure,Rosine Mbakam,2019,Documentary,0 days 01:13:00,Harvard Film Archive,2025-01-31,7:30 PM,83845501,French,Belgium
Prism,"Rosine Mbakam, Eléonore Yameogo, An van. Dienderen",2021,Documentary,0 days 01:17:00,Harvard Film Archive,2025-01-31,9:30 PM,,,
Hard Target,John Woo,1993,Action,0 days 01:37:00,Coolidge Corner Theatre,2025-02-01,11:59 PM,1631497,English,United States
The Optical Tricks of a Cinemagician,Georges Méliès,1896,Documentary,0 days 01:03:00,Harvard Film Archive,2025-02-01,7:00 PM,,,
Prism,"Rosine Mbakam, Eléonore Yameogo, An van. Dienderen",2021,Documentary,0 days 01:17:00,Harvard Film Archive,2025-02-01,9:00 PM,,,
Daughters of Darkness,Harry Kümel,1971,Drama,0 days 01:40:00,Harvard Film Archive,2025-02-01,9:00 PM,14259399,English,Belgium
Only in Dreams: The Evils that Lurk,Georges Méliès,1896,Documentary,0 days 01:13:00,Harvard Film Archive,2025-02-02,3:00 PM,,,
The Two Faces of a Bamileke Woman,Rosine Mbakam,2018,Documentary,0 days 01:17:00,Harvard Film Archive,2025-02-02,7:00 PM,,,
Dead End,Parviz Sayyad,1977,Drama,0 days 01:35:00,Museum of Fine Arts,2025-02-02,2:30 PM,38216944,Persian,Iran
The Flying Ace,Richard E. Norman,1926,Crime,0 days 01:05:00,Somerville Theatre,2025-02-02,2:00 PM,9798566,Silent,United States
Carmen Jones,Otto Preminger,1954,Drama,0 days 01:45:00,Coolidge Corner Theatre,2025-02-02,2:00 PM,10554740,English,United States
Jennifer's Body,Karyn Kusama,2009,Horror,0 days 01:47:00,Somerville Theatre,2025-02-02,9:30 PM,15713038,English,United States
Jumanji: Welcome to the Jungle,Jake Kasdan,2017,Adventure,0 days 01:59:00,Coolidge Corner Theatre,2025-02-02,10:30 AM,48359197,English,United States
Lone Star,John Sayles,1996,Drama,0 days 02:15:00,West Newton Cinema,2025-02-02,12:00 PM,1108697,English,United States
Barry Lyndon,Stanley Kubrick,1975,Drama,0 days 03:05:00,Coolidge Corner Theatre,2025-02-03,7:00 PM,4227,English,United Kingdom
The Teachers' Lounge,İlker Çatak,2023,Drama,0 days 01:38:00,Goethe-Institut,2025-02-03,7:00 PM,74189366,German,Germany
Once Upon a Time... in Hollywood,Quentin Tarantino,2019,Comedy,0 days 02:42:00,Somerville Theatre,2025-02-03,7:30 PM,56717294,English,United States
Sanggyedong Olympic / Graeae: A Stationed Idea,"Kim Dong-won, Jeong Yeo-reum",1988,Documentary,0 days 01:02:00,Harvard Film Archive,2025-02-03,7:30 PM,,,
Armand,Halfdan Ullmann Tøndel,2024,Drama,0 days 01:56:00,Coolidge Corner Theatre,2025-02-04,7:00 PM,76881722,Norwegian,Norway
Once Upon a Time... in Hollywood,Quentin Tarantino,2019,Comedy,0 days 02:42:00,Somerville Theatre,2025-02-04,7:30 PM,56717294,English,United States
His Girl Friday,Howard Hawks,1940,Comedy,0 days 01:32:00,Coolidge Corner Theatre,2025-02-04,7:00 PM,74018,English,United States
Different from the Others,Richard Oswald,1919,Drama,0 days 00:51:00,The Brattle,2025-02-04,6:00 PM,1887155,Silent,Weimar Republic
The Ice Storm,Ang Lee,1997,Drama,0 days 01:52:00,The Brattle,2025-02-05,8:00 PM,7770667,English,United States
The Facts of Murder,Pietro Germi,1959,Mystery,0 days 01:55:00,Somerville Theatre,2025-02-05,7:30 PM,12780416,Italian,Italy
Memories of Murder,Bong Joon-ho,2003,Crime,0 days 02:11:00,The Brattle,2025-02-06,"4:30 PM, 9:30 PM",2746792,Korean,South Korea
Super Fly,Gordon Parks Jr.,1972,Crime,0 days 01:31:00,Coolidge Corner Theatre,2025-02-06,7:00 PM,195776,English,United States
The Bird with the Crystal Plumage,Dario Argento,1970,Horror,0 days 01:36:00,Somerville Theatre,2025-02-06,8:45 PM,3657826,Italian,Italy
Mulholland Drive,David Lynch,2001,Thriller,0 days 02:27:00,West Newton Cinema,2025-02-06,6:30 PM,20786,English,United States
Blood and Black Lace,Mario Bava,1964,Horror,0 days 01:28:00,Somerville Theatre,2025-02-06,7:10 PM,2010907,,Italy
Cure,Kiyoshi Kurosawa,1997,Crime,0 days 01:51:00,The Brattle,2025-02-06,7:15 PM,2359777,Japanese,Japan
Repulsion,Roman Polanski,1965,Drama,0 days 01:45:00,The Brattle,2025-02-07,"5:30 PM, 9:30 PM",1001142,English,United Kingdom
Santa Teresa & Other Stories,Nelson Carlos de los Santos Arias,2015,Documentary,0 days 01:05:00,Harvard Film Archive,2025-02-07,7:30 PM,,,
Outrage,Ida Lupino,1950,Drama,0 days 01:15:00,The Brattle,2025-02-07,7:45 PM,3688065,English,United States
You Look Like a Carriage That Not Even the Oxen Can Stop,Nelson Carlos de los Santos Arias,2013,,0 days 01:24:00,Harvard Film Archive,2025-02-07,9:45 PM,,,
Rapid Fire,Dwight H. Little,1992,Action,0 days 01:35:00,Coolidge Corner Theatre,2025-02-07,11:59 PM,551753,English,United States
No Other Land,"Basel Adra, Hamdan Ballal, Yuval Abraham, Rachel Szor",2024,Documentary,0 days 01:36:00,Coolidge Corner Theatre,2025-02-07,7:00 PM,76180709,Arabic,Palestine
Black Belt Jones,Robert Clouse,1974,Action,0 days 01:27:00,Coolidge Corner Theatre,2025-02-08,11:55 PM,1853942,English,United States
Mambar Pierrette,Rosine Mbakam,2024,Drama,0 days 01:33:00,Harvard Film Archive,2025-02-08,7:00 PM,,,
Repulsion,Roman Polanski,1965,Drama,0 days 01:45:00,The Brattle,2025-02-08,1:45 PM,1001142,English,United Kingdom
Outrage,Ida Lupino,1950,Drama,0 days 01:15:00,The Brattle,2025-02-08,12:00 PM,3688065,English,United States
Insomnia,Christopher Nolan,2002,Crime,0 days 01:58:00,The Brattle,2025-02-08,6:15 PM,4760936,English,United States
The Vanishing,George Sluizer,1988,Thriller,0 days 01:46:00,The Brattle,2025-02-08,"4:00 PM, 8:45 PM",350584,Dutch,Netherlands
A Fistful of Dollars,Sergio Leone,1964,Western,0 days 01:39:00,Somerville Theatre,2025-02-09,"2:00 PM, 6:30 PM",441926,English,Italy
From Hilde with Love,Andreas Dresen,2024,Drama,0 days 02:04:00,Coolidge Corner Theatre,2025-02-09,11:00 AM,75928693,German,Germany
In the Heat of the Night,Norman Jewison,1967,Crime,0 days 01:49:00,Coolidge Corner Theatre,2025-02-09,2:00 PM,1715414,English,United States
"Voyages through Earth, Sea and Space",Georges Méliès,1896,Documentary,0 days 01:00:00,Harvard Film Archive,2025-02-09,3:00 PM,,,
Twin Peaks: Fire Walk with Me,David Lynch,1992,Drama,0 days 02:15:00,The Brattle,2025-02-09,"4:30 PM, 7:30 PM",245515,English,France
Delphine’s Prayers,Rosine Mbakam,2021,Documentary,0 days 01:30:00,Harvard Film Archive,2025-02-09,7:00 PM,,,
Unforgiven,Clint Eastwood,1992,Western,0 days 02:10:00,Somerville Theatre,2025-02-09,4:00 PM,133574,English,United States
The Garden That Tilts,Guy Gilles,1975,Drama,0 days 01:30:00,Harvard Film Archive,2025-02-10,7:30 PM,23181860,French,France
The Garden That Tilts,Guy Gilles,1975,Drama,0 days 01:30:00,Harvard Film Archive,2025-02-10,7:00 PM,23181860,French,France
The Double,Richard Ayoade,2014,Thriller,0 days 01:33:00,The Brattle,2025-02-10,"5:00 PM, 9:00 PM",35976870,English,United Kingdom
Enemy,Denis Villeneuve,2014,Thriller,0 days 01:31:00,The Brattle,2025-02-10,7:00 PM,38850565,English,Canada
Mädchen in Uniform,"Leontine Sagan, Carl Froelich",1931,Drama,0 days 01:28:00,The Brattle,2025-02-11,6:00 PM,1245942,German,Weimar Republic
The Killing of a Sacred Deer,Yorgos Lanthimos,2017,Drama,0 days 02:01:00,The Brattle,2025-02-11,8:30 PM,51436403,English,Ireland
Girl Talk,Lucia Small,2022,Documentary,0 days 01:31:00,West Newton Cinema,2025-02-12,6:30 PM,,,
Under the Skin,Jonathan Glazer,2014,Thriller,0 days 01:48:00,The Brattle,2025-02-12,6:30 PM,39502001,English,United Kingdom
High Life,Claire Denis,2018,SciFi,0 days 01:53:00,The Brattle,2025-02-12,"4:00 PM, 8:45 PM",54459964,English,France
An Affair to Remember,Leo McCarey,1957,Drama,0 days 01:51:00,Coolidge Corner Theatre,2025-02-12,7:00 PM,884742,English,United States
Casablanca,Michael Curtiz,1943,Drama,0 days 01:42:00,The Brattle,2025-02-13,"4:00 PM, 7:00 PM",57585,English,United States
Pepe,Nelson Carlos de los Santos Arias,2025,Drama,0 days 02:02:00,Harvard Film Archive,2025-02-13,7:00 PM,78089000,Kannada,India
The Princess Bride,Rob Reiner,1987,Adventure,0 days 01:39:00,The Brattle,2025-02-13,10:00 PM,31153,English,United States
Notting Hill,Roger Michell,1999,Romance,0 days 02:04:00,Coolidge Corner Theatre,2025-02-13,7:00 PM,204019,English,United Kingdom
Barb & Star Go to Vista Del Mar,Josh Greenbaum,2021,Comedy,0 days 01:47:00,Coolidge Corner Theatre,2025-02-13,9:30 PM,,,
Cocote,Nelson Carlos de los Santos Arias,2017,Drama,0 days 01:46:00,Harvard Film Archive,2025-02-14,7:30 PM,58474254,Spanish,Dominican Republic
The Princess Bride,Rob Reiner,1987,Adventure,0 days 01:39:00,The Brattle,2025-02-14,10:00 PM,31153,English,United States
Casablanca,Michael Curtiz,1943,Drama,0 days 01:42:00,The Brattle,2025-02-14,"4:00 PM, 7:00 PM",57585,English,United States
Good Will Hunting,Gus Van Sant,1997,Drama,0 days 02:07:00,Wang Theatre,2025-02-14,7:00 PM,142456,English,United States
Singles,Cameron Crowe,1992,Comedy,0 days 01:39:00,West Newton Cinema,2025-02-14,6:30 PM,577663,English,United States
Romeo Must Die,Andrzej Bartkowiak,2000,Action,0 days 01:55:00,Coolidge Corner Theatre,2025-02-14,11:59 PM,1047463,English,United States
Enter the Dragon,Robert Clouse,1973,Action,0 days 01:42:00,Coolidge Corner Theatre,2025-02-15,11:59 PM,10193,English,Hong Kong
Crash,David Cronenberg,1996,Drama,0 days 01:40:00,The Brattle,2025-02-15,9:00 PM,2077360,English,Canada
The Bugs Bunny Film Festival,Various,1950,Animation,0 days 01:20:00,The Brattle,2025-02-15,"11:00 AM, 1:00 PM, 3:00 PM, 5:00 PM, 7:00 PM",,,
"Jeanne Dielman, 23, quai du Commerce, 1080 Bruxelles",Chantal Akerman,1976,Drama,0 days 03:22:00,Harvard Film Archive,2025-02-15,6:00 PM,13889076,French,Belgium
"Jeanne Dielman, 23, quai du Commerce, 1080 Bruxelles",Chantal Akerman,1976,Drama,0 days 03:22:00,Harvard Film Archive,2025-02-15,7:00 PM,13889076,French,Belgium
The Departed,Martin Scorsese,2006,Drama,0 days 02:31:00,Wang Theatre,2025-02-15,7:00 PM,1349086,English,United States
Legally Blonde,Robert Luketic,2001,Comedy,0 days 01:36:00,Wang Theatre,2025-02-15,1:00 PM,444267,English,United States
Glory,Edward Zwick,1989,Drama,0 days 02:02:00,Coolidge Corner Theatre,2025-02-16,2:00 PM,509676,English,United States
Donkey Skin,Jacques Demy,1970,Fantasy,0 days 01:30:00,Harvard Film Archive,2025-02-16,3:00 PM,3071676,French,France
Boston Sci-Fi Film Festival Marathon,Various,2025,SciFi,1 days 00:00:00,Somerville Theatre,2025-02-16,12:00 PM,,,
Little Women,Greta Gerwig,2019,Drama,0 days 02:15:00,Wang Theatre,2025-02-16,1:00 PM,57793159,English,United States
Glory,Edward Zwick,1989,Drama,0 days 02:02:00,Wang Theatre,2025-02-16,7:00 PM,509676,English,United States
Labor News No. 1 / melting icecream,"Labor News Production, Hong Jin-hwon",1989,Documentary,0 days 02:23:00,Harvard Film Archive,2025-02-16,7:00 PM,,,
Crash,David Cronenberg,1996,Drama,0 days 01:40:00,The Brattle,2025-02-16,9:00 PM,2077360,English,Canada
The Boy and the Heron,Hayao Miyazaki,2023,Animation,0 days 02:04:00,The Brattle,2025-02-17,6:00 PM,56741338,Japanese,Japan
The Wizard of Oz,Victor Fleming,1939,Adventure,0 days 01:42:00,Wang Theatre,2025-02-17,7:00 PM,561315,English,United States
Muppet Treasure Island,Brian Henson,1996,Comedy,0 days 01:40:00,Coolidge Corner Theatre,2025-02-17,1:00 PM,1458752,English,United States
Point Break,Kathryn Bigelow,1991,Action,0 days 02:02:00,Coolidge Corner Theatre,2025-02-17,7:00 PM,483274,English,United States
Victor and Victoria,Reinhold Schünzel,1933,Music,0 days 01:39:00,The Brattle,2025-02-18,6:00 PM,3478065,German,Germany
Holiday,George Cukor,1938,Comedy,0 days 01:37:00,Coolidge Corner Theatre,2025-02-18,7:00 PM,4070671,English,United States
Fantastic Mr. Fox,Wes Anderson,2009,Adventure,0 days 01:27:00,Coolidge Corner Theatre,2025-02-18,4:00 PM,3112909,English,United Kingdom
The Incredibles,Brad Bird,2004,Action,0 days 01:55:00,Coolidge Corner Theatre,2025-02-19,4:00 PM,565879,English,United States
Judas and the Black Messiah,Shaka King,2021,Drama,0 days 02:06:00,Coolidge Corner Theatre,2025-02-19,7:00 PM,62113200,English,United States
The Return,Uberto Pasolini,2024,History,0 days 01:56:00,The Brattle,2025-02-19,8:00 PM,73050420,English,Italy
The Parent Trap,Nancy Meyers,1998,Comedy,0 days 02:08:00,Coolidge Corner Theatre,2025-02-20,1:00 PM,2236329,English,United States
The Fall,Tarsem,2008,Adventure,0 days 01:57:00,The Brattle,2025-02-21,6:00 PM,27941350,English,United States
Two Years at Sea,Ben Rivers,2011,Documentary,0 days 01:28:00,Harvard Film Archive,2025-02-21,7:00 PM,,,
The Cell,Tarsem Singh,2000,Horror,0 days 01:47:00,The Brattle,2025-02-21,8:30 PM,666948,English,United States
Golden Eighties,Chantal Akerman,1986,Music,0 days 01:36:00,Harvard Film Archive,2025-02-21,9:30 PM,64325894,French,Belgium
Rumble in the Bronx,Stanley Tong,1995,Crime,0 days 01:46:00,Coolidge Corner Theatre,2025-02-21,11:59 PM,165990,Cantonese,Hong Kong
The Cell,Tarsem Singh,2000,Horror,0 days 01:47:00,The Brattle,2025-02-22,"4:00 PM, 8:45 PM",666948,English,United States
Rush Hour,Brett Ratner,1998,Action,0 days 01:37:00,Coolidge Corner Theatre,2025-02-22,11:59 PM,489800,English,United States
Eephus,Carson Lund,2025,Drama,0 days 01:38:00,Harvard Film Archive,2025-02-22,7:00 PM,445172,English,France
The Fall,Tarsem,2008,Adventure,0 days 01:57:00,The Brattle,2025-02-22,6:15 PM,27941350,English,United States
Punch-Drunk Love / Ali: Fear Eats the Soul,"Paul Thomas Anderson, Rainer Werner Fassbinder",1974,Drama,0 days 03:08:00,Harvard Film Archive,2025-02-22,2:00 PM,,,
Hear Her With Your Eyes,Ting Chi-wen,2023,Drama,0 days 00:25:00,Museum of Fine Arts,2025-02-23,2:30 PM,,,
This Woman,Alan Zhang,2023,Documentary,0 days 01:30:00,Museum of Fine Arts,2025-02-23,2:30 PM,,,
RPM Fest Presents Mountains Meet the Sea: Kathy Rugh,Kathy Rugh,2007,Documentary,0 days 01:07:00,The Brattle,2025-02-23,4:00 PM,,,
Sister Act,Emile Ardolino,1992,Music,0 days 01:40:00,Coolidge Corner Theatre,2025-02-23,2:00 PM,920468,English,United States
Hatari!,Howard Hawks,1962,Adventure,0 days 02:37:00,Harvard Film Archive,2025-02-23,3:00 PM,1955767,English,United States
The Fall,Tarsem,2008,Adventure,0 days 01:57:00,The Brattle,2025-02-23,6:00 PM,27941350,English,United States
Be Pretty and Shut Up!,Delphine Seyrig,1981,Documentary,0 days 01:51:00,Harvard Film Archive,2025-02-23,7:00 PM,,,
The Cell,Tarsem Singh,2000,Horror,0 days 01:47:00,The Brattle,2025-02-23,8:30 PM,666948,English,United States
Sherlock Jr.,Buster Keaton,1924,Action,0 days 00:45:00,Somerville Theatre,2025-02-23,2:00 PM,76346,Silent,United States
X-Men: First Class,Matthew Vaughn,2011,Action,0 days 02:12:00,Coolidge Corner Theatre,2025-02-24,7:00 PM,28648635,English,United States
Collective Monologue,Jessica Sarah Rinland,2024,Documentary,0 days 01:44:00,Harvard Film Archive,2025-02-24,7:00 PM,,,
Blue Velvet,David Lynch,1986,Mystery,0 days 02:00:00,The Brattle,2025-02-24,8:30 PM,3947,English,United States
Sherlock Jr.,Buster Keaton,1924,Action,0 days 00:45:00,Somerville Theatre,2025-02-24,7:30 PM,76346,Silent,United States
"It Is Not the Homosexual Who Is Perverse, But the Society in Which He Lives",Rosa von Praunheim,1971,Drama,0 days 01:07:00,The Brattle,2025-02-25,6:00 PM,25326806,German,West Germany
Blue Velvet,David Lynch,1986,Mystery,0 days 02:00:00,The Brattle,2025-02-25,8:30 PM,3947,English,United States
Notorious,Alfred Hitchcock,1946,Thriller,0 days 01:43:00,Coolidge Corner Theatre,2025-02-25,7:00 PM,255198,English,United States
Tangerine,Sean Baker,2015,Comedy,0 days 01:27:00,Coolidge Corner Theatre,2025-02-26,7:00 PM,45254449,English,United States
Blue Velvet,David Lynch,1986,Mystery,0 days 02:00:00,The Brattle,2025-02-26,6:00 PM,3947,English,United States
Mulholland Drive,David Lynch,2001,Thriller,0 days 02:27:00,The Brattle,2025-02-26,8:45 PM,20786,English,United States
Buck and the Preacher,Sidney Poitier,1972,Action,0 days 01:42:00,Coolidge Corner Theatre,2025-02-27,7:00 PM,18764211,English,United States
Porcelain War,"Slava Leontyev, Brendan Bellomo",2024,Documentary,0 days 01:27:00,Museum of Fine Arts,2025-02-27,7:00 PM,75931881,Ukrainian,United States
Mulholland Drive,David Lynch,2001,Thriller,0 days 02:27:00,The Brattle,2025-02-27,"6:00 PM, 9:00 PM",20786,English,United States
Eraserhead,David Lynch,1978,Horror,0 days 01:29:00,Harvard Film Archive,2025-02-28,7:00 PM,36814246,English,United States
Eastern Condors,Sammo Hung Kam-Bo,1987,Action,0 days 01:37:00,Coolidge Corner Theatre,2025-02-28,11:59 PM,12085775,Cantonese,United Kingdom
The Silence of the Lambs,Jonathan Demme,1991,Crime,0 days 01:59:00,The Brattle,2025-02-28,9:00 PM,30006,English,United States
Anora,Sean Baker,2024,Romance,0 days 02:19:00,Museum of Fine Arts,2025-02-28,7:00 PM,75146745,English,United States
One Flew Over the Cuckoo's Nest,Miloš Forman,1975,Drama,0 days 02:13:00,The Brattle,2025-02-28,6:00 PM,21913863,English,United States
It Happened One Night,Frank Capra,1934,Comedy,0 days 01:45:00,The Brattle,2025-03-01,12:30 PM,44696,English,United States
The Funhouse,Tobe Hooper,1981,Horror,0 days 01:36:00,Somerville Theatre,2025-03-01,10:00 PM,4343543,English,United States
The Silence of the Lambs,Jonathan Demme,1991,Crime,0 days 01:59:00,The Brattle,2025-03-01,9:00 PM,30006,English,United States
Alligator,Lewis Teague,1980,Horror,0 days 01:31:00,Somerville Theatre,2025-03-01,11:59 PM,4946798,English,United States
Twin Peaks: Fire Walk with Me,David Lynch,1992,Drama,0 days 02:15:00,Harvard Film Archive,2025-03-01,7:00 PM,245515,English,France
One Flew Over the Cuckoo's Nest,Miloš Forman,1975,Drama,0 days 02:13:00,The Brattle,2025-03-01,"3:00 PM, 6:00 PM",21913863,English,United States
Shock Waves,Ken Wiederhorn,1977,Horror,0 days 01:25:00,Somerville Theatre,2025-03-01,8:00 PM,3084973,English,United States
Titicut Follies,Frederick Wiseman,1967,Documentary,0 days 01:24:00,Museum of Fine Arts,2025-03-01,1:30 PM,1195757,English,United States
The Silence of the Lambs,Jonathan Demme,1991,Crime,0 days 01:59:00,The Brattle,2025-03-02,12:00 PM,30006,English,United States
Aloïse,Liliane de Kermadec,1975,Drama,0 days 01:55:00,Harvard Film Archive,2025-03-02,3:00 PM,22586634,French,France
It Happened One Night,Frank Capra,1934,Comedy,0 days 01:45:00,The Brattle,2025-03-02,3:00 PM,44696,English,United States
Dorian Gray in the Mirror of the Yellow Press,Ulrike Ottinger,1984,Drama,0 days 02:30:00,Harvard Film Archive,2025-03-02,7:00 PM,,,
Essene,Frederick Wiseman,1972,Documentary,0 days 01:26:00,The Brattle,2025-03-03,8:00 PM,,,
Dahomey,Mati Diop,2024,Documentary,0 days 01:08:00,Harvard Film Archive,2025-03-03,7:00 PM,75935839,French,France
Hospital,Frederick Wiseman,1970,Documentary,0 days 01:24:00,The Brattle,2025-03-03,6:00 PM,74376,,United States
The Bitter Tears of Petra von Kant,Rainer Werner Fassbinder,1972,Drama,0 days 02:04:00,The Brattle,2025-03-04,6:00 PM,844325,German,West Germany
Flow,Gints Zilbalodis,2024,Animation,0 days 01:25:00,Museum of Fine Arts,2025-03-06,7:00 PM,76884533,,Latvia
The Girl with the Needle,Magnus von Horn,2024,Drama,0 days 02:03:00,Museum of Fine Arts,2025-03-07,7:00 PM,76585133,Danish,Denmark
The Death of Louis XIV,Albert Serra,2016,Drama,0 days 01:55:00,Harvard Film Archive,2025-03-07,7:00 PM,51708937,French,France
Liberté,Albert Serra,2019,Drama,0 days 02:12:00,Harvard Film Archive,2025-03-07,9:15 PM,60531704,French,France
Beau travail / Brief Encounter,"Claire Denis, David Lean",1945,Drama,0 days 03:00:00,Harvard Film Archive,2025-03-08,2:00 PM,,,
Bogancloch,Ben Rivers,2024,Documentary,0 days 01:25:00,Harvard Film Archive,2025-03-08,7:00 PM,77506270,English,United Kingdom
Spirited Away,Hayao Miyazaki,2001,Animation,0 days 02:05:00,Museum of Fine Arts,2025-03-09,2:30 PM,70091,Japanese,Japan
Edvard Munch,Peter Watkins,1974,TVMovie,0 days 03:30:00,Harvard Film Archive,2025-03-09,7:00 PM,828348,Norwegian,Norway
"Now, at Last!",Ben Rivers,2018,Documentary,0 days 00:38:00,Harvard Film Archive,2025-03-10,7:00 PM,,,
Kubo and the Two Strings,Travis Knight,2016,Animation,0 days 01:42:00,Museum of Fine Arts,2025-03-14,7:00 PM,45062970,English,United States
National Gallery,Frederick Wiseman,2014,Documentary,0 days 03:00:00,Museum of Fine Arts,2025-03-15,1:30 PM,77252576,English,France
Eephus,Carson Lund,2025,Drama,0 days 01:38:00,Somerville Theatre,2025-03-15,7:30 PM,445172,English,France
Dead Ringers,David Cronenberg,1988,Thriller,0 days 01:55:00,The Brattle,2025-03-25,9:00 PM,826482,English,Canada
Aimée & Jaguar,Max Färberböck,1999,Drama,0 days 02:05:00,The Brattle,2025-03-25,6:00 PM,451791,German,Germany
Mulholland Drive,David Lynch,2001,Thriller,0 days 02:27:00,Coolidge Corner Theatre,2025-03-25,7:00 PM,20786,English,United States
Divine Madness,Michael Ritchie,1980,Documentary,0 days 01:35:00,Somerville Theatre,2025-03-25,7:30 PM,5028682,English,United States
Taxi Driver,Martin Scorsese,1976,Crime,0 days 01:54:00,The Brattle,2025-03-26,6:00 PM,30000,English,United States
Suspiria,Dario Argento,1977,Horror,0 days 01:39:00,The Brattle,2025-03-26,8:30 PM,347000,English,Italy
Amazing Grace,Alan Elliott,2018,Music,0 days 01:27:00,Somerville Theatre,2025-03-27,7:30 PM,60361320,English,United States
Dead Men Don't Wear Plaid,Carl Reiner,1982,Comedy,0 days 01:29:00,The Brattle,2025-03-28,3:30 PM,103088,English,United States
GoodFellas,Martin Scorsese,1990,Drama,0 days 02:25:00,Coolidge Corner Theatre,2025-03-28,6:00 PM,64394,English,United States
The Annihilation of Fish,Charles Burnett,1999,Drama,0 days 01:48:00,The Brattle,2025-03-28,6:00 PM,54459135,English,United States
Pacifiction,Albert Serra,2022,Drama,0 days 02:46:00,Harvard Film Archive,2025-03-28,7:00 PM,72236843,French,France
Female Perversions,Susan Streitfeld,1997,Drama,0 days 01:59:00,The Brattle,2025-03-28,8:30 PM,30306989,English,United States
Heat,Michael Mann,1995,Crime,0 days 02:50:00,Coolidge Corner Theatre,2025-03-28,9:45 PM,43566,English,United States
Outbreak,Wolfgang Petersen,1995,Action,0 days 02:07:00,Coolidge Corner Theatre,2025-03-28,11:59 PM,733927,English,United States
Go Fish,Rose Troche,1994,Drama,0 days 01:23:00,The Brattle,2025-03-29,8:30 PM,6721185,English,United States
Story of My Death,Albert Serra,2013,History,0 days 02:28:00,Harvard Film Archive,2025-03-29,7:00 PM,41706742,Catalan,Spain
Planet of the Apes,Tim Burton,2001,Thriller,0 days 02:00:00,Coolidge Corner Theatre,2025-03-29,11:59 PM,20181491,English,United States
The Verdict,Sidney Lumet,1982,Drama,0 days 02:09:00,Coolidge Corner Theatre,2025-03-29,3:00 PM,106359,English,United States
Good Will Hunting,Gus Van Sant,1997,Drama,0 days 02:07:00,Coolidge Corner Theatre,2025-03-29,6:30 PM,142456,English,United States
The Town,Ben Affleck,2010,Crime,0 days 02:05:00,Coolidge Corner Theatre,2025-03-29,9:45 PM,24228929,English,United States
The Annihilation of Fish,Charles Burnett,1999,Drama,0 days 01:48:00,The Brattle,2025-03-29,"1:00 PM, 3:30 PM, 6:00 PM",54459135,English,United States
Joy of Sex,Martha Coolidge,1984,Comedy,0 days 01:33:00,The Brattle,2025-03-30,12:30 PM,24668194,English,United States
Stand by Me,Rob Reiner,1986,Crime,0 days 01:29:00,West Newton Cinema,2025-03-30,12:30 PM,87983,English,United States
Address Unknown,William Cameron Menzies,1944,Drama,0 days 01:15:00,Coolidge Corner Theatre,2025-03-30,2:00 PM,20760084,English,United States
The Friends of Eddie Coyle,Peter Yates,1973,Crime,0 days 01:42:00,Coolidge Corner Theatre,2025-03-30,2:00 PM,3213322,English,United States
The Annihilation of Fish,Charles Burnett,1999,Drama,0 days 01:48:00,The Brattle,2025-03-30,"3:00 PM, 5:30 PM, 8:00 PM",54459135,English,United States
Spotlight,Tom McCarthy,2015,Drama,0 days 02:09:00,Coolidge Corner Theatre,2025-03-30,4:00 PM,43842546,English,United States
The Departed,Martin Scorsese,2006,Drama,0 days 02:31:00,Coolidge Corner Theatre,2025-03-30,7:30 PM,1349086,English,United States
Valley Girl,Martha Coolidge,1983,Comedy,0 days 01:39:00,Coolidge Corner Theatre,2025-03-31,7:00 PM,2406870,English,United States
Afternoons of Solitude,Albert Serra,2025,Documentary,0 days 02:05:00,Harvard Film Archive,2025-03-31,7:00 PM,77946692,Spanish,Spain
Model,Frederick Wiseman,1981,Documentary,0 days 02:09:00,The Brattle,2025-03-31,6:00 PM,81559609,English,United States
The French Connection,William Friedkin,1971,Action,0 days 01:44:00,Coolidge Corner Theatre,2025-04-01,7:00 PM,99463,English,United States
The Big Lebowski,"Joel Coen, Ethan Coen",1998,Comedy,0 days 01:57:00,Somerville Theatre,2025-04-01,7:30 PM,29782,English,United States
High School,Frederick Wiseman,1969,Documentary,0 days 01:15:00,Coolidge Corner Theatre,2025-04-01,7:30 PM,,,
The Store,Frederick Wiseman,1983,Documentary,0 days 01:58:00,Somerville Theatre,2025-04-03,7:00 PM,82587910,,
Youth (Spring),Wang Bing,2023,Documentary,0 days 03:32:00,Harvard Film Archive,2025-04-04,6:00 PM,73803574,Mandarin,China
Virtuosity,Brett Leonard,1995,Action,0 days 01:46:00,Coolidge Corner Theatre,2025-04-04,11:59 PM,234731,English,United States
Princess Mononoke,Hayao Miyazaki,1997,Adventure,0 days 02:14:00,Somerville Theatre,2025-04-05,11:59 PM,24653,Japanese,Japan
American Gangster,Ridley Scott,2007,Drama,0 days 02:37:00,Coolidge Corner Theatre,2025-04-05,11:30 PM,5017604,English,United States
La Jetée / In the Mood for Love,"Chris Marker, Wong Kar-wai",1962,Drama,0 days 02:06:00,Harvard Film Archive,2025-04-05,2:00 PM,,,
Youth (Hard Times),Wang Bing,2024,Documentary,0 days 03:47:00,Harvard Film Archive,2025-04-05,6:00 PM,77326698,Mandarin,China
It's the Old Army Game,A. Edward Sutherland,1926,Comedy,0 days 01:16:00,Somerville Theatre,2025-04-06,2:00 PM,33839298,Silent,United States
"RPM Presents: Time, a Substance: Janie Geiser",Janie Geiser,2020,Documentary,0 days 01:07:00,The Brattle,2025-04-06,2:00 PM,,,
Youth (Homecoming),Wang Bing,2024,Documentary,0 days 02:32:00,Harvard Film Archive,2025-04-06,2:00 PM,77424164,Mandarin,China
Dahomey,Mati Diop,2024,Documentary,0 days 01:08:00,Harvard Film Archive,2025-04-06,7:00 PM,75935839,French,France
The Conversation,Francis Ford Coppola,1974,Crime,0 days 01:53:00,Coolidge Corner Theatre,2025-04-06,2:00 PM,66853,English,United States
Harakiri,Masaki Kobayashi,1962,Action,0 days 02:15:00,Harvard Film Archive,2025-04-07,7:00 PM,3137571,Japanese,Japan
Brief Encounter,David Lean,1945,Drama,0 days 01:26:00,Coolidge Corner Theatre,2025-04-07,7:15 PM,70508,English,United Kingdom
Hoosiers,David Anspaugh,1986,Drama,0 days 01:54:00,Coolidge Corner Theatre,2025-04-08,7:00 PM,74375,English,United States
Racetrack,Frederick Wiseman,1985,Documentary,0 days 01:54:00,Somerville Theatre,2025-04-08,7:00 PM,,,
I'm Not There,Todd Haynes,2007,Drama,0 days 02:15:00,Coolidge Corner Theatre,2025-04-09,7:00 PM,5388717,English,Germany
A Serious Man,"Ethan Coen, Joel Coen",2009,Comedy,0 days 01:46:00,West Newton Cinema,2025-04-10,6:30 PM,19226290,English,United States
Menus-Plaisirs - Les Troisgros,Frederick Wiseman,2023,Documentary,0 days 04:00:00,Coolidge Corner Theatre,2025-04-10,7:00 PM,76603481,French,France
Singin' in the Rain,"Stanley Donen, Gene Kelly",1952,Comedy,0 days 01:43:00,Coolidge Corner Theatre,2025-04-10,7:15 PM,1883157,English,United States
"Prewar and Wartime Animation, Part One",Various,1931,Animation,0 days 01:11:00,Harvard Film Archive,2025-04-11,7:00 PM,,,
Tangerine,Sean Baker,2015,Comedy,0 days 01:27:00,West Newton Cinema,2025-04-11,7:00 PM,45254449,English,United States
To the Japs: South Korean A-Bomb Survivors Speak Out,NDU,1971,Documentary,0 days 00:52:00,Harvard Film Archive,2025-04-11,9:00 PM,,,
Fallen,Gregory Hoblit,1998,Crime,0 days 02:04:00,Coolidge Corner Theatre,2025-04-11,11:59 PM,1151458,English,United States
The Nice Guys,Shane Black,2016,Comedy,0 days 01:56:00,Coolidge Corner Theatre,2025-04-12,11:59 PM,43846431,English,United States
Afternoons of Solitude,Albert Serra,2025,Documentary,0 days 02:05:00,Harvard Film Archive,2025-04-12,9:00 PM,77946692,Spanish,Spain
Sea Palace / The Sea Demon on Land,Masaoka Kenzo and Igayama Masamitsu,1930,Animation,0 days 01:02:00,Harvard Film Archive,2025-04-12,7:00 PM,,,
Game Changers,Aysun Bademsoy,2024,Documentary,0 days 01:26:00,Coolidge Corner Theatre,2025-04-13,11:00 AM,,,
Night Moves,Arthur Penn,1975,Crime,0 days 01:40:00,Coolidge Corner Theatre,2025-04-13,2:00 PM,1665824,English,United States
Underground and in the Air: Musical Experiments in Yugoslavia,Various,1962,Music,0 days 01:19:00,Harvard Film Archive,2025-04-13,3:00 PM,,,
Alpe-Adria Underground!,"Matevž Jerman, Jurij Meden",2024,,0 days 01:38:00,Harvard Film Archive,2025-04-13,7:00 PM,,,
Subject to Review,Theo Anthony,2019,Documentary,0 days 00:37:00,Harvard Film Archive,2025-04-14,7:00 PM,,,
Shakespeare in Love,John Madden,1998,Romance,0 days 02:03:00,Coolidge Corner Theatre,2025-04-14,7:00 PM,88075,English,United States
Aspen,Frederick Wiseman,1991,Documentary,0 days 02:26:00,Somerville Theatre,2025-04-15,7:00 PM,,,
Mississippi Burning,Alan Parker,1988,Drama,0 days 02:08:00,Coolidge Corner Theatre,2025-04-15,7:00 PM,129410,English,United States
Working Girls,Lizzie Borden,1987,Drama,0 days 01:33:00,The Brattle,2025-04-16,9:00 PM,6163214,English,United States
Dune,David Lynch,1984,Action,0 days 02:17:00,Somerville Theatre,2025-04-16,7:30 PM,71415,English,United States
Love & Basketball,Gina Prince-Bythewood,2000,Comedy,0 days 02:04:00,The Brattle,2025-04-16,6:00 PM,2812023,English,United States
The Ideal Cinematheque of the Outskirts of the World,Various,1960,Drama,0 days 02:05:00,Harvard Film Archive,2025-04-17,6:00 PM,,,
Variety,Bette Gordon,1985,Drama,0 days 01:41:00,The Brattle,2025-04-17,6:00 PM,53641625,English,United States
La Danse: The Paris Opera Ballet,Frederick Wiseman,2009,Documentary,0 days 02:39:00,Coolidge Corner Theatre,2025-04-17,7:00 PM,,,
Mulholland Drive,David Lynch,2001,Thriller,0 days 02:27:00,Somerville Theatre,2025-04-17,7:30 PM,20786,English,United States
Luminous Motion,Bette Gordon,2000,Drama,0 days 01:35:00,The Brattle,2025-04-17,8:30 PM,,,
Il Grido,Michelangelo Antonioni,1957,Drama,0 days 01:55:00,The Brattle,2025-04-18,6:00 PM,11783565,Italian,Italy
The Big City,Satyajit Ray,1963,Drama,0 days 02:16:00,Harvard Film Archive,2025-04-18,7:00 PM,2509635,Bengali,India
Blue Velvet,David Lynch,1986,Mystery,0 days 02:00:00,Somerville Theatre,2025-04-18,7:30 PM,3947,English,United States
Donnie Darko,Richard Kelly,2001,Fantasy,0 days 01:54:00,The Brattle,2025-04-18,9:00 PM,57820,English,United States
The Magnificent Seven,Antoine Fuqua,2016,Adventure,0 days 02:12:00,Coolidge Corner Theatre,2025-04-18,11:30 PM,43862265,English,United States
I'm Still Here,Walter Salles,2024,Drama,0 days 02:18:00,Museum of Fine Arts,2025-04-18,7:00 PM,77039722,Portuguese,Brazil
Wild at Heart,David Lynch,1990,Crime,0 days 02:05:00,Somerville Theatre,2025-04-18,9:45 PM,246963,English,United States
The Quick and the Dead,Sam Raimi,1995,Western,0 days 01:47:00,Coolidge Corner Theatre,2025-04-19,11:59 PM,740824,English,United States
Eraserhead,David Lynch,1978,Horror,0 days 01:29:00,Coolidge Corner Theatre,2025-04-19,11:59 PM,36814246,English,United States
The Adversary,Satyajit Ray,1970,Drama,0 days 01:50:00,Harvard Film Archive,2025-04-19,9:30 PM,3384689,Bengali,
E.T. the Extra-Terrestrial,Steven Spielberg,1982,SciFi,0 days 01:55:00,The Brattle,2025-04-19,12:00 PM,73441,English,United States
Il Grido,Michelangelo Antonioni,1957,Drama,0 days 01:55:00,The Brattle,2025-04-19,6:00 PM,11783565,Italian,Italy
Donnie Darko,Richard Kelly,2001,Fantasy,0 days 01:54:00,The Brattle,2025-04-19,"3:00 PM, 9:00 PM",57820,English,United States
Charulata,Satyajit Ray,1964,Drama,0 days 01:57:00,Harvard Film Archive,2025-04-19,7:00 PM,1773524,Bengali,India
The Lord of the Rings Trilogy,Peter Jackson,2001,Fantasy,0 days 12:45:00,Coolidge Corner Theatre,2025-04-20,11:00 AM,,,
E.T. the Extra-Terrestrial,Steven Spielberg,1982,SciFi,0 days 01:55:00,The Brattle,2025-04-20,12:00 PM,73441,English,United States
Il Grido,Michelangelo Antonioni,1957,Drama,0 days 01:55:00,The Brattle,2025-04-20,6:00 PM,11783565,Italian,Italy
Company Limited,Satyajit Ray,1971,Drama,0 days 01:50:00,Harvard Film Archive,2025-04-20,7:00 PM,3405788,Bengali,India
Donnie Darko,Richard Kelly,2001,Fantasy,0 days 01:54:00,The Brattle,2025-04-20,"3:00 PM, 9:00 PM",57820,English,United States
Blade Runner 2049,Denis Villeneuve,2017,SciFi,0 days 02:44:00,The Brattle,2025-04-21,7:00 PM,39830741,English,United States
The Muppet Movie,James Frawley,1979,Comedy,0 days 01:37:00,The Brattle,2025-04-21,12:00 PM,876728,English,United Kingdom
The Dark Crystal,"Jim Henson, Frank Oz",1982,Adventure,0 days 01:33:00,The Brattle,2025-04-21,2:15 PM,348292,English,United States
Labyrinth,Jim Henson,1986,Adventure,0 days 01:42:00,The Brattle,2025-04-21,4:30 PM,177906,English,United Kingdom
"Prewar and Wartime Animation, Part Two",Various,1930,Animation,0 days 01:35:00,Harvard Film Archive,2025-04-21,7:00 PM,,,
Moulin Rouge!,Baz Luhrmann,2001,Drama,0 days 02:08:00,Coolidge Corner Theatre,2025-04-21,7:00 PM,142481,English,Australia
Uferfrauen - Lesbian Life and Love in the GDR,Barbara Wallbraun,2020,Documentary,0 days 01:55:00,The Brattle,2025-04-22,8:15 PM,,,
Unforgiven,Clint Eastwood,1992,Western,0 days 02:10:00,Coolidge Corner Theatre,2025-04-22,7:00 PM,133574,English,United States
Star Trek,J.J. Abrams,2009,SciFi,0 days 02:07:00,The Brattle,2025-04-23,8:00 PM,3071743,English,United States
Central Park,Frederick Wiseman,1990,Documentary,0 days 02:56:00,Coolidge Corner Theatre,2025-04-23,7:00 PM,,,
Hamlet,Grigori Kozintsev,1964,Drama,0 days 02:20:00,Coolidge Corner Theatre,2025-04-23,7:00 PM,4000800,Russian,Soviet Union
Paddington 2,Paul King,2017,Adventure,0 days 01:44:00,Coolidge Corner Theatre,2025-04-24,7:00 PM,52019421,English,United Kingdom
Spring Breakers,Harmony Korine,2013,Drama,0 days 01:34:00,Coolidge Corner Theatre,2025-04-24,9:30 PM,34004505,English,United States
Youth (Homecoming),Wang Bing,2024,Documentary,0 days 02:32:00,Harvard Film Archive,2025-04-25,6:00 PM,77424164,Mandarin,China
Recovery City,Lisa Olivieri,2024,Documentary,0 days 01:36:00,West Newton Cinema,2025-04-25,6:30 PM,,,
Gladiator,Ridley Scott,2000,Action,0 days 02:35:00,Coolidge Corner Theatre,2025-04-25,11:30 PM,3616797,English,United States
The Room,Tommy Wiseau,2003,Drama,0 days 01:39:00,Coolidge Corner Theatre,2025-04-25,11:59 PM,5443971,English,United States
The Rocky Horror Picture Show,Jim Sharman,1975,Comedy,0 days 01:40:00,Coolidge Corner Theatre,2025-04-26,11:59 PM,25491,English,United Kingdom
Gladiator II,Ridley Scott,2024,Action,0 days 02:28:00,Coolidge Corner Theatre,2025-04-26,11:30 PM,72682130,English,United Kingdom
Youth (Hard Times),Wang Bing,2024,Documentary,0 days 03:47:00,Harvard Film Archive,2025-04-26,6:00 PM,77326698,Mandarin,China
Zoo,Frederick Wiseman,1993,Documentary,0 days 02:10:00,Somerville Theatre,2025-04-27,12:30 PM,,,
The Birdcage,Mike Nichols,1996,Comedy,0 days 01:59:00,Coolidge Corner Theatre,2025-04-27,2:00 PM,239589,English,United States
Company Limited,Satyajit Ray,1971,Drama,0 days 01:50:00,Harvard Film Archive,2025-04-27,3:00 PM,3405788,Bengali,India
Devi,Satyajit Ray,1960,Drama,0 days 01:33:00,Harvard Film Archive,2025-04-27,7:00 PM,2679288,Bengali,India
Megalopolis,Francis Ford Coppola,2024,SciFi,0 days 02:18:00,Coolidge Corner Theatre,2025-04-28,7:00 PM,68613611,English,United States
Asia is One,NDU,1973,Documentary,0 days 01:36:00,Harvard Film Archive,2025-04-28,7:00 PM,,,
Scarface,Brian De Palma,1983,Action,0 days 02:49:00,Coolidge Corner Theatre,2025-04-28,7:00 PM,267848,English,United States
Megalopolis,Francis Ford Coppola,2024,SciFi,0 days 02:18:00,Coolidge Corner Theatre,2025-04-29,2:00 PM,68613611,English,United States
The Royal Tenenbaums,Wes Anderson,2001,Comedy,0 days 01:50:00,Coolidge Corner Theatre,2025-04-29,7:00 PM,223268,English,United States
Tenebre,Dario Argento,1982,Thriller,0 days 01:41:00,The Brattle,2025-04-30,8:30 PM,4011202,,Italy
Absolute Power,Clint Eastwood,1997,Crime,0 days 02:01:00,Somerville Theatre,2025-04-30,9:40 PM,3123893,English,United States
Scarecrow,Jerry Schatzberg,1973,Drama,0 days 01:52:00,Somerville Theatre,2025-04-30,7:30 PM,2232039,English,United States
Phenomena,Dario Argento,1985,Horror,0 days 01:50:00,The Brattle,2025-04-30,6:00 PM,3999301,English,Italy
Nine to Five,Colin Higgins,1980,Comedy,0 days 01:50:00,Coolidge Corner Theatre,2025-05-01,7:00 PM,582398,English,United States
Pineapple Express,David Gordon Green,2008,Action,0 days 01:51:00,Somerville Theatre,2025-05-01,7:30 PM,9264341,English,United States
Chungking Express,Wong Kar-wai,1994,Drama,0 days 01:43:00,The Brattle,2025-05-01,8:30 PM,213471,Cantonese,Hong Kong
Midsommar,Ari Aster,2019,Horror,0 days 02:27:00,Coolidge Corner Theatre,2025-05-01,9:30 PM,58032225,English,United States
The Wicker Man,Robin Hardy,1973,Horror,0 days 01:28:00,The Brattle,2025-05-01,6:00 PM,42313,English,United Kingdom
Sorcerer,William Friedkin,1977,Thriller,0 days 02:01:00,Coolidge Corner Theatre,2025-05-02,11:59 PM,447139,English,United States
Donnie Darko,Richard Kelly,2001,Fantasy,0 days 01:54:00,The Brattle,2025-05-02,8:30 PM,57820,English,United States
Kamikaze 1989,Wolf Gremm,1982,SciFi,0 days 01:46:00,Coolidge Corner Theatre,2025-05-03,11:59 PM,23095277,German,West Germany
Donnie Darko,Richard Kelly,2001,Fantasy,0 days 01:54:00,The Brattle,2025-05-03,8:30 PM,57820,English,United States
Donnie Darko,Richard Kelly,2001,Fantasy,0 days 01:54:00,The Brattle,2025-05-04,9:00 PM,57820,English,United States
The Lord of the Rings Trilogy,Peter Jackson,2001,Fantasy,0 days 12:45:00,Coolidge Corner Theatre,2025-05-04,11:00 AM,,,
Youth (Spring),Wang Bing,2023,Documentary,0 days 03:32:00,Harvard Film Archive,2025-05-05,6:00 PM,73803574,Mandarin,China
Daisies,Věra Chytilová,1966,Comedy,0 days 01:16:00,Coolidge Corner Theatre,2025-05-05,7:00 PM,10163440,Czech,Czechoslovakia
Top Secret!,"Jim Abrahams, David Zucker, Jerry Zucker",1984,Comedy,0 days 01:30:00,The Brattle,2025-05-06,6:30 PM,983849,English,United States
Real Genius,Martha Coolidge,1985,Comedy,0 days 01:46:00,The Brattle,2025-05-06,"4:15 PM, 8:30 PM",483745,English,United States
Summertime,David Lean,1955,Drama,0 days 01:40:00,Coolidge Corner Theatre,2025-05-06,7:00 PM,190393,English,United States
Boxing Gym,Frederick Wiseman,2010,Documentary,0 days 01:31:00,Somerville Theatre,2025-05-06,7:00 PM,56456888,English,United States
Millennium Actress,Satoshi Kon,2002,Animation,0 days 01:27:00,Coolidge Corner Theatre,2025-05-07,7:00 PM,829780,Japanese,Japan
Real Genius,Martha Coolidge,1985,Comedy,0 days 01:46:00,The Brattle,2025-05-07,8:00 PM,483745,English,United States
Raiders of the Lost Ark,Steven Spielberg,1981,Adventure,0 days 01:55:00,Somerville Theatre,2025-05-07,7:30 PM,54166,English,United States
Buena Vista Social Club,Wim Wenders,1999,Documentary,0 days 01:45:00,Coolidge Corner Theatre,2025-05-08,7:00 PM,267633,English,Germany
Document of Collision: The Whiplashed Ones (Dokyumento Rinka: Muchiutareru Mono),Ko Hiroh,1969,Documentary,0 days 01:07:00,Harvard Film Archive,2025-05-09,6:00 PM,,,
A Woman Is a Woman,Jean-Luc Godard,1961,Comedy,0 days 01:23:00,The Brattle,2025-05-09,"5:30 PM, 7:30 PM, 9:30 PM",1644858,French,France
Risky Business,Paul Brickman,1983,Romance,0 days 01:38:00,Coolidge Corner Theatre,2025-05-09,11:59 PM,561226,English,United States
All About My Mother,Pedro Almodóvar,1999,Comedy,0 days 01:41:00,Harvard Film Archive,2025-05-09,9:00 PM,61664,Spanish,Spain
Legend,Ridley Scott,1985,Adventure,0 days 01:34:00,Coolidge Corner Theatre,2025-05-10,11:59 PM,922084,English,United States
The Namesake,Mira Nair,2006,Drama,0 days 02:02:00,The Brattle,2025-05-10,1:00 PM,2973132,English,United States
Eraserhead,David Lynch,1978,Horror,0 days 01:29:00,Coolidge Corner Theatre,2025-05-10,11:59 PM,36814246,English,United States
Mother,Bong Joon Ho,2009,Crime,0 days 02:09:00,Harvard Film Archive,2025-05-10,9:15 PM,22833707,Korean,South Korea
Alice Doesn't Live Here Anymore,Martin Scorsese,1974,Romance,0 days 01:52:00,Harvard Film Archive,2025-05-10,7:00 PM,225481,English,United States
News from Home,Chantal Akerman,1977,Documentary,0 days 01:29:00,Harvard Film Archive,2025-05-10,5:00 PM,29932707,French,France
A Woman Is a Woman,Jean-Luc Godard,1961,Comedy,0 days 01:23:00,The Brattle,2025-05-10,"5:00 PM, 7:00 PM, 9:00 PM",1644858,French,France
Mildred Pierce,Michael Curtiz,1945,Crime,0 days 01:51:00,Harvard Film Archive,2025-05-11,7:00 PM,4995581,English,United States
The Secret of NIMH,Don Bluth,1982,Family,0 days 01:23:00,The Brattle,2025-05-11,12:30 PM,558970,English,United States
Psycho,Alfred Hitchcock,1960,Horror,0 days 01:49:00,The Brattle,2025-05-11,2:30 PM,23880,English,United States
A Woman Under the Influence,John Cassavetes,1974,Drama,0 days 02:35:00,Harvard Film Archive,2025-05-11,3:00 PM,76643,English,United States
Everything Everywhere All at Once,"Daniel Scheinert, Daniel Kwan",2022,Action,0 days 02:20:00,Museum of Fine Arts,2025-05-11,2:30 PM,58342225,English,United States
The Tale of The Princess Kaguya,Isao Takahata,2013,Animation,0 days 02:17:00,Coolidge Corner Theatre,2025-05-11,1:30 PM,37471874,Japanese,Japan
A Woman Is a Woman,Jean-Luc Godard,1961,Comedy,0 days 01:23:00,The Brattle,2025-05-11,"5:00 PM, 7:00 PM, 9:00 PM",1644858,French,France
A Woman Is a Woman,Jean-Luc Godard,1961,Comedy,0 days 01:23:00,The Brattle,2025-05-12,"5:00 PM, 7:00 PM, 9:00 PM",1644858,French,France
2 or 3 Things I Know About Her,Jean-Luc Godard,1967,Comedy,0 days 01:27:00,Coolidge Corner Theatre,2025-05-12,7:00 PM,1608743,French,France
Mamma Roma,Pier Paolo Pasolini,1962,Drama,0 days 01:50:00,Harvard Film Archive,2025-05-12,7:00 PM,3653844,Italian,Italy
Indiana Jones and the Last Crusade,Steven Spielberg,1989,Adventure,0 days 02:07:00,Somerville Theatre,2025-05-14,7:30 PM,51888,English,United States
MacGruber,Jorma Taccone,2010,Action,0 days 01:30:00,The Brattle,2025-05-15,9:30 PM,25542269,English,United States
The Guys Next Door,"Amy Geller, Allie Humenuk",2016,Documentary,0 days 01:15:00,West Newton Cinema,2025-05-15,7:30 PM,,,
Heat,Michael Mann,1995,Crime,0 days 02:50:00,The Brattle,2025-05-15,6:00 PM,43566,English,United States
Shadow of the House,Allie Humenuk,2007,,0 days 01:14:00,West Newton Cinema,2025-05-15,5:30 PM,,,
The Big Chill,Lawrence Kasdan,1983,Comedy,0 days 01:45:00,Coolidge Corner Theatre,2025-05-15,7:00 PM,545795,English,United States
Vampire Hunter D,Toyoo Ashida,1985,Animation,0 days 01:20:00,Coolidge Corner Theatre,2025-05-15,9:30 PM,5162931,Japanese,Japan
Killer of Sheep,Charles Burnett,1978,Drama,0 days 01:20:00,The Brattle,2025-05-16,8:00 PM,74848,English,United States
Miracle Mile,Steve De Jarnatt,1988,Romance,0 days 01:28:00,Coolidge Corner Theatre,2025-05-16,11:59 PM,936429,English,United States
MacGruber,Jorma Taccone,2010,Action,0 days 01:30:00,The Brattle,2025-05-16,10:00 PM,25542269,English,United States
The Room,Tommy Wiseau,2003,Drama,0 days 01:39:00,Coolidge Corner Theatre,2025-05-16,11:59 PM,5443971,English,United States
The Adversary,Satyajit Ray,1970,Drama,0 days 01:50:00,Harvard Film Archive,2025-05-16,9:30 PM,3384689,Bengali,
Days and Nights in the Forest,Satyajit Ray,1970,Drama,0 days 01:55:00,Harvard Film Archive,2025-05-16,7:00 PM,2679338,Bengali,India
Compensation,Zeinabu irene Davis,1999,Drama,0 days 01:32:00,The Brattle,2025-05-16,6:00 PM,29890953,English,United States
The Music Room,Satyajit Ray,1958,Drama,0 days 01:40:00,Harvard Film Archive,2025-05-17,7:00 PM,2508699,Bengali,India
Killer of Sheep,Charles Burnett,1978,Drama,0 days 01:20:00,The Brattle,2025-05-17,5:30 PM,74848,English,United States
Compensation,Zeinabu irene Davis,1999,Drama,0 days 01:32:00,The Brattle,2025-05-17,"3:15 PM, 7:30 PM",29890953,English,United States
Peggy Sue Got Married,Francis Ford Coppola,1986,Comedy,0 days 01:43:00,Coolidge Corner Theatre,2025-05-17,1:00 PM,246559,English,United States
Willow,Ron Howard,1988,Fantasy,0 days 02:06:00,The Brattle,2025-05-17,12:00 PM,198313,English,United States
Charulata,Satyajit Ray,1964,Drama,0 days 01:57:00,Harvard Film Archive,2025-05-17,9:15 PM,1773524,Bengali,India
The Music Room,Satyajit Ray,1958,Drama,0 days 01:40:00,Coolidge Corner Theatre,2025-05-17,7:00 PM,2508699,Bengali,India
Near Dark,Kathryn Bigelow,1987,Horror,0 days 01:34:00,Coolidge Corner Theatre,2025-05-17,11:59 PM,1637470,English,United States
The Big City,Satyajit Ray,1963,Drama,0 days 02:16:00,Harvard Film Archive,2025-05-18,7:00 PM,2509635,Bengali,India
Days and Nights in the Forest,Satyajit Ray,1970,Drama,0 days 01:55:00,Harvard Film Archive,2025-05-18,3:00 PM,2679338,Bengali,India
Bedknobs and Broomsticks,Robert Stevenson,1971,Adventure,0 days 01:57:00,Somerville Theatre,2025-05-18,2:00 PM,357525,English,United States
Weathering with You,Makoto Shinkai,2019,Animation,0 days 01:52:00,Coolidge Corner Theatre,2025-05-18,2:00 PM,59385239,Japanese,Japan
The Glory of Life,"Judith Kaufmann, Georg Maas",2024,Drama,0 days 01:38:00,Coolidge Corner Theatre,2025-05-18,11:00 AM,77072322,German,Germany
Killer of Sheep,Charles Burnett,1978,Drama,0 days 01:20:00,The Brattle,2025-05-18,"12:00 PM, 6:45 PM",74848,English,United States
RPM Fest Presents: Behind the Scenes,Various,2020,Documentary,0 days 00:55:00,The Brattle,2025-05-18,2:00 PM,,,
Willow,Ron Howard,1988,Fantasy,0 days 02:06:00,The Brattle,2025-05-18,4:00 PM,198313,English,United States
Compensation,Zeinabu irene Davis,1999,Drama,0 days 01:32:00,The Brattle,2025-05-18,8:30 PM,29890953,English,United States
Picnic at Hanging Rock,Peter Weir,1975,Drama,0 days 01:55:00,Coolidge Corner Theatre,2025-05-19,7:00 PM,5878044,English,Australia
Killer of Sheep,Charles Burnett,1978,Drama,0 days 01:20:00,The Brattle,2025-05-19,6:00 PM,74848,English,United States
Batman Forever,Joel Schumacher,1995,Action,0 days 02:01:00,The Brattle,2025-05-19,8:00 PM,4730,English,United States
Public Housing,Frederick Wiseman,1997,Documentary,0 days 03:20:00,Somerville Theatre,2025-05-20,6:30 PM,54570979,English,United States
Compensation,Zeinabu irene Davis,1999,Drama,0 days 01:32:00,The Brattle,2025-05-20,6:00 PM,29890953,English,United States
Kiss Kiss Bang Bang,Shane Black,2005,Comedy,0 days 01:43:00,The Brattle,2025-05-20,8:00 PM,1889426,English,United States
Happy Together,Wong Kar-wai,1997,Drama,0 days 01:36:00,Coolidge Corner Theatre,2025-05-20,7:00 PM,184987,Cantonese,Hong Kong
American Psycho,Mary Harron,2000,Thriller,0 days 01:42:00,The Brattle,2025-05-21,9:00 PM,4846576,English,United States
Belladonna of Sadness,Eiichi Yamamoto,1973,Animation,0 days 01:26:00,Coolidge Corner Theatre,2025-05-21,7:00 PM,9974948,Japanese,Japan
Sunset Boulevard,Billy Wilder,1950,Drama,0 days 01:50:00,The Brattle,2025-05-22,8:30 PM,76368,English,United States
10 Things I Hate About You,Gil Junger,1999,Comedy,0 days 01:37:00,Coolidge Corner Theatre,2025-05-22,7:00 PM,398934,English,United States
The Social Network,David Fincher,2010,Drama,0 days 02:01:00,Coolidge Corner Theatre,2025-05-22,7:00 PM,24319139,English,United States
Downfall,Oliver Hirschbiegel,2004,Drama,0 days 02:35:00,Somerville Theatre,2025-05-22,7:30 PM,993791,German,Germany
Thief,Michael Mann,1981,Crime,0 days 02:03:00,Coolidge Corner Theatre,2025-05-23,11:59 PM,1330774,English,United States
Jaws,Steven Spielberg,1975,Horror,0 days 02:04:00,The Brattle,2025-05-23,6:30 PM,74830,English,United States
"Salò, or the 120 Days of Sodom",Pier Paolo Pasolini,1976,Horror,0 days 01:56:00,The Brattle,2025-05-23,9:30 PM,28623,Italian,Italy
The Keep,Michael Mann,1983,Horror,0 days 01:36:00,Coolidge Corner Theatre,2025-05-24,11:59 PM,1401046,English,United Kingdom
Ran,Akira Kurosawa,1985,Action,0 days 02:40:00,Somerville Theatre,2025-05-24,"1:00 PM, 7:00 PM",75984,Japanese,Japan
American Psycho,Mary Harron,2000,Thriller,0 days 01:42:00,The Brattle,2025-05-24,3:30 PM,4846576,English,United States
Cooley High,Michael Schultz,1975,Comedy,0 days 01:47:00,The Brattle,2025-05-24,6:00 PM,1692374,English,United States
Jaws,Steven Spielberg,1975,Horror,0 days 02:04:00,The Brattle,2025-05-24,12:30 PM,74830,English,United States
Sunset Boulevard,Billy Wilder,1950,Drama,0 days 01:50:00,The Brattle,2025-05-25,12:00 PM,76368,English,United States
The Great Escape,John Sturges,1963,Adventure,0 days 02:53:00,Somerville Theatre,2025-05-25,6:00 PM,181229,English,United States
The Sound of Music,Robert Wise,1965,Drama,0 days 02:54:00,Somerville Theatre,2025-05-25,2:00 PM,4836239,English,United States
Born Yesterday,George Cukor,1950,Comedy,0 days 01:43:00,The Brattle,2025-05-25,2:30 PM,2066293,English,United States
Ghost in the Shell Double Feature,Mamoru Oshii,1995,Animation,0 days 03:03:00,Coolidge Corner Theatre,2025-05-25,1:00 PM,,,
Jaws,Steven Spielberg,1975,Horror,0 days 02:04:00,The Brattle,2025-05-25,9:30 PM,74830,English,United States
"O Brother, Where Art Thou?",Joel Coen,2000,Adventure,0 days 01:47:00,The Brattle,2025-05-25,"4:45 PM, 7:00 PM",22216,English,United Kingdom
The Heartbreak Kid,Elaine May,1972,Romance,0 days 01:45:00,Coolidge Corner Theatre,2025-05-26,7:00 PM,857298,English,United States
Gun Crazy,Joseph H. Lewis,1950,Crime,0 days 01:27:00,The Brattle,2025-05-26,"12:00 PM, 4:00 PM",73937,English,United States
Tommy,Ken Russell,1975,Drama,0 days 01:51:00,The Brattle,2025-05-26,8:30 PM,1221714,English,United Kingdom
Winchester '73,Anthony Mann,1950,Western,0 days 01:32:00,The Brattle,2025-05-26,2:00 PM,1024760,English,United States
Almost Famous,Cameron Crowe,2000,Drama,0 days 02:04:00,The Brattle,2025-05-26,6:00 PM,431562,English,United States
Ran,Akira Kurosawa,1985,Action,0 days 02:40:00,Somerville Theatre,2025-05-26,7:00 PM,75984,Japanese,Japan
Ran,Akira Kurosawa,1985,Action,0 days 02:40:00,Somerville Theatre,2025-05-27,7:00 PM,75984,Japanese,Japan
Neon Genesis Evangelion: The End of Evangelion,"Hideaki Anno, Kazuya Tsurumaki",1997,Animation,0 days 01:27:00,Coolidge Corner Theatre,2025-05-27,7:00 PM,1714278,Japanese,Japan
Orpheus,Jean Cocteau,1950,Romance,0 days 01:35:00,The Brattle,2025-05-28,6:00 PM,215738,French,France
Black Moon,Louis Malle,1975,Fantasy,0 days 01:41:00,The Brattle,2025-05-28,8:00 PM,7335449,English,France
Inu-Oh,Masaaki Yuasa,2022,Animation,0 days 01:39:00,Coolidge Corner Theatre,2025-05-28,7:00 PM,68616843,Japanese,Japan
The Mortal Storm,Frank Borzage,1940,Drama,0 days 01:40:00,Somerville Theatre,2025-05-28,7:30 PM,1533733,English,United States
Ran,Akira Kurosawa,1985,Action,0 days 02:40:00,Somerville Theatre,2025-05-29,7:00 PM,75984,Japanese,Japan
The Gleaners and I,Agnès Varda,2000,Documentary,0 days 01:22:00,The Brattle,2025-05-29,6:00 PM,3571442,French,France
Wet Hot American Summer,David Wain,2001,Comedy,0 days 01:37:00,Coolidge Corner Theatre,2025-05-29,9:30 PM,426761,English,United States
Grey Gardens,"Ellen Giffard, Muffie Meyer, Albert Maysles, David Maysles",1976,Documentary,0 days 01:35:00,The Brattle,2025-05-29,"4:00 PM, 8:00 PM",1440137,English,United States
Performance,"Nicolas Roeg, Donald Cammell",1970,Crime,0 days 01:46:00,West Newton Cinema,2025-05-30,7:00 PM,1428952,English,United Kingdom
Vision Quest,Harold Becker,1985,Drama,0 days 01:45:00,Coolidge Corner Theatre,2025-05-30,11:59 PM,678599,English,United States
The Rocky Horror Picture Show,Jim Sharman,1975,Comedy,0 days 01:40:00,Coolidge Corner Theatre,2025-05-31,11:59 PM,25491,English,United Kingdom
Firestarter,Mark L. Lester,1984,Horror,0 days 01:55:00,Coolidge Corner Theatre,2025-05-31,11:59 PM,16182808,English,United States
Before Midnight,Richard Linklater,2013,Romance,0 days 01:49:00,The Brattle,2025-06-16,8:00 PM,36929245,English,United States
The Watermelon Woman,Cheryl Dunye,1997,Drama,0 days 01:25:00,Coolidge Corner Theatre,2025-06-16,7:15 PM,7513196,English,United States
The Apartment,Billy Wilder,1960,Comedy,0 days 02:05:00,Coolidge Corner Theatre,2025-06-16,7:00 PM,43849,English,United States
Phantom Lady,Robert Siodmak,1944,Mystery,0 days 01:27:00,The Brattle,2025-06-16,6:00 PM,1757150,English,United States
The Times of Harvey Milk,Rob Epstein,1984,Documentary,0 days 01:30:00,The Brattle,2025-06-17,"6:00 PM, 8:00 PM",5766332,English,United States
Don Q Son of Zorro,Donald Crisp,1925,Western,0 days 01:51:00,Coolidge Corner Theatre,2025-06-17,7:00 PM,7768616,Silent,United States
Good Burger,Brian Robbins,1997,Family,0 days 01:35:00,The Speedway,2025-06-18,8:00 PM,230536,English,United States
Daughters of the Dust,Julie Dash,1991,Drama,0 days 01:52:00,The Brattle,2025-06-18,6:00 PM,2014023,Gullah,United States
The Miseducation of Cameron Post,Desiree Akhavan,2018,Drama,0 days 01:32:00,The Brattle,2025-06-18,8:30 PM,52316133,English,United Kingdom
Daughters of the Dust,Julie Dash,1991,Drama,0 days 01:52:00,The Brattle,2025-06-19,"3:00 PM, 5:30 PM, 8:00 PM",2014023,Gullah,United States
The Long Goodbye,Robert Altman,1973,Mystery,0 days 01:52:00,Coolidge Corner Theatre,2025-06-19,7:00 PM,3624815,English,United States
Female Trouble,John Waters,1974,Comedy,0 days 01:37:00,Somerville Theatre,2025-06-19,7:30 PM,1328186,English,United States
The Company of Strangers,Cynthia Scott,1990,Drama,0 days 01:41:00,The Brattle,2025-06-20,3:30 PM,2436322,English,Canada
Rabid,David Cronenberg,1977,Horror,0 days 01:31:00,The Brattle,2025-06-20,"6:00 PM, 10:00 PM",451003,English,Canada
Hairspray,John Waters,1988,Comedy,0 days 01:32:00,Somerville Theatre,2025-06-20,7:30 PM,1613987,English,United States
The Brood,David Cronenberg,1979,Horror,0 days 01:32:00,The Brattle,2025-06-20,8:00 PM,451023,English,Canada
Pecker,John Waters,1998,Comedy,0 days 01:26:00,Somerville Theatre,2025-06-20,9:15 PM,1799076,English,United States
28 Weeks Later,Juan Carlos Fresnadillo,2007,Horror,0 days 01:40:00,Coolidge Corner Theatre,2025-06-20,11:59 PM,5971538,English,United Kingdom
Day of the Dead,George A. Romero,1985,Horror,0 days 01:41:00,Coolidge Corner Theatre,2025-06-21,10:00 PM,63310,English,United States
Alien,Ridley Scott,1979,Horror,0 days 01:57:00,Somerville Theatre,2025-06-21,11:59 PM,23487440,English,United Kingdom
Nightbreed,Clive Barker,1990,Horror,0 days 02:01:00,The Brattle,2025-06-21,12:30 PM,1126777,English,United States
Scanners,David Cronenberg,1981,SciFi,0 days 01:43:00,The Brattle,2025-06-21,"2:45 PM, 7:00 PM",378213,English,Canada
The World Before Your Feet,Jeremy Workman,2018,Documentary,0 days 01:35:00,West Newton Cinema,2025-06-21,1:00 PM,61858819,,United States
Videodrome,David Cronenberg,1983,Horror,0 days 01:28:00,The Brattle,2025-06-21,"5:00 PM, 9:15 PM",456587,English,Canada
Two to One,Natja Brunckhorst,2024,Comedy,0 days 01:56:00,Coolidge Corner Theatre,2025-06-22,11:00 AM,,,
Naked Lunch,David Cronenberg,1991,Crime,0 days 01:55:00,The Brattle,2025-06-22,12:00 PM,307690,English,Canada
The Fly,David Cronenberg,1986,Horror,0 days 01:36:00,The Brattle,2025-06-22,"2:30 PM, 7:00 PM",456601,English,United States
Dead Ringers,David Cronenberg,1988,Thriller,0 days 01:55:00,The Brattle,2025-06-22,4:30 PM,826482,English,Canada
Nightbreed,Clive Barker,1990,Horror,0 days 02:01:00,The Brattle,2025-06-22,9:15 PM,1126777,English,United States
The Brood,David Cronenberg,1979,Horror,0 days 01:32:00,The Brattle,2025-06-23,8:30 PM,451023,English,Canada
Naked Lunch,David Cronenberg,1991,Crime,0 days 01:55:00,The Brattle,2025-06-23,6:00 PM,307690,English,Canada
Funeral Parade of Roses,Toshio Matsumoto,1969,Drama,0 days 01:45:00,Coolidge Corner Theatre,2025-06-23,7:00 PM,6620825,Japanese,Japan
eXistenZ,David Cronenberg,1999,Action,0 days 01:37:00,The Brattle,2025-06-24,6:00 PM,296252,English,Canada
Spirited Away,Hayao Miyazaki,2001,Animation,0 days 02:05:00,Coolidge Corner Theatre,2025-06-24,6:00 PM,70091,Japanese,Japan
Midsommar,Ari Aster,2019,Horror,0 days 02:27:00,West Newton Cinema,2025-06-24,7:00 PM,58032225,English,United States
Crimes of the Future,David Cronenberg,2022,SciFi,0 days 01:47:00,The Brattle,2025-06-24,8:15 PM,66580777,English,Canada
Blade Runner,Ridley Scott,1982,SciFi,0 days 01:58:00,The Greenway,2025-06-25,8:00 PM,3746,English,United States
Beyond the Valley of the Dolls,Russ Meyer,1970,Comedy,0 days 01:49:00,Somerville Theatre,2025-06-25,7:30 PM,921865,English,United States
National Treasure,Jon Turteltaub,2004,Adventure,0 days 02:11:00,Coolidge Corner Theatre,2025-06-26,7:00 PM,699208,English,United States
Killer's Kiss,Stanley Kubrick,1955,Thriller,0 days 01:08:00,MassArt,2025-06-26,1:30 PM,1102966,English,United States
Battalion to My Beat,Eimi Imanishi,2016,Drama,0 days 00:14:00,West Newton Cinema,2025-06-26,7:00 PM,,,
2001: A Space Odyssey,Stanley Kubrick,1968,SciFi,0 days 02:29:00,Somerville Theatre,2025-06-26,7:30 PM,23941708,English,United Kingdom
The Celluloid Closet,"Rob Epstein, Jeffrey Friedman",1996,Documentary,0 days 01:42:00,The Brattle,2025-06-27,3:30 PM,2069950,English,United States
Harakiri,Masaki Kobayashi,1962,Action,0 days 02:15:00,Somerville Theatre,2025-06-27,7:00 PM,3137571,Japanese,Japan
Beyond the Blue Border,Sarah Neumann,2024,Drama,0 days 01:42:00,Goethe-Institut,2025-06-27,8:00 PM,,,
Love Lies Bleeding,Rose Glass,2024,Crime,0 days 01:44:00,The Brattle,2025-06-27,9:00 PM,70547951,English,United Kingdom
The Sword of Doom,Kihachi Okamoto,1966,Action,0 days 02:02:00,Somerville Theatre,2025-06-27,9:45 PM,1358704,,Japan
Bride of Re-Animator,Brian Yuzna,1990,Horror,0 days 01:36:00,Coolidge Corner Theatre,2025-06-27,11:59 PM,1336108,English,United States
House,Nobuhiko Obayashi,1977,Comedy,0 days 01:28:00,The Brattle,2025-06-27,7:00 PM,20286230,Japanese,Japan
Princess Mononoke,Hayao Miyazaki,1997,Adventure,0 days 02:14:00,Somerville Theatre,2025-06-28,11:59 PM,24653,Japanese,Japan
The Living End,Gregg Araki,1992,Crime,0 days 01:25:00,The Brattle,2025-06-28,9:00 PM,6074576,English,United States
Return of the Living Dead III,Brian Yuzna,1993,Horror,0 days 01:37:00,Coolidge Corner Theatre,2025-06-28,11:59 PM,30854893,English,United States
The Hunt for Red October,John McTiernan,1990,Action,0 days 02:15:00,Somerville Theatre,2025-06-28,"3:00 PM, 8:00 PM",3557540,English,United States
The Little Girl Who Conquered Time,Nobuhiko Obayashi,1983,SciFi,0 days 01:44:00,The Brattle,2025-06-28,"2:15 PM, 6:30 PM",21079738,Japanese,Japan
House,Nobuhiko Obayashi,1977,Comedy,0 days 01:28:00,The Brattle,2025-06-28,12:00 PM,20286230,Japanese,Japan
School in the Crosshairs,Nobuhiko Obayashi,1981,Fantasy,0 days 01:30:00,The Brattle,2025-06-28,4:30 PM,,,
School in the Crosshairs,Nobuhiko Obayashi,1981,Fantasy,0 days 01:30:00,The Brattle,2025-06-29,12:00 PM,,,
The Little Girl Who Conquered Time,Nobuhiko Obayashi,1983,SciFi,0 days 01:44:00,The Brattle,2025-06-29,2:00 PM,21079738,Japanese,Japan
Always,Steven Spielberg,1989,Romance,0 days 02:02:00,Somerville Theatre,2025-06-29,3:00 PM,848218,English,United States
The Island Closest to Heaven,Nobuhiko Obayashi,1984,Drama,0 days 01:43:00,The Brattle,2025-06-29,4:15 PM,72385465,Japanese,Japan
"His Motorbike, Her Island",Nobuhiko Obayashi,1986,Romance,0 days 01:30:00,The Brattle,2025-06-29,6:30 PM,26778372,Japanese,Japan
Far and Away,Ron Howard,1992,Adventure,0 days 02:20:00,Somerville Theatre,2025-06-29,6:30 PM,705925,English,United States
How to Survive a Plague,David France,2012,Documentary,0 days 01:49:00,The Brattle,2025-06-29,8:30 PM,37922084,English,United States
Querelle,Rainer Werner Fassbinder,1982,Drama,0 days 01:48:00,Coolidge Corner Theatre,2025-06-30,7:00 PM,183575,English,West Germany
The Island Closest to Heaven,Nobuhiko Obayashi,1984,Drama,0 days 01:43:00,The Brattle,2025-06-30,4:15 PM,72385465,Japanese,Japan
Lawrence of Arabia,David Lean,1962,Adventure,0 days 03:48:00,Somerville Theatre,2025-06-30,6:30 PM,43452,English,United Kingdom
"His Motorbike, Her Island",Nobuhiko Obayashi,1986,Romance,0 days 01:30:00,The Brattle,2025-06-30,6:30 PM,26778372,Japanese,Japan
Ugetsu,Kenji Mizoguchi,1953,Fantasy,0 days 01:36:00,Coolidge Corner Theatre,2025-07-01,7:00 PM,1975933,Japanese,Japan
Scott Pilgrim vs. the World,Edgar Wright,2010,Action,0 days 01:53:00,Somerville Theatre,2025-07-01,7:30 PM,17574075,English,United States
Mommie Dearest,Frank Perry,1981,Drama,0 days 02:08:00,Somerville Theatre,2025-07-02,7:30 PM,2079686,English,United States
Drop Dead Gorgeous,Michael Patrick Jann,1999,Comedy,0 days 01:38:00,Coolidge Corner Theatre,2025-07-03,7:00 PM,871658,English,United States
Jackass: The Movie,Jeff Tremaine,2002,Comedy,0 days 01:25:00,Coolidge Corner Theatre,2025-07-03,9:30 PM,1161730,English,United States
Green Room,Jeremy Saulnier,2016,Horror,0 days 01:35:00,Coolidge Corner Theatre,2025-07-05,11:59 PM,44256011,English,United States
Sudden Rain,Mikio Naruse,1956,Drama,0 days 01:31:00,Harvard Film Archive,2025-07-05,9:30 PM,21167644,Japanese,Japan
Floating Clouds,Mikio Naruse,1955,Drama,0 days 02:03:00,Harvard Film Archive,2025-07-05,7:00 PM,15242021,Japanese,Japan
Yearning,Mikio Naruse,1964,Drama,0 days 01:38:00,Harvard Film Archive,2025-07-06,7:00 PM,31740169,Japanese,Japan
Floating Clouds,Mikio Naruse,1955,Drama,0 days 02:03:00,Harvard Film Archive,2025-07-06,3:00 PM,15242021,Japanese,Japan
Sound of the Mountain,Mikio Naruse,1954,Drama,0 days 01:36:00,Harvard Film Archive,2025-07-07,7:00 PM,16341960,Japanese,Japan
All About My Mother,Pedro Almodóvar,1999,Comedy,0 days 01:41:00,Coolidge Corner Theatre,2025-07-07,7:00 PM,61664,Spanish,Spain
Kuroneko,Kaneto Shindō,1968,Horror,0 days 01:40:00,Coolidge Corner Theatre,2025-07-08,7:00 PM,6289269,Japanese,Japan
Sabrina,Billy Wilder,1954,Comedy,0 days 01:53:00,Coolidge Corner Theatre,2025-07-09,7:00 PM,1356971,English,United States
Ash Wednesday,Larry Peerce,1973,Mystery,0 days 01:39:00,Somerville Theatre,2025-07-09,7:30 PM,24689511,English,United States
The Outsiders,Francis Ford Coppola,1983,Crime,0 days 01:34:00,Coolidge Corner Theatre,2025-07-10,7:00 PM,3186725,English,United States
A Wife's Heart,Mikio Naruse,1956,Drama,0 days 01:38:00,Harvard Film Archive,2025-07-11,9:30 PM,16342092,Japanese,Japan
Kill Bill: Vol. 1,Quentin Tarantino,2003,Action,0 days 01:51:00,Coolidge Corner Theatre,2025-07-11,11:59 PM,301314,English,United States
Untamed Woman,Mikio Naruse,1957,Drama,0 days 02:01:00,Harvard Film Archive,2025-07-11,7:00 PM,18066013,Japanese,Japan
Kill Bill: Vol. 2,Quentin Tarantino,2004,Action,0 days 02:16:00,Coolidge Corner Theatre,2025-07-12,11:59 PM,525270,English,United States
Life of a Shock Force Worker,Bahrudin 'Bato' Čengić,2023,Comedy,0 days 01:16:00,Harvard Film Archive,2025-07-12,7:00 PM,,,
"The Ecstatic Square: Karpo Godina’s Experimental Shorts, 1965-1972",Karpo Godina,1965,Documentary,0 days 00:58:00,Harvard Film Archive,2025-07-12,9:15 PM,,,
Sabbath Queen,Sandi Simcha Dubowski,2024,Documentary,0 days 01:45:00,Coolidge Corner Theatre,2025-07-13,2:00 PM,,,
Untamed Woman,Mikio Naruse,1957,Drama,0 days 02:01:00,Harvard Film Archive,2025-07-13,3:00 PM,18066013,Japanese,Japan
Sudden Rain,Mikio Naruse,1956,Drama,0 days 01:31:00,Harvard Film Archive,2025-07-13,7:00 PM,21167644,Japanese,Japan
The People's Joker,Vera Drew,2024,Comedy,0 days 01:32:00,Coolidge Corner Theatre,2025-07-14,7:00 PM,71776978,English,United States
"Frame for a Few Poses, Episodes 1 - 3",Karpo Godina,1976,Documentary,0 days 01:30:00,Harvard Film Archive,2025-07-14,7:00 PM,,,
Demon Pond,Masahiro Shinoda,1979,Fantasy,0 days 02:04:00,Coolidge Corner Theatre,2025-07-15,7:00 PM,78156753,Japanese,Japan
Shin Godzilla,"Shinji Higuchi, Hideaki Anno",2016,Action,0 days 02:00:00,Somerville Theatre,2025-08-13,7:40 PM,44649915,Japanese,Japan
The Blob,Chuck Russell,1988,Horror,0 days 01:35:00,The Greenway,2025-08-13,8:00 PM,2521806,English,United States
Johnny Guitar,Nicholas Ray,1954,Western,0 days 01:50:00,Somerville Theatre,2025-08-13,7:30 PM,1352995,English,United States
The Exterminating Angel,Luis Buñuel,1962,Comedy,0 days 01:33:00,The Brattle,2025-08-13,6:00 PM,2642594,Spanish,Mexico
He Got Game,Spike Lee,1998,Drama,0 days 02:16:00,Coolidge Corner Theatre,2025-08-13,7:00 PM,1644364,English,United States
Weekend,Jean-Luc Godard,1967,Comedy,0 days 01:44:00,The Brattle,2025-08-13,"3:45 PM, 8:00 PM",2117053,French,France
High and Low,Akira Kurosawa,1963,Drama,0 days 02:22:00,Coolidge Corner Theatre,2025-08-13,7:30 PM,867935,Japanese,Japan
Seven Samurai,Akira Kurosawa,1954,Action,0 days 03:27:00,Coolidge Corner Theatre,2025-08-13,3:15 PM,31371,Japanese,Japan
Freddy Got Fingered,Tom Green,2001,Comedy,0 days 01:27:00,Coolidge Corner Theatre,2025-08-14,9:30 PM,518018,English,United States
Shin Godzilla,"Shinji Higuchi, Hideaki Anno",2016,Action,0 days 02:00:00,Somerville Theatre,2025-08-14,7:40 PM,44649915,Japanese,Japan
Days of Being Wild,Wong Kar-wai,1990,Crime,0 days 01:34:00,Somerville Theatre,2025-08-14,7:30 PM,430419,Cantonese,Hong Kong
Ran,Akira Kurosawa,1985,Action,0 days 02:40:00,Coolidge Corner Theatre,2025-08-14,"4:00 PM, 7:30 PM",75984,Japanese,Japan
Dazed and Confused,Richard Linklater,1993,Comedy,0 days 01:42:00,West Newton Cinema,2025-08-14,6:30 PM,503573,English,United States
Daisies,Věra Chytilová,1966,Comedy,0 days 01:16:00,The Brattle,2025-08-14,"6:00 PM, 9:45 PM",10163440,Czech,Czechoslovakia
Sweet Sweetback's Baadasssss Song,Melvin Van Peebles,1971,Action,0 days 01:38:00,Coolidge Corner Theatre,2025-08-14,7:00 PM,1237909,English,United States
Something Different,Věra Chytilová,1963,Drama,0 days 01:25:00,The Brattle,2025-08-14,"4:00 PM, 7:45 PM",61231426,Czech,Czechoslovak Socialist Republic
Bloody Birthday,Ed Hunt,1981,Horror,0 days 01:25:00,Coolidge Corner Theatre,2025-08-15,11:59 PM,4343515,English,United States
Bullitt,Peter Yates,1968,Action,0 days 01:53:00,Somerville Theatre,2025-08-15,9:40 PM,433285,English,United States
Breathless,Jim McBride,1983,Romance,0 days 01:40:00,The Brattle,2025-08-15,8:30 PM,5989305,English,United States
Yourself and Yours,Hong Sang-soo,2016,Drama,0 days 01:27:00,Harvard Film Archive,2025-08-15,9:00 PM,52132625,Korean,South Korea
In Another Country,Hong Sang-soo,2012,Drama,0 days 01:29:00,Harvard Film Archive,2025-08-15,7:00 PM,35562670,Korean,South Korea
A New Leaf,Elaine May,1971,Comedy,0 days 01:42:00,The Brattle,2025-08-15,6:00 PM,4932099,English,United States
Wallace & Gromit: The Curse of the Were-Rabbit,"Steve Box, Nick Park",2005,Adventure,0 days 01:25:00,Kendall/MIT Open Space,2025-08-15,6:00 PM,1784731,English,United Kingdom
Modern Times,Charlie Chaplin,1936,Comedy,0 days 01:27:00,The Brattle,2025-08-15,3:30 PM,74962,Silent,United States
The French Connection,William Friedkin,1971,Action,0 days 01:44:00,Somerville Theatre,2025-08-15,7:30 PM,99463,English,United States
The Devil and Daniel Johnston,Jeff Feuerzeig,2006,Documentary,0 days 01:50:00,West Newton Cinema,2025-08-15,7:00 PM,8291607,English,United States
Pee-wee's Big Adventure,Tim Burton,1985,Comedy,0 days 01:31:00,The Brattle,2025-08-16,"12:00 PM, 2:00 PM",432236,English,United States
Swimming to Cambodia,Jonathan Demme,1987,Comedy,0 days 01:25:00,The Brattle,2025-08-16,6:00 PM,1624783,English,
Mixed Blood,Paul Morrissey,1984,Action,0 days 01:38:00,The Brattle,2025-08-16,8:30 PM,26085256,English,United States
Chungking Express,Wong Kar-wai,1994,Drama,0 days 01:43:00,Somerville Theatre,2025-08-16,8:30 PM,213471,Cantonese,Hong Kong
Like You Know It All,Hong Sang-soo,2009,Drama,0 days 02:08:00,Harvard Film Archive,2025-08-16,9:00 PM,20442820,Korean,South Korea
The Brood,David Cronenberg,1979,Horror,0 days 01:32:00,Coolidge Corner Theatre,2025-08-16,11:59 PM,451023,English,Canada
The Thin Line,Mikio Naruse,1966,Crime,0 days 01:42:00,Harvard Film Archive,2025-08-16,7:00 PM,52317782,Japanese,Japan
Pee-wee's Big Adventure,Tim Burton,1985,Comedy,0 days 01:31:00,The Brattle,2025-08-17,"12:00 PM, 2:00 PM",432236,English,United States
Other Side,"Carter Oakley, Heather Hogan",2025,Documentary,0 days 01:30:00,West Newton Cinema,2025-08-17,1:00 PM,,,
When a Woman Ascends the Stairs,Mikio Naruse,1960,Drama,0 days 01:51:00,Harvard Film Archive,2025-08-17,3:00 PM,9344111,Japanese,Japan
Videoheaven,Alex Ross Perry,2025,Documentary,0 days 02:52:00,The Brattle,2025-08-17,4:00 PM,80283064,English,United States
Ashes of Time,Wong Kar-wai,1994,Drama,0 days 01:40:00,Somerville Theatre,2025-08-17,6:00 PM,221858,Cantonese,Hong Kong
Walk Up,Hong Sang-soo,2022,Drama,0 days 01:37:00,Harvard Film Archive,2025-08-17,7:00 PM,71880486,Korean,South Korea
Jade,William Friedkin,1995,Mystery,0 days 01:35:00,The Brattle,2025-08-17,8:00 PM,4032134,English,United States
Cat People,Jacques Tourneur,1942,Mystery,0 days 01:13:00,Somerville Theatre,2025-08-18,7:15 PM,1056686,English,United States
Travelling Actors,Mikio Naruse,1940,Comedy,0 days 01:10:00,Harvard Film Archive,2025-08-18,7:00 PM,67635297,Japanese,Japan
Cat People,Paul Schrader,1982,Thriller,0 days 01:58:00,Somerville Theatre,2025-08-18,8:45 PM,1056696,English,United States
Kansas City,Robert Altman,1996,Drama,0 days 01:56:00,The Brattle,2025-08-18,"3:30 PM, 8:30 PM",1693894,English,United States
Thieves Like Us,Robert Altman,1974,Crime,0 days 02:03:00,The Brattle,2025-08-18,6:00 PM,4539015,English,United States
Short Cuts,Robert Altman,1993,Drama,0 days 03:08:00,The Brattle,2025-08-19,"4:00 PM, 8:00 PM",676038,English,United States
Dirty Dancing,Emile Ardolino,1987,Drama,0 days 01:40:00,Coolidge Corner Theatre,2025-08-19,7:00 PM,680361,English,United States
Fallen Angels,Wong Kar-wai,1995,Action,0 days 01:38:00,Somerville Theatre,2025-08-19,7:30 PM,624433,Cantonese,British Hong Kong
Dr. Strangelove or: How I Learned to Stop Worrying and Love the Bomb,Stanley Kubrick,1964,Comedy,0 days 01:35:00,The Brattle,2025-08-20,"3:45 PM, 8:15 PM",8695,English,United Kingdom
"One, Two, Three",Billy Wilder,1961,Comedy,0 days 01:49:00,The Brattle,2025-08-20,6:00 PM,660343,English,United States
Inside Man,Spike Lee,2006,Crime,0 days 02:09:00,Coolidge Corner Theatre,2025-08-20,7:00 PM,3592692,English,United States
All About Eve,Joseph L. Mankiewicz,1950,Drama,0 days 02:19:00,Somerville Theatre,2025-08-20,7:30 PM,41881,English,United States
Twin Peaks: Fire Walk with Me,David Lynch,1992,Drama,0 days 02:15:00,The Speedway,2025-08-20,8:00 PM,245515,English,France
Franky Five Star,Birgit Möller,2023,Drama,0 days 01:54:00,Goethe-Institut,2025-08-20,8:00 PM,,,
Loving Couples,Mai Zetterling,1964,Drama,0 days 01:58:00,The Brattle,2025-08-21,6:00 PM,21759848,Swedish,Sweden
The Girls,Mai Zetterling,1968,Drama,0 days 01:40:00,The Brattle,2025-08-21,"3:45 PM, 8:30 PM",32684003,Swedish,Sweden
Death & Taxes,Justin Schein,2024,Documentary,0 days 01:26:00,West Newton Cinema,2025-08-21,7:00 PM,,,
Happy Together,Wong Kar-wai,1997,Drama,0 days 01:36:00,Somerville Theatre,2025-08-21,7:30 PM,184987,Cantonese,Hong Kong
The Fast and the Furious: Tokyo Drift,Justin Lin,2006,Action,0 days 01:44:00,Coolidge Corner Theatre,2025-08-21,7:00 PM,2913859,English,United States
Barry Lyndon,Stanley Kubrick,1975,Drama,0 days 03:05:00,The Brattle,2025-08-22,6:00 PM,4227,English,United Kingdom
Two in the Shadow,Mikio Naruse,1967,Romance,0 days 01:48:00,Harvard Film Archive,2025-08-22,7:00 PM,,,
North by Northwest,Alfred Hitchcock,1959,Mystery,0 days 02:16:00,Kendall/MIT Open Space,2025-08-22,7:00 PM,73412,English,United States
Fever Pitch,"Bobby Farrelly, Peter Farrelly",2005,Romance,0 days 01:44:00,WBUR CitySpace,2025-08-22,7:00 PM,1448684,English,United States
In Our Day,Hong Sang-soo,2023,Drama,0 days 01:24:00,Harvard Film Archive,2025-08-22,9:15 PM,75600131,Korean,South Korea
Dogtooth,Yorgos Lanthimos,2009,Drama,0 days 01:38:00,The Brattle,2025-08-22,9:45 PM,22832896,Greek,Greece
Ghost Ship,Steve Beck,2002,Horror,0 days 01:31:00,Somerville Theatre,2025-08-22,9:45 PM,1354688,English,United States
"Alice, Sweet Alice",Alfred Sole,1976,Horror,0 days 01:48:00,Coolidge Corner Theatre,2025-08-22,11:59 PM,2009947,English,United States
Goodnight Mommy,"Severin Fiala, Veronika Franz",2015,Horror,0 days 01:40:00,Coolidge Corner Theatre,2025-08-23,11:59 PM,47543704,German,Austria
Eraserhead,David Lynch,1978,Horror,0 days 01:29:00,Coolidge Corner Theatre,2025-08-23,11:59 PM,36814246,English,United States
Flowing,Mikio Naruse,1956,Drama,0 days 01:57:00,Harvard Film Archive,2025-08-23,8:45 PM,17723727,Japanese,Japan
Dogtooth,Yorgos Lanthimos,2009,Drama,0 days 01:38:00,The Brattle,2025-08-23,"3:45 PM, 9:45 PM",22832896,Greek,Greece
Wife! Be Like a Rose!,Mikio Naruse,1935,Drama,0 days 01:14:00,Harvard Film Archive,2025-08-23,7:00 PM,66287998,Japanese,Japan
Barry Lyndon,Stanley Kubrick,1975,Drama,0 days 03:05:00,The Brattle,2025-08-23,"12:00 PM, 6:00 PM",4227,English,United Kingdom
In the Mood for Love,Wong Kar-wai,2000,Drama,0 days 01:38:00,Somerville Theatre,2025-08-23,8:00 PM,213413,Cantonese,Hong Kong
Splitsville,Michael Angelo Covino,2025,Comedy,0 days 01:40:00,Coolidge Corner Theatre,2025-08-24,7:00 PM,78277967,English,United States
Barry Lyndon,Stanley Kubrick,1975,Drama,0 days 03:05:00,The Brattle,2025-08-24,"12:00 PM, 6:00 PM",4227,English,United Kingdom
Two in the Shadow,Mikio Naruse,1967,Romance,0 days 01:48:00,Harvard Film Archive,2025-08-24,3:00 PM,,,
Dogtooth,Yorgos Lanthimos,2009,Drama,0 days 01:38:00,The Brattle,2025-08-24,"3:45 PM, 9:45 PM",22832896,Greek,Greece
2046,Wong Kar-wai,2004,Drama,0 days 02:08:00,Somerville Theatre,2025-08-24,6:00 PM,213462,Cantonese,Hong Kong
Night and Day,Hong Sang-soo,2008,Drama,0 days 02:24:00,Harvard Film Archive,2025-08-24,7:00 PM,20425100,Korean,South Korea
Cape Fear,Martin Scorsese,1991,Drama,0 days 02:08:00,Somerville Theatre,2025-08-25,9:00 PM,171026,English,United States
Flowing,Mikio Naruse,1956,Drama,0 days 01:57:00,Harvard Film Archive,2025-08-25,7:00 PM,17723727,Japanese,Japan
Hero,Zhang Yimou,2002,Drama,0 days 01:39:00,Coolidge Corner Theatre,2025-08-25,7:00 PM,318542,Mandarin,China
McCabe & Mrs. Miller,Robert Altman,1971,Western,0 days 02:00:00,The Brattle,2025-08-25,6:00 PM,68501,English,United States
The Player,Robert Altman,1992,Mystery,0 days 02:04:00,The Brattle,2025-08-25,8:30 PM,358263,English,United States
Barry Lyndon,Stanley Kubrick,1975,Drama,0 days 03:05:00,The Brattle,2025-08-25,2:00 PM,4227,English,United Kingdom
Cape Fear,J. Lee Thompson,1962,Thriller,0 days 01:45:00,Somerville Theatre,2025-08-25,7:00 PM,171029,English,United States
Gosford Park,Robert Altman,2001,Drama,0 days 02:17:00,The Brattle,2025-08-26,"3:30 PM, 6:30 PM",142476,English,United Kingdom
Road House,Rowdy Herrington,1989,Action,0 days 01:54:00,Coolidge Corner Theatre,2025-08-26,7:00 PM,901489,English,United States
Double Feature: The Sweet Hereafter and Gates of Heaven,"Atom Egoyan, Errol Morris",1980,Documentary,0 days 03:15:00,Mount Auburn Cemetery,2025-08-26,8:00 PM,,,
Dogtooth,Yorgos Lanthimos,2009,Drama,0 days 01:38:00,The Brattle,2025-08-26,9:15 PM,22832896,Greek,Greece
Beyond the Blue Border,Sarah Neumann,2024,Drama,0 days 01:42:00,Goethe-Institut,2025-08-27,8:00 PM,,,
Watermelon Man,Melvin Van Peebles,1970,Comedy,0 days 01:40:00,The Brattle,2025-08-27,"4:15 PM, 8:30 PM",2735755,English,United States
Putney Swope,Robert Downey Sr.,1969,Comedy,0 days 01:25:00,The Brattle,2025-08-27,6:30 PM,3692025,English,United States
The Big Cube,Tito Davison,1969,Drama,0 days 01:38:00,Somerville Theatre,2025-08-27,7:30 PM,18802880,English,Mexico
Wallace & Gromit: The Curse of the Were-Rabbit,"Steve Box, Nick Park",2005,Adventure,0 days 01:25:00,West Newton Cinema,2025-08-28,"12:30 PM, 2:30 PM, 4:30 PM, 7:00 PM",1784731,English,United Kingdom
E.T. the Extra-Terrestrial,Steven Spielberg,1982,SciFi,0 days 01:55:00,West Newton Cinema,2025-08-28,"12:30 PM, 4:00 PM",73441,English,United States
North by Northwest,Alfred Hitchcock,1959,Mystery,0 days 02:16:00,West Newton Cinema,2025-08-28,"12:45 PM, 3:45 PM, 7:00 PM",73412,English,United States
Chicago,Rob Marshall,2002,Comedy,0 days 01:53:00,West Newton Cinema,2025-08-28,"1:00 PM, 4:00 PM, 7:00 PM",201534,English,United States
Jaws,Steven Spielberg,1975,Horror,0 days 02:04:00,West Newton Cinema,2025-08-28,7:00 PM,74830,English,United States
The Women,George Cukor,1939,Comedy,0 days 02:13:00,Coolidge Corner Theatre,2025-08-28,7:00 PM,19978736,English,United States
The Brady Bunch Movie,Betty Thomas,1995,Family,0 days 01:29:00,Coolidge Corner Theatre,2025-08-28,9:30 PM,2158983,English,United States
The Straight Story,David Lynch,1999,Drama,0 days 01:52:00,Somerville Theatre,2025-08-28,7:30 PM,31351,English,United States
American Movie,Chris Smith,1999,Documentary,0 days 01:47:00,West Newton Cinema,2025-08-28,"12:30 PM, 4:15 PM, 7:00 PM",163388,English,United States
"Jeanne Dielman, 23, quai du Commerce, 1080 Bruxelles",Chantal Akerman,1976,Drama,0 days 03:22:00,The Brattle,2025-08-28,"2:30 PM, 6:30 PM",13889076,French,Belgium
Best in Show,Christopher Guest,2000,Comedy,0 days 01:30:00,West Newton Cinema,2025-08-28,"12:30 PM, 2:30 PM, 4:30 PM, 7:00 PM",587507,English,United States
An American Tail: Fievel Goes West,"Simon Wells, Phil Nibbelink",1991,Animation,0 days 01:15:00,The Brattle,2025-08-29,3:30 PM,1456329,English,United States
Jaws,Steven Spielberg,1975,Horror,0 days 02:04:00,Coolidge Corner Theatre,2025-08-29,7:00 PM,74830,English,United States
Grass,Hong Sang-soo,2018,Drama,0 days 01:06:00,Harvard Film Archive,2025-08-29,9:15 PM,56764960,Korean,South Korea
The Power of Kangwon Province,Hong Sang-soo,1998,Drama,0 days 01:49:00,Harvard Film Archive,2025-08-29,7:00 PM,7362462,Korean,South Korea
Flow,Gints Zilbalodis,2024,Animation,0 days 01:25:00,The Brattle,2025-08-29,6:00 PM,76884533,,Latvia
Them,"Xavier Palud, David Moreau",2006,Horror,0 days 01:17:00,Coolidge Corner Theatre,2025-08-29,11:59 PM,9249020,French,France
The Night of a Thousand Cats,René Cardona Jr.,1972,Horror,0 days 01:03:00,The Brattle,2025-08-29,10:00 PM,32549192,es,Mexico
Kedi,Ceyda Torun,2017,Documentary,0 days 01:19:00,The Brattle,2025-08-29,8:00 PM,53309409,Turkish,Turkey
Jaws,Steven Spielberg,1975,Horror,0 days 02:04:00,Coolidge Corner Theatre,2025-08-30,7:00 PM,74830,English,United States
Village of the Damned,John Carpenter,1995,Thriller,0 days 01:39:00,Coolidge Corner Theatre,2025-08-30,11:59 PM,1721255,English,United States
Ha Ha Ha,Hong Sang-soo,2010,Comedy,0 days 01:56:00,Harvard Film Archive,2025-08-30,8:30 PM,,,
Tamala 2010: A Punk Cat in Space,t.o.L,2002,Animation,0 days 01:32:00,The Brattle,2025-08-30,9:30 PM,5103474,,
"Bell, Book and Candle",Richard Quine,1958,Comedy,0 days 01:46:00,The Brattle,2025-08-30,4:45 PM,2243626,English,United States
Kiki's Delivery Service,Hayao Miyazaki,1989,Animation,0 days 01:43:00,The Brattle,2025-08-30,"12:00 PM, 2:30 PM",490623,Japanese,Japan
Amélie,Jean-Pierre Jeunet,2001,Comedy,0 days 02:02:00,The Brattle,2025-08-30,7:00 PM,44302,French,France
Hill of Freedom,Hong Sang-soo,2014,Drama,0 days 01:06:00,Harvard Film Archive,2025-08-30,7:00 PM,44253359,Korean,South Korea
Jaws,Steven Spielberg,1975,Horror,0 days 02:04:00,Coolidge Corner Theatre,2025-08-31,7:00 PM,74830,English,United States
Kiki's Delivery Service,Hayao Miyazaki,1989,Animation,0 days 01:43:00,The Brattle,2025-08-31,4:30 PM,490623,Japanese,Japan
Eye of the Cat,David Lowell Rich,1969,Horror,0 days 01:42:00,The Brattle,2025-08-31,7:00 PM,29894297,English,United States
The Shadow of the Cat,John Gilling,1961,Horror,0 days 01:19:00,The Brattle,2025-08-31,9:15 PM,5533869,English,United Kingdom
In Our Day,Hong Sang-soo,2023,Drama,0 days 01:24:00,Harvard Film Archive,2025-08-31,7:00 PM,75600131,Korean,South Korea
The Power of Kangwon Province,Hong Sang-soo,1998,Drama,0 days 01:49:00,Harvard Film Archive,2025-08-31,3:00 PM,7362462,Korean,South Korea
Mangrove,Steve McQueen,2020,Drama,0 days 02:13:00,Harvard Film Archive,2025-09-01,7:00 PM,64179488,English,United Kingdom
Flow,Gints Zilbalodis,2024,Animation,0 days 01:25:00,The Brattle,2025-09-01,12:00 PM,76884533,,Latvia
Kedi,Ceyda Torun,2017,Documentary,0 days 01:19:00,The Brattle,2025-09-01,2:00 PM,53309409,Turkish,Turkey
A Star Is Born,George Cukor,1954,Drama,0 days 02:56:00,Somerville Theatre,2025-09-01,2:00 PM,3450570,English,United States
Amélie,Jean-Pierre Jeunet,2001,Comedy,0 days 02:02:00,The Brattle,2025-09-01,4:00 PM,44302,French,France
Jaws,Steven Spielberg,1975,Horror,0 days 02:04:00,Coolidge Corner Theatre,2025-09-01,7:00 PM,74830,English,United States
A Star Is Born,Bradley Cooper,2018,Music,0 days 02:16:00,Somerville Theatre,2025-09-01,5:30 PM,46321167,English,United States
The Black Cat,Harold Hoffman,1966,Horror,0 days 01:13:00,The Brattle,2025-09-01,9:15 PM,,,
The Third Man,Carol Reed,1949,Thriller,0 days 01:44:00,The Brattle,2025-09-01,7:00 PM,71473,English,United Kingdom
The Third Man,Carol Reed,1949,Thriller,0 days 01:44:00,The Brattle,2025-09-02,4:00 PM,71473,English,United Kingdom
Cat City,Béla Ternovszky,1986,Animation,0 days 01:36:00,The Brattle,2025-09-02,6:30 PM,1094787,Hungarian,Canada
Felidae,Michael Schaack,1994,Animation,0 days 01:22:00,The Brattle,2025-09-02,8:30 PM,9210380,German,Germany
Inside Llewyn Davis,"Joel Coen, Ethan Coen",2013,Drama,0 days 01:44:00,The Brattle,2025-09-03,"3:30 PM, 8:30 PM",34604057,English,United States
The Last Class,Elliot Kirschner,2025,Documentary,0 days 01:11:00,The Brattle,2025-09-03,6:00 PM,,,
When the Cat Comes,Vojtěch Jasný,1963,Comedy,0 days 01:44:00,The Brattle,2025-09-04,6:00 PM,13135357,Czech,Czechoslovakia
Flow,Gints Zilbalodis,2024,Animation,0 days 01:25:00,The Brattle,2025-09-04,4:00 PM,76884533,,Latvia
Alien,Ridley Scott,1979,Horror,0 days 01:57:00,The Brattle,2025-09-04,8:30 PM,23487440,English,United Kingdom
The Sting,George Roy Hill,1973,Comedy,0 days 02:09:00,Coolidge Corner Theatre,2025-09-04,7:00 PM,62440,English,United States
In Another Country,Hong Sang-soo,2012,Drama,0 days 01:29:00,Harvard Film Archive,2025-09-05,9:30 PM,35562670,Korean,South Korea
On the Occasion of Remembering the Turning Gate,Hong Sang-soo,2002,Drama,0 days 01:56:00,Harvard Film Archive,2025-09-05,7:00 PM,7362626,Korean,South Korea
The Lovers on the Bridge,Leos Carax,1991,Drama,0 days 02:06:00,The Brattle,2025-09-05,8:15 PM,3329045,French,France
A Better Tomorrow,John Woo,1986,Action,0 days 01:35:00,Coolidge Corner Theatre,2025-09-05,11:59 PM,89541,Cantonese,Hong Kong
The Gold Rush,Charlie Chaplin,1925,Adventure,0 days 01:35:00,Capitol Theatre,2025-09-06,7:30 PM,73882,Silent,United States
The Lovers on the Bridge,Leos Carax,1991,Drama,0 days 02:06:00,The Brattle,2025-09-06,"3:15 PM, 8:15 PM",3329045,French,France
Lovers Rock,Steve McQueen,2020,Drama,0 days 01:13:00,Harvard Film Archive,2025-09-06,7:00 PM,64179486,English,United Kingdom
"Red, White and Blue",Steve McQueen,2020,Drama,0 days 01:20:00,Harvard Film Archive,2025-09-06,8:45 PM,65968147,English,United Kingdom
City on Fire,Ringo Lam Ling-Tung,1987,Action,0 days 01:45:00,Coolidge Corner Theatre,2025-09-06,11:59 PM,1640215,Cantonese,Hong Kong
Hundreds of Beavers,Mike Cheslik,2024,Comedy,0 days 01:48:00,Coolidge Corner Theatre,2025-09-06,11:59 PM,76208655,English,United States
Hill of Freedom,Hong Sang-soo,2014,Drama,0 days 01:06:00,Harvard Film Archive,2025-09-07,7:00 PM,44253359,Korean,South Korea
The Lovers on the Bridge,Leos Carax,1991,Drama,0 days 02:06:00,The Brattle,2025-09-07,"3:15 PM, 8:15 PM",3329045,French,France
Ha Ha Ha,Hong Sang-soo,2010,Comedy,0 days 01:56:00,Harvard Film Archive,2025-09-07,3:00 PM,,,
Caught by the Tides,Jia Zhangke,2024,Drama,0 days 01:51:00,West Newton Cinema,2025-09-07,1:00 PM,76585127,Mandarin,China
A Traveler's Needs,Hong Sang-soo,2024,Drama,0 days 01:30:00,Harvard Film Archive,2025-09-08,7:00 PM,75929437,English,South Korea
V for Vendetta,James McTeigue,2006,Action,0 days 02:12:00,Somerville Theatre,2025-09-08,7:00 PM,1891886,English,United States
Shanghai Blues,Tsui Hark,1984,Comedy,0 days 01:43:00,The Brattle,2025-09-09,"6:00 PM, 8:30 PM",31176526,Cantonese,Hong Kong
Beauty and the Beast,Jean Cocteau,1946,Drama,0 days 01:36:00,Coolidge Corner Theatre,2025-09-10,7:15 PM,1226363,French,France
Twin Peaks: The Return (Part 1 & 2),David Lynch,2017,Drama,0 days 01:54:00,The Brattle,2025-09-10,8:30 PM,,,
Clueless,Amy Heckerling,1995,Comedy,0 days 01:37:00,Coolidge Corner Theatre,2025-09-11,7:00 PM,105872,English,United States
The Palm Beach Story,Preston Sturges,1942,Comedy,0 days 01:28:00,The Brattle,2025-09-11,4:00 PM,2254144,English,United States
The Darjeeling Limited,Wes Anderson,2007,Adventure,0 days 01:32:00,The Brattle,2025-09-11,6:00 PM,6238106,English,United States
Michael Clayton,Tony Gilroy,2007,Drama,0 days 01:59:00,West Newton Cinema,2025-09-11,6:30 PM,5968326,English,United States
Twin Peaks: The Return (Part 3 & 4),David Lynch,2017,Drama,0 days 01:54:00,The Brattle,2025-09-11,8:30 PM,,,
The General,"Clyde Bruckman, Buster Keaton",1926,Action,0 days 01:19:00,Capitol Theatre,2025-09-12,7:30 PM,68388,Silent,United States
Twin Peaks: The Return (Part 1 & 2),David Lynch,2017,Drama,0 days 01:54:00,The Brattle,2025-09-12,10:30 PM,,,
Roma,Federico Fellini,1972,Comedy,0 days 02:00:00,Harvard Film Archive,2025-09-12,9:00 PM,1721399,Italian,Italy
The Thing,John Carpenter,1982,Horror,0 days 01:49:00,The Brattle,2025-09-12,7:00 PM,30809,English,United States
The Left Handed Gun,Arthur Penn,1958,Western,0 days 01:42:00,Harvard Film Archive,2025-09-12,7:00 PM,10990102,English,United States
Beuys,Andres Veiel,2017,Documentary,0 days 01:47:00,Goethe-Institut,2025-09-12,7:00 PM,52994727,German,Germany
Hackers,Iain Softley,1995,Action,0 days 01:47:00,Somerville Theatre,2025-09-12,6:30 PM,40852758,English,United States
I like America and America likes Me,Helmut Wietz,1974,,0 days 00:40:00,Goethe-Institut,2025-09-12,6:00 PM,,,
A Better Tomorrow II,John Woo,1987,Action,0 days 01:43:00,Coolidge Corner Theatre,2025-09-12,11:59 PM,3365741,Cantonese,Hong Kong
Hackers,Iain Softley,1995,Action,0 days 01:47:00,Somerville Theatre,2025-09-12,8:00 PM,40852758,English,United States
A Night at the Opera,Sam Wood,1935,Comedy,0 days 01:36:00,Capitol Theatre,2025-09-13,7:30 PM,75263,English,United States
Night of the Juggler,Robert Butler,1980,Action,0 days 01:41:00,Somerville Theatre,2025-09-13,7:45 PM,28370824,English,United States
Twin Peaks: The Return (Part 9 & 10),David Lynch,2017,Drama,0 days 01:51:00,The Brattle,2025-09-13,7:30 PM,,,
Twin Peaks: The Return (Part 3 & 4),David Lynch,2017,Drama,0 days 01:54:00,The Brattle,2025-09-13,12:00 PM,,,
Twin Peaks: The Return (Part 7 & 8),David Lynch,2017,Drama,0 days 01:55:00,The Brattle,2025-09-13,5:00 PM,,,
The Killer,John Woo,1989,Action,0 days 01:50:00,Coolidge Corner Theatre,2025-09-13,11:59 PM,451877,Cantonese,Hong Kong
The Room,Tommy Wiseau,2003,Drama,0 days 01:39:00,Coolidge Corner Theatre,2025-09-13,11:59 PM,5443971,English,United States
Twin Peaks: The Return (Part 5 & 6),David Lynch,2017,Drama,0 days 01:56:00,The Brattle,2025-09-13,2:30 PM,,,
Alex Wheatle/Education,Steve McQueen,2020,Drama,0 days 02:15:00,Harvard Film Archive,2025-09-13,7:00 PM,,,
Art War,Marco Wilms,2014,Documentary,0 days 01:30:00,Goethe-Institut,2025-09-13,5:30 PM,,,
Harald Naegeli - Der Sprayer von Zürich,Nathalie David,2021,Documentary,0 days 01:37:00,Goethe-Institut,2025-09-13,3:30 PM,,,
Sticker Movie,Will Deloney,2023,Documentary,,Goethe-Institut,2025-09-13,2:00 PM,,,
"I Was Born, But… / Pixote","Ozu Yasujiro, Héctor Babenco, Chuck Jones",1932,Drama,0 days 03:45:00,Harvard Film Archive,2025-09-13,2:00 PM,,,
Twin Peaks: The Return (Part 11 & 12),David Lynch,2017,Drama,0 days 01:51:00,The Brattle,2025-09-13,10:00 PM,,,
Twin Peaks: The Return (Part 9 & 10),David Lynch,2017,Drama,0 days 01:51:00,The Brattle,2025-09-14,3:30 PM,,,
Twin Peaks: The Return (Part 7 & 8),David Lynch,2017,Drama,0 days 01:55:00,The Brattle,2025-09-14,12:30 PM,,,
Twin Peaks: The Return (Part 11 & 12),David Lynch,2017,Drama,0 days 01:51:00,The Brattle,2025-09-14,9:30 PM,,,
FOUND FOOTAGE FEST: Porcelain VHS Treasures,"Joe Pickett, Nick Prueher",2025,Documentary,0 days 01:30:00,The Brattle,2025-09-14,7:00 PM,,,
Yourself and Yours,Hong Sang-soo,2016,Drama,0 days 01:27:00,Harvard Film Archive,2025-09-14,7:00 PM,52132625,Korean,South Korea
The Catered Affair,Richard Brooks,1956,Drama,0 days 01:34:00,Harvard Film Archive,2025-09-14,3:00 PM,7885996,English,United States
Castle in the Sky,Hayao Miyazaki,1986,Adventure,0 days 02:05:00,West Newton Cinema,2025-09-14,1:00 PM,147697,Japanese,Japan
Night of the Juggler,Robert Butler,1980,Action,0 days 01:41:00,Somerville Theatre,2025-09-14,7:45 PM,28370824,English,United States
Like You Know It All,Hong Sang-soo,2009,Drama,0 days 02:08:00,Harvard Film Archive,2025-09-15,7:00 PM,20442820,Korean,South Korea
Postcards from the Edge,Mike Nichols,1990,Comedy,0 days 01:41:00,Coolidge Corner Theatre,2025-09-15,7:00 PM,21675573,English,United States
Clueless,Amy Heckerling,1995,Comedy,0 days 01:37:00,The Brattle,2025-09-15,6:00 PM,105872,English,United States
The Rocketeer,Joe Johnston,1991,Action,0 days 01:48:00,Somerville Theatre,2025-09-15,7:30 PM,5807082,English,United States
Twin Peaks: The Return (Part 13 & 14),David Lynch,2017,Drama,0 days 01:55:00,The Brattle,2025-09-15,8:30 PM,,,
Twin Peaks: The Return (Part 13 & 14),David Lynch,2017,Drama,0 days 01:55:00,The Brattle,2025-09-16,4:00 PM,,,
Twin Peaks: The Return (Part 15 & 16),David Lynch,2017,Drama,0 days 01:52:00,The Brattle,2025-09-16,"6:30 PM, 9:00 PM",,,
Eno,Gary Hustwit,2024,Documentary,,The Brattle,2025-09-17,6:00 PM,75853418,English,United States
Teenage Mutant Ninja Turtles,Steve Barron,1990,SciFi,0 days 01:33:00,The Speedway,2025-09-17,8:00 PM,2323962,English,United States
Twin Peaks: The Return (Part 17 & 18),David Lynch,2017,Drama,0 days 01:56:00,The Brattle,2025-09-17,8:30 PM,,,
Twin Peaks: The Return (Part 17 & 18),David Lynch,2017,Drama,0 days 01:56:00,The Brattle,2025-09-18,6:30 PM,,,
Hello Beautiful,Ziad H. Hamzeh,2025,,0 days 01:40:00,West Newton Cinema,2025-09-18,7:00 PM,80112149,English,United States
Ray,Taylor Hackford,2004,Drama,0 days 02:32:00,Coolidge Corner Theatre,2025-09-18,7:00 PM,993226,English,United States
Dude Bro Party Massacre III,"Michael Rousselet, Jon Salmon, Tomm Jacobsen",2015,Horror,0 days 01:41:00,The Brattle,2025-09-18,9:00 PM,53255086,English,United States
Blue Velvet,David Lynch,1986,Mystery,0 days 02:00:00,Coolidge Corner Theatre,2025-09-18,9:30 PM,3947,English,United States
Captains Courageous,Victor Fleming,1937,Adventure,0 days 01:55:00,Capitol Theatre,2025-09-19,7:30 PM,4015188,English,United States
Willy Wonka & the Chocolate Factory,Mel Stuart,1971,Family,0 days 01:39:00,The Brattle,2025-09-19,3:30 PM,174560,English,United States
Yojimbo,Akira Kurosawa,1961,Drama,0 days 01:50:00,Somerville Theatre,2025-09-19,9:20 PM,312498,Japanese,Japan
Rashomon,Akira Kurosawa,1950,Crime,0 days 01:28:00,Somerville Theatre,2025-09-19,7:30 PM,187603,Japanese,Japan
Floating Clouds,Mikio Naruse,1955,Drama,0 days 02:03:00,Harvard Film Archive,2025-09-19,7:00 PM,15242021,Japanese,Japan
One Cut of the Dead,Shinichiro Ueda,2017,Comedy,0 days 01:36:00,The Brattle,2025-09-19,6:00 PM,58845544,Japanese,Japan
A Chinese Ghost Story,Tony Ching Siu-Tung,1987,Fantasy,0 days 01:36:00,Coolidge Corner Theatre,2025-09-19,11:59 PM,204809,Cantonese,Hong Kong
Hello Beautiful,Ziad H. Hamzeh,2025,,0 days 01:40:00,West Newton Cinema,2025-09-19,7:00 PM,80112149,English,United States
Lightning,Mikio Naruse,1952,Drama,0 days 01:27:00,Harvard Film Archive,2025-09-19,9:30 PM,23208313,Japanese,Japan
Hell House LLC,Stephen Cognetti,2015,Horror,0 days 01:33:00,The Brattle,2025-09-19,10:00 PM,52965398,English,United States
The Maltese Falcon,John Huston,1941,Mystery,0 days 01:40:00,Capitol Theatre,2025-09-20,7:30 PM,4593958,English,United States
Eraserhead,David Lynch,1978,Horror,0 days 01:29:00,Coolidge Corner Theatre,2025-09-20,11:59 PM,36814246,English,United States
One Cut of the Dead,Shinichiro Ueda,2017,Comedy,0 days 01:36:00,The Brattle,2025-09-20,12:00 PM,58845544,Japanese,Japan
Walk Up,Hong Sang-soo,2022,Drama,0 days 01:37:00,Harvard Film Archive,2025-09-20,9:00 PM,71880486,Korean,South Korea
A Traveler's Needs,Hong Sang-soo,2024,Drama,0 days 01:30:00,Harvard Film Archive,2025-09-20,7:00 PM,75929437,English,South Korea
Noroi: The Curse,Koji Shiraishi,2005,Horror,0 days 01:55:00,The Brattle,2025-09-20,6:30 PM,14449597,Japanese,Japan
Willow Creek,Bobcat Goldthwait,2013,Horror,0 days 01:20:00,The Brattle,2025-09-20,4:15 PM,39530705,English,United States
Peking Opera Blues,Tsui Hark,1986,Action,0 days 01:44:00,Coolidge Corner Theatre,2025-09-20,11:59 PM,1602624,Cantonese,Hong Kong
Troll Hunter,André Øvredal,2010,Fantasy,0 days 01:44:00,The Brattle,2025-09-20,2:00 PM,29345692,Norwegian,Norway
Eat Drink Man Woman,Ang Lee,1994,Comedy,0 days 02:03:00,Museum of Fine Arts,2025-09-20,2:30 PM,881249,Mandarin,Taiwan
The Sacrament,Ti West,2013,Horror,0 days 01:39:00,The Brattle,2025-09-21,9:00 PM,41438706,English,United States
On the Occasion of Remembering the Turning Gate,Hong Sang-soo,2002,Drama,0 days 01:56:00,Harvard Film Archive,2025-09-21,7:00 PM,7362626,Korean,South Korea
The Midnight Swim,Sarah Adina Smith,2015,Drama,0 days 01:24:00,The Brattle,2025-09-21,4:15 PM,43519862,English,United States
Night and Day,Hong Sang-soo,2008,Drama,0 days 02:24:00,Harvard Film Archive,2025-09-21,3:00 PM,20425100,Korean,South Korea
Lake Mungo,Joel Anderson,2009,Horror,0 days 01:27:00,The Brattle,2025-09-21,6:30 PM,21652388,English,Australia
Crumb,Terry Zwigoff,1994,Documentary,0 days 02:00:00,Somerville Theatre,2025-09-21,5:00 PM,863087,English,United States
Ghostwatch,Lesley Manning,1992,Horror,0 days 01:31:00,The Brattle,2025-09-21,2:00 PM,931331,English,United Kingdom
"RPM Fest Presents Crossing Lines, Films by Raymond Rea",Raymond Rea,1982,Documentary,0 days 01:12:00,The Brattle,2025-09-21,12:00 PM,,,
Impatience of the Heart,Lauro Cress,2025,Drama,0 days 01:44:00,Coolidge Corner Theatre,2025-09-21,11:00 AM,,,
Europa Report,Sebastián Cordero,2013,SciFi,0 days 01:30:00,The Brattle,2025-09-22,8:00 PM,34707165,English,United States
A Wanderer's Notebook,Mikio Naruse,1962,Drama,0 days 02:04:00,Harvard Film Archive,2025-09-22,7:00 PM,31750495,Japanese,Japan
M*A*S*H,Robert Altman,1970,Comedy,0 days 01:56:00,Coolidge Corner Theatre,2025-09-22,7:00 PM,23784006,English,United States
The McPherson Tape,Dean Alioto,1989,Horror,0 days 01:03:00,The Brattle,2025-09-22,9:45 PM,15686529,English,United States
Ghost World,Terry Zwigoff,2001,Comedy,0 days 01:51:00,Somerville Theatre,2025-09-22,7:30 PM,20179720,English,United States
The Devil's Doorway,Aislinn Clarke,2018,Horror,0 days 01:16:00,The Brattle,2025-09-23,7:00 PM,63406600,English,Ireland
Salli,Lien Chien-Hung,2024,Comedy,0 days 01:46:00,Coolidge Corner Theatre,2025-09-23,7:00 PM,,,
WALL·E,Andrew Stanton,2008,Animation,0 days 01:38:00,Coolidge Corner Theatre,2025-09-23,7:00 PM,8980330,English,United States
The Last Exorcism,Daniel Stamm,2010,Horror,0 days 01:27:00,The Brattle,2025-09-23,8:45 PM,26588977,English,United States
V/H/S/2,"Adam Wingard, Gregg Hale, Eduardo Sánchez, Simon Barrett, Timo Tjahjanto, Jason Eisener, Gareth Evans",2013,Horror,0 days 01:36:00,The Brattle,2025-09-24,9:30 PM,38357481,English,United States
Yen and Ai-Lee,Tom Lin,2024,Drama,0 days 01:47:00,The Brattle,2025-09-25,6:30 PM,78117987,Mandarin,Taiwan
Midnight Run,Martin Brest,1988,Action,0 days 02:06:00,West Newton Cinema,2025-09-25,7:00 PM,1122030,English,United States
The Trouble with Harry,Alfred Hitchcock,1955,Comedy,0 days 01:39:00,Museum of Fine Arts,2025-09-25,7:00 PM,579127,English,United States
Cloverfield,Matt Reeves,2008,Action,0 days 01:24:00,The Brattle,2025-09-25,9:30 PM,12064359,English,United States
Magic Mike XXL,Gregory Jacobs,2015,Comedy,0 days 01:55:00,Coolidge Corner Theatre,2025-09-25,9:45 PM,43719778,English,United States
Opening Night,John Cassavetes,1977,Drama,0 days 02:24:00,West Newton Cinema,2025-09-26,6:30 PM,2581818,English,United States
Don't Torture a Duckling,Lucio Fulci,1972,Horror,0 days 01:45:00,The Brattle,2025-09-26,9:00 PM,11510742,Italian,Italy
Hard Boiled,John Woo,1992,Action,0 days 02:06:00,Coolidge Corner Theatre,2025-09-26,11:59 PM,577618,Cantonese,Hong Kong
The Rocky Horror Picture Show,Jim Sharman,1975,Comedy,0 days 01:40:00,Somerville Theatre,2025-09-26,11:59 PM,25491,English,United Kingdom
Singin' in the Rain,"Stanley Donen, Gene Kelly",1952,Comedy,0 days 01:43:00,Capitol Theatre,2025-09-26,7:30 PM,1883157,English,United States
Wife,Mikio Naruse,1953,Drama,0 days 01:36:00,Harvard Film Archive,2025-09-26,9:00 PM,43865754,Japanese,Japan
The Muppets Take Manhattan,Frank Oz,1984,Romance,0 days 01:34:00,The Brattle,2025-09-26,3:30 PM,1099178,English,United States
8½,Federico Fellini,1963,Drama,0 days 02:19:00,The Brattle,2025-09-26,6:00 PM,318810,Italian,Italy
Late Chrysanthemums,Mikio Naruse,1954,Drama,0 days 01:41:00,Harvard Film Archive,2025-09-26,7:00 PM,18587615,Japanese,Japan
Thief,Michael Mann,1981,Crime,0 days 02:03:00,The Brattle,2025-09-27,7:00 PM,1330774,English,United States
The Big Heat,Fritz Lang,1953,Crime,0 days 01:29:00,The Brattle,2025-09-27,5:00 PM,1564113,English,United States
Fleischer Fairy Tales,Max Fleischer,1931,Animation,0 days 01:05:00,The Brattle,2025-09-27,12:00 PM,,,
Shane,George Stevens,1953,Drama,0 days 01:58:00,Capitol Theatre,2025-09-27,7:30 PM,76351,English,United States
Bullet in the Head,John Woo,1990,Action,0 days 02:11:00,Coolidge Corner Theatre,2025-09-27,11:59 PM,1862671,Cantonese,Hong Kong
8½,Federico Fellini,1963,Drama,0 days 02:19:00,The Brattle,2025-09-27,2:00 PM,318810,Italian,Italy
Pink Narcissus,James Bidgood,1971,Drama,0 days 01:09:00,The Brattle,2025-09-27,9:45 PM,183550,English,U.S.
Lightning,Mikio Naruse,1952,Drama,0 days 01:27:00,Harvard Film Archive,2025-09-27,7:00 PM,23208313,Japanese,Japan
The Rocky Horror Picture Show,Jim Sharman,1975,Comedy,0 days 01:40:00,Coolidge Corner Theatre,2025-09-27,11:59 PM,25491,English,United Kingdom
Repast,Mikio Naruse,1951,Drama,0 days 01:37:00,Harvard Film Archive,2025-09-27,9:00 PM,6584492,Japanese,Japan
Late Chrysanthemums,Mikio Naruse,1954,Drama,0 days 01:41:00,Coolidge Corner Theatre,2025-09-28,3:00 PM,18587615,Japanese,Japan
The Sealed Soil,Marva Nabili,1977,Drama,0 days 01:30:00,The Brattle,2025-09-28,4:00 PM,,,
Shanghai Express,Josef von Sternberg,1932,Drama,0 days 01:22:00,The Brattle,2025-09-28,6:00 PM,61061,English,United States
Wife,Mikio Naruse,1953,Drama,0 days 01:36:00,Harvard Film Archive,2025-09-28,7:00 PM,43865754,Japanese,Japan
Four Nights of a Dreamer,Robert Bresson,1972,Drama,0 days 01:22:00,The Brattle,2025-09-28,8:00 PM,18555807,French,France
Christopher Strong,Dorothy Arzner,1933,Drama,0 days 01:18:00,The Brattle,2025-09-28,1:30 PM,1958815,English,United States
Late Chrysanthemums,Mikio Naruse,1954,Drama,0 days 01:41:00,Harvard Film Archive,2025-09-28,3:00 PM,18587615,Japanese,Japan
M,Fritz Lang,1931,Drama,0 days 01:51:00,Coolidge Corner Theatre,2025-09-29,7:00 PM,66322,German,Germany
Repast,Mikio Naruse,1951,Drama,0 days 01:37:00,Harvard Film Archive,2025-09-29,7:00 PM,6584492,Japanese,Japan
Snow White,J. Searle Dawley,1916,Fantasy,0 days 01:03:00,West Newton Cinema,2025-09-29,7:00 PM,2826225,Silent,United States
The Gold Rush,Charlie Chaplin,1925,Adventure,0 days 01:35:00,The Brattle,2025-09-29,4:00 PM,73882,Silent,United States
Pat Garrett & Billy the Kid,Sam Peckinpah,1973,Western,0 days 01:55:00,The Brattle,2025-09-29,8:30 PM,2143256,English,United States
7th Heaven,Frank Borzage,1927,Drama,0 days 01:59:00,The Brattle,2025-09-29,6:00 PM,61049,Silent,United States
Lifeboat,Alfred Hitchcock,1944,War,0 days 01:36:00,The Brattle,2025-09-30,6:00 PM,264869,English,United States
Hour of the Wolf,Ingmar Bergman,1968,Drama,0 days 01:28:00,Coolidge Corner Theatre,2025-09-30,7:00 PM,1724742,Swedish,Sweden
Golden Eighties,Chantal Akerman,1986,Music,0 days 01:36:00,The Brattle,2025-09-30,8:30 PM,64325894,French,Belgium
Heightened Scrutiny,Sam Feder,2025,Documentary,0 days 01:29:00,Coolidge Corner Theatre,2025-10-01,7:15 PM,83347199,English,USA
The Sealed Soil,Marva Nabili,1977,Drama,0 days 01:30:00,The Brattle,2025-10-01,8:00 PM,,,
Amores Perros,Alejandro González Iñárritu,2000,Drama,0 days 02:34:00,The Brattle,2025-10-02,6:00 PM,729979,Spanish,Mexico
Rope,Alfred Hitchcock,1948,Thriller,0 days 01:21:00,Coolidge Corner Theatre,2025-10-02,7:00 PM,23477436,English,United States
Carrie,Brian De Palma,1976,Horror,0 days 01:38:00,The Brattle,2025-10-02,9:00 PM,4899791,English,United States
A Terra! The Cinema of Marta Mateus Program I,Various,1974,Drama,0 days 01:10:00,Harvard Film Archive,2025-10-03,7:00 PM,,,
Greed,Erich von Stroheim,1924,Drama,0 days 02:20:00,Harvard Film Archive,2025-10-03,8:30 PM,73930,Silent,United States
Linda Linda Linda,Nobuhiro Yamashita,2005,Comedy,0 days 01:54:00,The Brattle,2025-10-03,8:30 PM,7587190,Japanese,Japan
Psycho,Alfred Hitchcock,1960,Horror,0 days 01:49:00,Coolidge Corner Theatre,2025-10-03,11:59 PM,23880,English,United States
Street Without End,Mikio Naruse,1934,Drama,0 days 01:27:00,Harvard Film Archive,2025-10-04,8:30 PM,66481766,Japanese,Japan
The Texas Chain Saw Massacre,Tobe Hooper,1974,Horror,0 days 01:23:00,Coolidge Corner Theatre,2025-10-04,11:59 PM,29781,English,United States
Linda Linda Linda,Nobuhiro Yamashita,2005,Comedy,0 days 01:54:00,The Brattle,2025-10-04,"1:30 PM, 6:30 PM",7587190,Japanese,Japan
Dilwale Dulhania Le Jayenge,Aditya Chopra,1995,Comedy,0 days 03:10:00,Coolidge Corner Theatre,2025-10-04,1:00 PM,274258,Hindi,India
Every-Night Dreams,Mikio Naruse,1933,Drama,0 days 01:05:00,Harvard Film Archive,2025-10-04,7:00 PM,37554282,Japanese,Japan
Mangrove,Steve McQueen,2020,Drama,0 days 02:13:00,Harvard Film Archive,2025-10-05,3:00 PM,64179488,English,United Kingdom
Linda Linda Linda,Nobuhiro Yamashita,2005,Comedy,0 days 01:54:00,The Brattle,2025-10-05,"3:30 PM, 8:30 PM",7587190,Japanese,Japan
Jane Austen Wrecked My Life,Laura Piani,2025,Comedy,0 days 01:38:00,West Newton Cinema,2025-10-05,4:00 PM,77791089,French,France
Lovers Rock,Steve McQueen,2020,Drama,0 days 01:13:00,Harvard Film Archive,2025-10-05,7:00 PM,64179486,English,United Kingdom
Linda Linda Linda,Nobuhiro Yamashita,2005,Comedy,0 days 01:54:00,The Brattle,2025-10-06,6:00 PM,7587190,Japanese,Japan
The Spirit of the Beehive,Víctor Erice,1973,Drama,0 days 01:38:00,Coolidge Corner Theatre,2025-10-06,7:00 PM,1583660,Spanish,Spain
The Day a Pig Fell Into the Well,Hong Sang-soo,1996,Drama,0 days 01:57:00,Harvard Film Archive,2025-10-06,7:00 PM,3603641,Korean,South Korea
Carnival of Souls,Herk Harvey,1962,Horror,0 days 01:18:00,Coolidge Corner Theatre,2025-10-07,7:00 PM,1100688,English,United States
Linda Linda Linda,Nobuhiro Yamashita,2005,Comedy,0 days 01:54:00,The Brattle,2025-10-08,6:00 PM,7587190,Japanese,Japan
Repulsion,Roman Polanski,1965,Drama,0 days 01:45:00,Coolidge Corner Theatre,2025-10-08,7:00 PM,1001142,English,United Kingdom
Madonna: Truth or Dare,Alek Keshishian,1991,Music,0 days 02:00:00,Coolidge Corner Theatre,2025-10-09,7:00 PM,5461236,English,United States
12 Angry Men,Sidney Lumet,1957,Drama,0 days 01:37:00,Capitol Theatre,2025-10-10,3:00 PM,92605,English,United States
Nosferatu,F. W. Murnau,1922,Horror,0 days 01:35:00,Capitol Theatre,2025-10-10,7:00 PM,82423,Silent,Weimar Republic
The Shadow,Russell Mulcahy,1994,Fantasy,0 days 01:48:00,The Brattle,2025-10-10,3:30 PM,5991505,English,United States
By the Stream,Hong Sang-soo,2024,Drama,0 days 01:51:00,Harvard Film Archive,2025-10-10,7:00 PM,77327003,Korean,South Korea
Prom Night,Paul Lynch,1980,Horror,0 days 01:33:00,Coolidge Corner Theatre,2025-10-10,11:59 PM,2497347,English,Canada
Our Sunhi,Hong Sang-soo,2013,Romance,0 days 01:29:00,Harvard Film Archive,2025-10-10,9:15 PM,40284801,Korean,South Korea
Gosford Park,Robert Altman,2001,Drama,0 days 02:17:00,Museum of Fine Arts,2025-10-11,2:30 PM,142476,English,United Kingdom
"Suddenly, Last Summer",Joseph L. Mankiewicz,1959,Thriller,0 days 01:54:00,Harvard Film Archive,2025-10-11,7:00 PM,7771844,English,United Kingdom
I Accuse!,José Ferrer,1958,Drama,0 days 01:39:00,Harvard Film Archive,2025-10-11,9:30 PM,22811714,English,United Kingdom
The Prowler,Joseph Zito,1981,Horror,0 days 01:29:00,Coolidge Corner Theatre,2025-10-11,11:59 PM,9489391,English,United States
Diabolique,Henri-Georges Clouzot,1955,Thriller,0 days 01:57:00,Coolidge Corner Theatre,2025-10-12,2:00 PM,152749,French,France
"Suddenly, Last Summer",Joseph L. Mankiewicz,1959,Thriller,0 days 01:54:00,Harvard Film Archive,2025-10-12,3:00 PM,7771844,English,United Kingdom
"Red, White and Blue",Steve McQueen,2020,Drama,0 days 01:20:00,Harvard Film Archive,2025-10-12,7:00 PM,65968147,English,United Kingdom
The Lost Boys,Joel Schumacher,1987,Horror,0 days 01:37:00,The Brattle,2025-10-13,6:00 PM,673472,English,United States
The Phantom of the Opera,Rupert Julian,1925,Horror,0 days 01:47:00,Coolidge Corner Theatre,2025-10-13,7:00 PM,308930,Silent,United States
A Terra! The Cinema of Marta Mateus Program III,Various,1962,Drama,0 days 01:25:00,Harvard Film Archive,2025-10-13,7:00 PM,,,
Dance Freak,"Alan Resnick, Robby Rackleff",2025,Horror,0 days 01:30:00,The Brattle,2025-10-13,8:30 PM,,,
Possession,Andrzej Żuławski,1981,Horror,0 days 02:04:00,Coolidge Corner Theatre,2025-10-14,7:00 PM,5542682,English,France
Trust,Hal Hartley,1990,Drama,0 days 01:47:00,The Brattle,2025-10-15,8:15 PM,4056928,,United States
I Know What You Did Last Summer,Jim Gillespie,1997,Horror,0 days 01:40:00,The Speedway,2025-10-15,8:00 PM,255049,English,United States
Kwaidan,Masaki Kobayashi,1965,Horror,0 days 03:03:00,Coolidge Corner Theatre,2025-10-15,7:00 PM,1268511,Japanese,Japan
The Unbelievable Truth,Hal Hartley,1990,Comedy,0 days 01:30:00,The Brattle,2025-10-15,6:15 PM,7760868,English,United States
Simple Men,Hal Hartley,1992,Crime,0 days 01:45:00,The Brattle,2025-10-15,4:00 PM,6394318,English,United States
The Unbelievable Truth,Hal Hartley,1990,Comedy,0 days 01:30:00,The Brattle,2025-10-16,4:00 PM,7760868,English,United States
Trust,Hal Hartley,1990,Drama,0 days 01:47:00,The Brattle,2025-10-16,6:00 PM,4056928,,United States
The Bostonians,James Ivory,1984,Drama,0 days 02:02:00,West Newton Cinema,2025-10-16,6:30 PM,5986077,English,United Kingdom
Peeping Tom,Michael Powell,1960,Thriller,0 days 01:41:00,Coolidge Corner Theatre,2025-10-16,7:00 PM,413949,English,United Kingdom
The Manchurian Candidate,John Frankenheimer,1962,Thriller,0 days 02:06:00,Capitol Theatre,2025-10-16,7:30 PM,58147,English,United States
Simple Men,Hal Hartley,1992,Crime,0 days 01:45:00,The Brattle,2025-10-16,8:15 PM,6394318,English,United States
Ernest Scared Stupid,John Cherry,1991,Comedy,0 days 01:31:00,Coolidge Corner Theatre,2025-10-16,9:45 PM,4012556,English,United States
Ernest Scared Stupid,John Cherry,1991,Comedy,0 days 01:31:00,Coolidge Corner Theatre,2025-10-16,10:00 PM,4012556,English,United States
A Nightmare on Elm Street,Wes Craven,1984,Horror,0 days 01:31:00,Coolidge Corner Theatre,2025-10-17,11:59 PM,3028191,English,United States
Sinners,Ryan Coogler,2025,Horror,0 days 02:18:00,The Brattle,2025-10-17,10:00 PM,75895455,English,United States
Apart from You,Mikio Naruse,1933,Drama,0 days 01:04:00,Harvard Film Archive,2025-10-17,8:30 PM,37563310,Japanese,Japan
From Russia with Love,Terence Young,1963,Action,0 days 01:55:00,Capitol Theatre,2025-10-17,7:30 PM,6446071,English,United Kingdom
Over the Garden Wall,Patrick McHale,2014,Animation,0 days 01:50:00,Rocky Woods,2025-10-17,8:00 PM,,,
Close Encounters of the Third Kind,Steven Spielberg,1977,SciFi,0 days 02:15:00,Somerville Theatre,2025-10-17,8:30 PM,146236,English,United States
Cosmos,Andrzej Żuławski,2015,Drama,0 days 01:42:00,West Newton Cinema,2025-10-17,7:00 PM,46355414,French,France
A Terra! The Cinema of Marta Mateus Program IV,Various,1909,Drama,0 days 01:03:00,Harvard Film Archive,2025-10-17,7:00 PM,,,
Close Encounters of the Third Kind,Steven Spielberg,1977,SciFi,0 days 02:15:00,Somerville Theatre,2025-10-18,"12:15 PM, 6:15 PM",146236,English,United States
Where is the Friend’s House? / The 400 Blows,"Abbas Kiarostami, François Truffaut",1959,Drama,0 days 03:09:00,Harvard Film Archive,2025-10-18,2:00 PM,,,
Caligula,Tinto Brass,1979,Drama,0 days 02:36:00,Harvard Film Archive,2025-10-18,7:00 PM,243204,English,Italy
West Side Story,"Jerome Robbins, Robert Wise",1961,Crime,0 days 02:33:00,Capitol Theatre,2025-10-18,7:00 PM,4608223,English,United States
Sinners,Ryan Coogler,2025,Horror,0 days 02:18:00,The Brattle,2025-10-18,9:00 PM,75895455,English,United States
Scream,Wes Craven,1996,Crime,0 days 01:52:00,Coolidge Corner Theatre,2025-10-18,11:59 PM,113549,English,United States
Close Encounters of the Third Kind,Steven Spielberg,1977,SciFi,0 days 02:15:00,Somerville Theatre,2025-10-18,"12:00 PM, 6:15 PM",146236,English,United States
Massachusetts Avenue: Life Along Cambridge’s Main Artery,Federico Muchnik,2010,Documentary,0 days 01:50:00,The Brattle,2025-10-18,12:00 PM,,,
Close Encounters of the Third Kind,Steven Spielberg,1977,SciFi,0 days 02:15:00,Somerville Theatre,2025-10-19,6:15 PM,146236,English,United States
Sinners,Ryan Coogler,2025,Horror,0 days 02:18:00,The Brattle,2025-10-19,8:30 PM,75895455,English,United States
Alex Wheatle/Education,Steve McQueen,2020,Drama,0 days 02:15:00,Harvard Film Archive,2025-10-19,3:00 PM,,,
RPM Fest Presents Jean Sousa: Today is Sunday,Jean Sousa,1977,Music,0 days 01:20:00,The Brattle,2025-10-19,2:00 PM,,,
Close Encounters of the Third Kind,Steven Spielberg,1977,SciFi,0 days 02:15:00,Somerville Theatre,2025-10-19,"12:00 PM, 6:15 PM",146236,English,United States
Köln 75,Ido Fluk,2025,Drama,0 days 01:56:00,Coolidge Corner Theatre,2025-10-19,11:00 AM,79043252,German,Germany
Revolução / A Lei da Terra,"Ana Hatherly, Grupo Zero",1975,Drama,0 days 01:19:00,Harvard Film Archive,2025-10-19,7:00 PM,,,
Nosferatu the Vampyre,Werner Herzog,1979,Drama,0 days 01:47:00,Coolidge Corner Theatre,2025-10-19,2:00 PM,2199162,German,West Germany
There There,Andrew Bujalski,2022,Comedy,0 days 01:34:00,The Brattle,2025-10-20,6:00 PM,80159707,English,United States
No Blood Relation,Mikio Naruse,1932,Drama,0 days 01:19:00,Harvard Film Archive,2025-10-20,7:00 PM,66824155,Japanese,Japan
The Fog,John Carpenter,1980,Horror,0 days 01:30:00,Somerville Theatre,2025-10-20,7:30 PM,1443093,English,United States
Sinners,Ryan Coogler,2025,Horror,0 days 02:18:00,The Brattle,2025-10-20,9:00 PM,75895455,English,United States
Under the Skin,Jonathan Glazer,2014,Thriller,0 days 01:48:00,Coolidge Corner Theatre,2025-10-21,7:00 PM,39502001,English,United Kingdom
The Fog,John Carpenter,1980,Horror,0 days 01:30:00,Somerville Theatre,2025-10-21,7:30 PM,1443093,English,United States
Mad Monster Party?,Jules Bass,1967,Animation,0 days 01:35:00,Somerville Theatre,2025-10-22,7:30 PM,7392111,English,United States
The Devil's Backbone,Guillermo del Toro,2001,Fantasy,0 days 01:48:00,Coolidge Corner Theatre,2025-10-23,7:00 PM,5523710,Spanish,Spain
The Crowd,King Vidor,1928,Drama,0 days 01:38:00,Coolidge Corner Theatre,2025-10-23,4:00 PM,928593,Silent,United States
Frankenstein,James Whale,1931,Drama,0 days 01:10:00,West Newton Cinema,2025-10-23,7:00 PM,73488,English,United States
Practical Magic,Griffin Dunne,1998,Romance,0 days 01:44:00,The Brattle,2025-10-23,5:30 PM,89445,English,United States
Child's Play 2,John Lafia,1990,Horror,0 days 01:24:00,Coolidge Corner Theatre,2025-10-23,9:30 PM,534812,English,United States
Gods and Monsters,Bill Condon,1998,Drama,0 days 01:45:00,The Brattle,2025-10-24,3:30 PM,171555,English,United Kingdom
Days of Wine and Roses,Blake Edwards,1963,Drama,0 days 01:57:00,West Newton Cinema,2025-10-24,7:00 PM,161866,English,United States
The Rocky Horror Picture Show,Jim Sharman,1975,Comedy,0 days 01:40:00,Coolidge Corner Theatre,2025-10-24,11:59 PM,25491,English,United Kingdom
Moment of Terror,Mikio Naruse,1966,Crime,0 days 01:40:00,Harvard Film Archive,2025-10-24,9:00 PM,,,
Brother and Sister,Mikio Naruse,1953,Drama,0 days 01:26:00,Harvard Film Archive,2025-10-24,7:00 PM,,,
Fire of Wind,Marta Mateus,2024,Drama,0 days 01:12:00,Harvard Film Archive,2025-10-25,7:00 PM,,,
Some Like It Hot,Billy Wilder,1959,Comedy,0 days 02:02:00,West Newton Cinema,2025-10-25,6:15 PM,76366,English,United States
The Apartment,Billy Wilder,1960,Comedy,0 days 02:05:00,West Newton Cinema,2025-10-25,3:20 PM,43849,English,United States
E.T. the Extra-Terrestrial,Steven Spielberg,1982,SciFi,0 days 01:55:00,Coolidge Corner Theatre,2025-10-25,10:30 AM,73441,English,United States
The Tender Bar,George Clooney,2021,Drama,0 days 01:44:00,Somerville Theatre,2025-10-25,1:00 PM,66061508,English,United States
24th Halloween Horror Marathon,Various,2025,Horror,0 days 12:00:00,Coolidge Corner Theatre,2025-10-25,11:30 PM,,,
Hotel Transylvania,Genndy Tartakovsky,2012,Animation,0 days 01:31:00,West Newton Cinema,2025-10-26,11:00 AM,31327794,English,United States
A Girl Walks Home Alone at Night,Ana Lily Amirpour,2014,Horror,0 days 01:41:00,Coolidge Corner Theatre,2025-10-26,2:00 PM,41301968,Persian,United States
The Odd Couple,Gene Saks,1968,Comedy,0 days 01:46:00,West Newton Cinema,2025-10-26,1:00 PM,6492614,English,United States
I Accuse!,José Ferrer,1958,Drama,0 days 01:39:00,Harvard Film Archive,2025-10-26,3:00 PM,22811714,English,United Kingdom
The Woman Who Ran,Hong Sang-soo,2020,Drama,0 days 01:17:00,Harvard Film Archive,2025-10-26,7:00 PM,63110771,Korean,South Korea
Ed Wood,Tim Burton,1994,Comedy,0 days 02:07:00,Coolidge Corner Theatre,2025-10-27,7:00 PM,528464,English,United States
"Farpões, baldios / O Pão","Marta Mateus, Manoel de Oliveira",1963,Drama,0 days 00:47:00,Harvard Film Archive,2025-10-27,7:00 PM,,,
Lady Dracula,Franz Josef Gottlieb,1977,Comedy,0 days 01:19:00,The Brattle,2025-10-27,9:00 PM,62067684,German,West Germany
A Terra! The Cinema of Marta Mateus Program III,Various,1962,Drama,0 days 01:25:00,Harvard Film Archive,2025-10-27,9:00 PM,,,
Jonathan,Hans W. Geißendörfer,1970,Horror,0 days 01:37:00,The Brattle,2025-10-27,6:30 PM,38024097,German,West Germany
The Omen,Richard Donner,1976,Horror,0 days 01:51:00,Somerville Theatre,2025-10-27,7:30 PM,186856,English,United Kingdom
Re-Animator,Stuart Gordon,1985,SciFi,0 days 01:26:00,Somerville Theatre,2025-10-28,9:30 PM,1129009,English,United States
Ghostbusters,Ivan Reitman,1984,Comedy,0 days 01:47:00,Somerville Theatre,2025-10-28,7:00 PM,205013,English,United States
The Substance,Coralie Fargeat,2024,Horror,0 days 02:21:00,Coolidge Corner Theatre,2025-10-28,7:00 PM,70519613,English,France
A Nightmare on Elm Street 3: Dream Warriors,Chuck Russell,1987,Horror,0 days 01:36:00,The Brattle,2025-10-28,6:00 PM,3037946,English,United States
Tenderness of the Wolves,Ulli Lommel,1973,Horror,0 days 01:22:00,The Brattle,2025-10-28,9:00 PM,,,
Mandy,Panos Cosmatos,2018,Fantasy,0 days 02:02:00,The Brattle,2025-10-29,9:15 PM,56359151,English,Belgium
The Witches of Eastwick,George Miller,1987,Comedy,0 days 01:58:00,Somerville Theatre,2025-10-29,7:00 PM,5526366,English,United States
Oddity,Damian McCarthy,2024,Horror,0 days 01:38:00,The Brattle,2025-10-29,7:00 PM,76591225,English,Ireland
Candyman,Nia DaCosta,2021,Horror,0 days 01:31:00,Coolidge Corner Theatre,2025-10-29,7:00 PM,62150510,English,United States
Wolf,Mike Nichols,1994,Horror,0 days 02:05:00,Somerville Theatre,2025-10-29,9:20 PM,686022,English,United States
Tigers Are Not Afraid,Issa López,2017,Fantasy,0 days 01:23:00,The Brattle,2025-10-29,5:00 PM,61595904,es,Mexico
The Crow,Alex Proyas,1994,Fantasy,0 days 01:42:00,The Brattle,2025-10-30,10:30 PM,406339,English,United States
Elvira: Mistress of the Dark,James Signorelli,1988,Comedy,0 days 01:36:00,Coolidge Corner Theatre,2025-10-30,7:00 PM,4227273,English,United States
Copycat,Jon Amiel,1995,Thriller,0 days 02:04:00,Somerville Theatre,2025-10-30,7:00 PM,3154773,English,United States
The Pit and the Pendulum,Roger Corman,1961,Horror,0 days 01:21:00,Capitol Theatre,2025-10-30,7:30 PM,5422414,English,United States
The Silence of the Lambs,Jonathan Demme,1991,Crime,0 days 01:59:00,Somerville Theatre,2025-10-30,9:20 PM,30006,English,United States
Scary Movie,Keenen Ivory Wayans,2000,Comedy,0 days 01:28:00,Coolidge Corner Theatre,2025-10-30,9:30 PM,277667,English,United States
The Rocky Horror Picture Show,Jim Sharman,1975,Comedy,0 days 01:40:00,Somerville Theatre,2025-10-31,9:00 PM,25491,English,United Kingdom
Arsenic and Old Lace,Frank Capra,1944,Comedy,0 days 01:58:00,West Newton Cinema,2025-10-31,1:00 PM,787704,English,United States
The Song Lantern,Mikio Naruse,1943,Drama,0 days 01:33:00,Harvard Film Archive,2025-10-31,9:00 PM,72076809,Japanese,Japan
Sinners,Ryan Coogler,2025,Horror,0 days 02:18:00,Museum of Fine Arts,2025-10-31,7:00 PM,75895455,English,United States
Ginza Cosmetics,Mikio Naruse,1951,Drama,0 days 01:27:00,Harvard Film Archive,2025-10-31,7:00 PM,31731713,Japanese,Japan
Psycho,Alfred Hitchcock,1960,Horror,0 days 01:49:00,Capitol Theatre,2025-10-31,7:00 PM,23880,English,United States
Halloween,John Carpenter,1978,Horror,0 days 01:31:00,Coolidge Corner Theatre,2025-10-31,11:59 PM,20179415,English,United States
Phantasm,Don Coscarelli,1979,Horror,0 days 01:29:00,Capitol Theatre,2025-10-31,9:10 PM,1802400,English,United States
Bram Stoker's Dracula,Francis Ford Coppola,1992,Romance,0 days 02:08:00,The Brattle,2025-10-31,3:30 PM,337740,English,United States
Fairyland,Andrew Durham,2023,Drama,0 days 01:54:00,Coolidge Corner Theatre,2025-11-01,2:00 PM,71693627,English,United States
A Hard Day's Night,Richard Lester,1964,Comedy,0 days 01:28:00,Capitol Theatre,2025-11-01,7:30 PM,248601,English,United Kingdom
"Learn from Experience, Part Two",Mikio Naruse,1937,Drama,0 days 01:19:00,Harvard Film Archive,2025-11-01,8:45 PM,,,
Halloween II,Rob Zombie,2009,Horror,0 days 01:45:00,Coolidge Corner Theatre,2025-11-01,11:59 PM,20736730,English,United States
"Learn from Experience, Part One",Mikio Naruse,1937,Drama,0 days 01:18:00,Harvard Film Archive,2025-11-01,7:00 PM,,,
6-A Akash Ganga,Nirmal Chander,2023,Documentary,0 days 02:00:00,Coolidge Corner Theatre,2025-11-02,2:00 PM,,,
The Thomas Crown Affair,Norman Jewison,1968,Crime,0 days 01:42:00,Museum of Fine Arts,2025-11-02,2:30 PM,2367145,English,United States
The Road I Travel With You / Avalanche,Mikio Naruse,1936,Drama,0 days 02:08:00,Harvard Film Archive,2025-11-02,7:00 PM,,,
Our Sunhi,Hong Sang-soo,2013,Romance,0 days 01:29:00,Harvard Film Archive,2025-11-02,3:00 PM,40284801,Korean,South Korea
The Girl in the Rumor,Mikio Naruse,1935,Drama,0 days 00:55:00,Harvard Film Archive,2025-11-03,7:00 PM,66400499,Japanese,Japan
No! YOU'RE WRONG. or: Spooky Action at a Distance,Crispin Glover,2025,,0 days 01:25:00,Coolidge Corner Theatre,2025-11-03,7:00 PM,81135282,English,Czech Republic
The Wiser Age,Mikio Naruse,1962,Drama,0 days 01:51:00,Harvard Film Archive,2025-11-03,8:15 PM,,,
Au Hasard Balthazar,Robert Bresson,1966,Drama,0 days 01:36:00,Coolidge Corner Theatre,2025-11-06,7:00 PM,1885499,French,France
Donnie Darko,Richard Kelly,2001,Fantasy,0 days 01:54:00,Coolidge Corner Theatre,2025-11-06,9:45 PM,57820,English,United States
Love Story,Arthur Hiller,1970,Romance,0 days 01:39:00,Capitol Theatre,2025-11-06,7:30 PM,99461,English,United States
Let Us Live,John Brahm,1939,Crime,0 days 01:05:00,Harvard Film Archive,2025-11-07,7:00 PM,33000092,English,United States
The Sting,George Roy Hill,1973,Comedy,0 days 02:09:00,Capitol Theatre,2025-11-07,7:30 PM,62440,English,United States
Washington Merry-Go-Round,James Cruze,1932,Drama,0 days 01:19:00,Harvard Film Archive,2025-11-07,8:45 PM,39674347,English,United States
"There Was, There Was Not",Emily Mkrtichian,2025,Documentary,0 days 01:35:00,West Newton Cinema,2025-11-07,7:00 PM,,,
GODZILLATHON,Various,1954,Horror,0 days 11:40:00,Somerville Theatre,2025-11-08,2:00 PM,,,
The Brave Bulls,Robert Rossen,1951,Drama,0 days 01:47:00,Harvard Film Archive,2025-11-08,9:00 PM,48139564,English,United States
Address Unknown,William Cameron Menzies,1944,Drama,0 days 01:15:00,Harvard Film Archive,2025-11-08,7:00 PM,20760084,English,United States
Miracle in Milan / Killer of Sheep,"Vittorio De Sica, Charles Burnett",1951,Drama,0 days 03:04:00,Harvard Film Archive,2025-11-08,2:00 PM,,,
Saturday Night Fever,John Badham,1977,Music,0 days 01:58:00,Capitol Theatre,2025-11-08,7:30 PM,54175,English,United States
Amar Akbar Anthony,Manmohan Desai,1977,Action,0 days 03:04:00,Coolidge Corner Theatre,2025-11-09,1:00 PM,1205729,Hindi,India
The Muppet Movie,James Frawley,1979,Comedy,0 days 01:37:00,Capitol Theatre,2025-11-09,4:00 PM,876728,English,United Kingdom
Under Age / Girls Under 21,"Edward Dmytryk, Max Nosseck",1940,Drama,0 days 02:43:00,Harvard Film Archive,2025-11-09,7:00 PM,,,
The Day a Pig Fell Into the Well,Hong Sang-soo,1996,Drama,0 days 01:57:00,Harvard Film Archive,2025-11-09,3:00 PM,3603641,Korean,South Korea
The Grapes of Wrath,John Ford,1940,Drama,0 days 02:09:00,Coolidge Corner Theatre,2025-11-10,7:00 PM,4350811,English,United States
Jordan Belson by Raymond Foye - Program i,Jordan Belson,1951,Animation,0 days 00:51:00,Harvard Film Archive,2025-11-10,7:00 PM,,,
You've Got Mail,Nora Ephron,1998,Comedy,0 days 01:59:00,Coolidge Corner Theatre,2025-11-13,7:00 PM,158982,English,United States
Network,Sidney Lumet,1976,Drama,0 days 02:02:00,Capitol Theatre,2025-11-13,7:30 PM,101935,English,United States
Mysterious Intruder,William Castle,1946,Mystery,0 days 01:01:00,Harvard Film Archive,2025-11-14,7:00 PM,39976667,English,United States
E.T. the Extra-Terrestrial,Steven Spielberg,1982,SciFi,0 days 01:55:00,Capitol Theatre,2025-11-14,7:00 PM,73441,English,United States
Jordan Belson by Raymond Foye,Jordan Belson,1964,Animation,0 days 00:55:00,Harvard Film Archive,2025-11-14,7:00 PM,,,
Ladies in Retirement,Charles Vidor,1941,Drama,0 days 01:31:00,Harvard Film Archive,2025-11-14,8:30 PM,10872789,English,United States
Gunman's Walk,Phil Karlson,1958,Western,0 days 01:37:00,Harvard Film Archive,2025-11-15,7:00 PM,32812378,English,United States
Thunderhoof,Phil Karlson,1948,Romance,0 days 01:17:00,Harvard Film Archive,2025-11-15,9:00 PM,63526212,English,United States
Sweet Smell of Success,Alexander Mackendrick,1957,Drama,0 days 01:37:00,The Brattle,2025-11-18,"4:15 PM, 8:30 PM",76371,English,United States
The Killing,Stanley Kubrick,1956,Crime,0 days 01:25:00,The Brattle,2025-11-18,6:30 PM,282964,English,United States
Human Desire,Fritz Lang,1954,Drama,0 days 01:31:00,Coolidge Corner Theatre,2025-11-18,7:15 PM,2346581,English,United States
The Donn of Tiki,"Max Well, Alex Lamb",2024,Documentary,0 days 01:40:00,The Brattle,2025-11-19,8:15 PM,,,
Magnificent Obsession,Douglas Sirk,1954,Drama,0 days 01:48:00,Coolidge Corner Theatre,2025-11-19,7:00 PM,4717779,English,United States
The Florida Project,Sean Baker,2017,Drama,0 days 01:52:00,West Newton Cinema,2025-11-20,4:00 PM,53834253,English,United States
Touch of Evil,Orson Welles,1958,Crime,0 days 01:51:00,The Brattle,2025-11-20,"4:15 PM, 8:30 PM",63504,English,United States
The Crimson Kimono,Samuel Fuller,1959,Romance,0 days 01:22:00,The Brattle,2025-11-20,6:30 PM,19164879,English,United States
"Planes, Trains and Automobiles",John Hughes,1987,Comedy,0 days 01:33:00,Coolidge Corner Theatre,2025-11-20,7:00 PM,1397377,English,United States
Harold and Maude,Hal Ashby,1971,Comedy,0 days 01:31:00,Coolidge Corner Theatre,2025-11-20,9:30 PM,13290,English,United States
Bitter Victory,Nicholas Ray,1957,Drama,0 days 01:42:00,Harvard Film Archive,2025-11-21,7:00 PM,24464033,English,France
Pulp Fiction,Quentin Tarantino,1994,Thriller,0 days 02:34:00,Capitol Theatre,2025-11-21,7:30 PM,54173,English,United States
Signs,M. Night Shyamalan,2002,Drama,0 days 01:46:00,Coolidge Corner Theatre,2025-11-21,11:59 PM,72453,English,United States
The Walking Hills,John Sturges,1949,Western,0 days 01:18:00,Harvard Film Archive,2025-11-21,9:00 PM,23736716,English,United States
By the Stream,Hong Sang-soo,2024,Drama,0 days 01:51:00,Harvard Film Archive,2025-11-22,2:00 PM,77327003,Korean,South Korea
Old,M. Night Shyamalan,2021,Thriller,0 days 01:48:00,Coolidge Corner Theatre,2025-11-22,11:59 PM,64352288,English,United States
The Glass Wall,Maxwell Shane,1953,Drama,0 days 01:22:00,Harvard Film Archive,2025-11-22,9:00 PM,2782741,English,United States
The Killer That Stalked New York,Earl McEvoy,1950,Thriller,0 days 01:19:00,Harvard Film Archive,2025-11-22,7:00 PM,2300433,English,United States
Titanic,James Cameron,1997,Drama,0 days 03:14:00,Capitol Theatre,2025-11-22,7:00 PM,52371,English,United States
Gunman's Walk,Phil Karlson,1958,Western,0 days 01:37:00,Harvard Film Archive,2025-11-23,7:00 PM,32812378,English,United States
Legally Blonde,Robert Luketic,2001,Comedy,0 days 01:36:00,Capitol Theatre,2025-11-23,4:00 PM,444267,English,United States
Address Unknown,William Cameron Menzies,1944,Drama,0 days 01:15:00,Harvard Film Archive,2025-11-23,3:00 PM,20760084,English,United States
Explanation for Everything,Gábor Reisz,2023,Drama,0 days 02:31:00,The Brattle,2025-11-23,2:00 PM,74787684,Hungarian,Hungary
Before Sunrise,Richard Linklater,1995,Drama,0 days 01:41:00,Coolidge Corner Theatre,2025-11-23,1:00 PM,805053,English,United States
Moneyball,Bennett Miller,2011,Drama,0 days 02:14:00,Capitol Theatre,2025-11-24,7:00 PM,27891311,English,United States
Jordan Belson by Raymond Foye,Jordan Belson,1964,Animation,0 days 00:55:00,Harvard Film Archive,2025-11-24,7:00 PM,,,
Dilwale Dulhania Le Jayenge,Aditya Chopra,1995,Comedy,0 days 03:10:00,Coolidge Corner Theatre,2025-11-24,6:30 PM,274258,Hindi,India
The Big Heat,Fritz Lang,1953,Crime,0 days 01:29:00,Coolidge Corner Theatre,2025-11-25,7:00 PM,1564113,English,United States
Casablanca,Michael Curtiz,1943,Drama,0 days 01:42:00,Capitol Theatre,2025-11-25,7:00 PM,57585,English,United States
Training Day,Antoine Fuqua,2001,Action,0 days 02:02:00,Coolidge Corner Theatre,2025-11-26,7:00 PM,171623,English,United States
The Blues Brothers,John Landis,1980,Music,0 days 02:13:00,The Brattle,2025-11-26,6:15 PM,4558294,English,United States
Ferris Bueller's Day Off,John Hughes,1986,Comedy,0 days 01:43:00,The Brattle,2025-11-26,"4:00 PM, 9:00 PM",88326,English,United States
Home Alone,Chris Columbus,1990,Comedy,0 days 01:43:00,The Brattle,2025-11-27,"2:45 PM, 7:00 PM",216072,English,United States
Risky Business,Paul Brickman,1983,Romance,0 days 01:38:00,The Brattle,2025-11-27,"4:45 PM, 9:00 PM",561226,English,United States
Smoke Signals,Chris Eyre,1998,Drama,0 days 01:29:00,West Newton Cinema,2025-11-27,"12:45 PM, 8:15 PM",1469880,English,United States
The Visit,M. Night Shyamalan,2015,Horror,0 days 01:34:00,Coolidge Corner Theatre,2025-11-28,11:59 PM,43633622,English,United States
Child's Play,Tom Holland,1988,Horror,0 days 01:27:00,The Brattle,2025-11-28,"6:00 PM, 10:00 PM",534792,English,United States
Poltergeist III,Gary Sherman,1988,Horror,0 days 01:38:00,The Brattle,2025-11-28,8:00 PM,3316533,English,United States
Josie and the Pussycats,"Deborah Kaplan, Harry Elfont",2001,Comedy,0 days 01:38:00,The Brattle,2025-11-28,3:30 PM,754323,English,United States
They Live,John Carpenter,1988,SciFi,0 days 01:33:00,The Brattle,2025-11-28,1:15 PM,342556,English,United States
Where the Wild Things Are,Spike Jonze,2009,Fantasy,0 days 01:41:00,Coolidge Corner Theatre,2025-11-29,10:30 AM,3677015,English,Australia
The Untouchables,Brian De Palma,1987,Crime,0 days 01:59:00,The Brattle,2025-11-29,"1:00 PM, 6:15 PM",3842730,English,United States
Ben-Hur,William Wyler,1959,History,0 days 03:42:00,Harvard Film Archive,2025-11-29,2:00 PM,1343342,English,United States
The Fugitive,Andrew Davis,1993,Action,0 days 02:11:00,The Brattle,2025-11-29,"3:30 PM, 8:45 PM",1822067,English,United States
Trap,M. Night Shyamalan,2024,Crime,0 days 01:45:00,Coolidge Corner Theatre,2025-11-29,11:59 PM,71946032,English,United States
Ben-Hur,William Wyler,1959,History,0 days 03:42:00,Harvard Film Archive,2025-11-30,2:00 PM,1343342,English,United States
Love Jones,Theodore Witcher,1997,Comedy,0 days 01:48:00,The Brattle,2025-11-30,"3:45 PM, 8:30 PM",2812852,English,United States
Call Northside 777,Henry Hathaway,1948,Crime,0 days 01:51:00,The Brattle,2025-11-30,1:00 PM,1611590,English,United States
About Last Night...,Edward Zwick,1986,Comedy,0 days 01:53:00,The Brattle,2025-11-30,6:00 PM,936787,English,United States
Where the Wild Things Are,Spike Jonze,2009,Fantasy,0 days 01:41:00,Coolidge Corner Theatre,2025-11-30,10:30 AM,3677015,English,Australia
Boyhood,Richard Linklater,2014,Drama,0 days 02:46:00,Coolidge Corner Theatre,2025-11-30,1:00 PM,11055577,English,United States
Cooley High,Michael Schultz,1975,Comedy,0 days 01:47:00,The Brattle,2025-12-01,"4:00 PM, 6:30 PM",1692374,English,United States
Myra Breckinridge,Michael Sarne,1970,Comedy,0 days 01:34:00,Harvard Film Archive,2025-12-01,7:00 PM,6782517,English,United States
Master and Commander: The Far Side of the World,Peter Weir,2003,Adventure,0 days 02:18:00,Coolidge Corner Theatre,2025-12-01,7:00 PM,370858,English,United States
Candyman,Nia DaCosta,2021,Horror,0 days 01:31:00,The Brattle,2025-12-01,9:00 PM,62150510,English,United States
Nirvanna the Band the Show the Movie,Matt Johnson,2026,Comedy,0 days 01:40:00,Coolidge Corner Theatre,2025-12-02,7:00 PM,75165538,English,Canada
Go Fish,Rose Troche,1994,Drama,0 days 01:23:00,The Brattle,2025-12-02,"6:00 PM, 8:00 PM",6721185,English,United States
Jupiter Ascending,"Lana Wachowski, Lilly Wachowski",2015,SciFi,0 days 02:07:00,The Brattle,2025-12-03,8:30 PM,37599043,English,United States
Hundreds of Beavers,Mike Cheslik,2024,Comedy,0 days 01:48:00,Somerville Theatre,2025-12-03,"6:00 PM, 8:20 PM",76208655,English,United States
Blue Moon,Richard Linklater,2025,Comedy,0 days 01:40:00,Coolidge Corner Theatre,2025-12-03,2:00 PM,77178873,English,United States
High Fidelity,Stephen Frears,2000,Drama,0 days 01:53:00,The Brattle,2025-12-03,6:00 PM,160047,English,United Kingdom
Blue Moon,Richard Linklater,2025,Comedy,0 days 01:40:00,Coolidge Corner Theatre,2025-12-03,"2:00 PM, 2:30 PM",77178873,English,United States
Carol,Todd Haynes,2015,Romance,0 days 01:58:00,Coolidge Corner Theatre,2025-12-04,9:30 PM,39562051,English,United Kingdom
Nimona,"Nick Bruno, Troy Quane",2023,Adventure,0 days 01:39:00,Coolidge Corner Theatre,2025-12-04,6:00 PM,70090285,English,United States
8 Women,François Ozon,2002,Comedy,0 days 01:51:00,Museum of Fine Arts,2025-12-04,7:00 PM,2594435,French,France
Don Hertzfeldt’s Animation Mixtape,Various,2025,Animation,0 days 01:25:00,The Brattle,2025-12-05,9:30 PM,,,
Yi Yi,Edward Yang,2000,Drama,0 days 02:53:00,The Brattle,2025-12-05,6:00 PM,3710372,Mandarin,Taiwan
Commando,Mark L. Lester,1985,Action,0 days 01:30:00,Coolidge Corner Theatre,2025-12-05,11:59 PM,230483,English,United States
Demolition Man,Marco Brambilla,1993,Crime,0 days 01:55:00,Coolidge Corner Theatre,2025-12-06,11:59 PM,548669,,United States
Devdas,Sanjay Leela Bhansali,2002,Drama,0 days 03:05:00,Coolidge Corner Theatre,2025-12-06,1:00 PM,6468431,Bengali,India
Yi Yi,Edward Yang,2000,Drama,0 days 02:53:00,The Brattle,2025-12-06,"2:30 PM, 6:00 PM",3710372,Mandarin,Taiwan
Don Hertzfeldt’s Animation Mixtape,Various,2025,Animation,0 days 01:25:00,The Brattle,2025-12-06,9:30 PM,,,
Yi Yi,Edward Yang,2000,Drama,0 days 02:53:00,The Brattle,2025-12-07,"4:30 PM, 8:00 PM",3710372,Mandarin,Taiwan
Best of RPM 2025,Various,2025,Documentary,0 days 01:30:00,The Brattle,2025-12-07,2:00 PM,,,
Resurrection,Bi Gan,2025,Drama,0 days 02:40:00,Coolidge Corner Theatre,2025-12-08,6:30 PM,79910828,Mandarin,China
Yi Yi,Edward Yang,2000,Drama,0 days 02:53:00,The Brattle,2025-12-08,3:00 PM,3710372,Mandarin,Taiwan
None Shall Escape,André de Toth,1944,War,0 days 01:25:00,Harvard Film Archive,2025-12-08,7:00 PM,9742232,English,United States
Our Hospitality,"Buster Keaton, John G. Blystone",1923,Comedy,0 days 01:13:00,Coolidge Corner Theatre,2025-12-09,7:00 PM,2685258,Silent,United States
Yi Yi,Edward Yang,2000,Drama,0 days 02:53:00,The Brattle,2025-12-09,8:00 PM,3710372,Mandarin,Taiwan
First Reformed,Paul Schrader,2018,Drama,0 days 01:53:00,Coolidge Corner Theatre,2025-12-10,7:00 PM,54729955,English,United States
Yi Yi,Edward Yang,2000,Drama,0 days 02:53:00,The Brattle,2025-12-10,7:30 PM,3710372,Mandarin,Taiwan
Eternal Sunshine of the Spotless Mind,Michel Gondry,2004,SciFi,0 days 01:48:00,West Newton Cinema,2025-12-11,6:30 PM,537024,English,United States
Kill Bill: The Whole Bloody Affair,Quentin Tarantino,2011,Action,0 days 04:07:00,Coolidge Corner Theatre,2025-12-11,"1:00 PM, 6:30 PM",,,
We're No Angels,Michael Curtiz,1955,Comedy,0 days 01:46:00,The Brattle,2025-12-11,6:00 PM,3585054,English,United States
Tokyo Godfathers,Satoshi Kon,2003,Animation,0 days 01:32:00,Coolidge Corner Theatre,2025-12-11,7:00 PM,981874,Japanese,Japan
We're No Angels,Neil Jordan,1989,Comedy,0 days 01:46:00,The Brattle,2025-12-11,8:30 PM,10587298,English,United States
Striptease,Andrew Bergman,1996,Comedy,0 days 01:55:00,Coolidge Corner Theatre,2025-12-12,11:59 PM,18943833,English,United States
Kill Bill: The Whole Bloody Affair,Quentin Tarantino,2011,Action,0 days 04:07:00,Coolidge Corner Theatre,2025-12-12,"12:00 PM, 6:30 PM",,,
Together Again,Charles Vidor,1944,Comedy,0 days 01:33:00,Harvard Film Archive,2025-12-12,9:00 PM,27533931,English,United States
It's a Wonderful Life,Frank Capra,1946,Drama,0 days 02:10:00,The Brattle,2025-12-12,"3:30 PM, 6:30 PM",60164,English,United States
My Sister Eileen,Alexander Hall,1942,Comedy,0 days 01:36:00,Harvard Film Archive,2025-12-12,7:00 PM,24067673,English,United States
Don't Open Till Christmas,"Edmund Purdom, Alan Birkinshaw",1984,Thriller,0 days 01:27:00,The Brattle,2025-12-12,9:30 PM,25502856,English,United Kingdom
The Librarians,Kim A. Snyder,2025,Documentary,0 days 01:32:00,Coolidge Corner Theatre,2025-12-13,2:00 PM,79003235,English,United States
Rebel Without a Cause / High School,"Nicholas Ray. Frederick Wiseman, Jack Kinney",1953,Drama,0 days 03:07:00,Harvard Film Archive,2025-12-13,2:00 PM,,,
It's a Wonderful Life,Frank Capra,1946,Drama,0 days 02:10:00,The Brattle,2025-12-13,"12:00 PM, 3:00 PM, 6:00 PM",60164,English,United States
Kill Bill: The Whole Bloody Affair,Quentin Tarantino,2011,Action,0 days 04:07:00,Coolidge Corner Theatre,2025-12-13,"12:00 PM, 6:30 PM",,,
Pickup,Hugo Haas,1951,Drama,0 days 01:18:00,Harvard Film Archive,2025-12-13,9:00 PM,37126793,English,United States
Women's Prison,Lewis Seiler,1955,Drama,0 days 01:19:00,Harvard Film Archive,2025-12-13,7:00 PM,33055398,English,United States
Pumping Iron,"Robert Fiore, George Butler",1977,Documentary,0 days 01:26:00,Coolidge Corner Theatre,2025-12-13,11:59 PM,83448,English,
Female Trouble,John Waters,1974,Comedy,0 days 01:37:00,The Brattle,2025-12-13,9:30 PM,1328186,English,United States
The Secret Agent,Kleber Mendonça Filho,2025,Crime,0 days 02:41:00,Coolidge Corner Theatre,2025-12-13,6:30 PM,79261095,Portuguese,Brazil
Hysteria,Mehmet Akif Büyükatalay,2025,Thriller,0 days 01:43:00,Coolidge Corner Theatre,2025-12-14,11:00 AM,78930639,Turkish,Germany
It's a Wonderful Life,Frank Capra,1946,Drama,0 days 02:10:00,The Brattle,2025-12-14,"12:00 PM, 3:00 PM, 6:00 PM",60164,English,United States
Vanity Street / Three Wise Girls,"Nicholas Grinde, William Beaudine",1932,Drama,0 days 02:14:00,Harvard Film Archive,2025-12-14,3:00 PM,,,
None Shall Escape,André de Toth,1944,War,0 days 01:25:00,Harvard Film Archive,2025-12-14,7:00 PM,9742232,English,United States
The City of Lost Children,"Jean-Pierre Jeunet, Marc Caro",1995,Fantasy,0 days 01:52:00,The Brattle,2025-12-14,9:30 PM,472652,French,France
The Secret Agent,Kleber Mendonça Filho,2025,Crime,0 days 02:41:00,Coolidge Corner Theatre,2025-12-14,1:30 PM,79261095,Portuguese,Brazil
Kill Bill: The Whole Bloody Affair,Quentin Tarantino,2011,Action,0 days 04:07:00,Coolidge Corner Theatre,2025-12-14,"12:00 PM, 6:30 PM",,,
Kill Bill: The Whole Bloody Affair,Quentin Tarantino,2011,Action,0 days 04:07:00,Coolidge Corner Theatre,2025-12-15,6:30 PM,,,
Eyes Wide Shut,Stanley Kubrick,1999,Drama,0 days 02:39:00,The Brattle,2025-12-15,9:00 PM,9979,English,United Kingdom
It's a Wonderful Life,Frank Capra,1946,Drama,0 days 02:10:00,The Brattle,2025-12-15,6:00 PM,60164,English,United States
Every-Night Dreams,Mikio Naruse,1933,Drama,0 days 01:05:00,Harvard Film Archive,2025-12-15,7:00 PM,37554282,Japanese,Japan
Emma.,Autumn de Wilde,2020,Comedy,0 days 02:05:00,The Brattle,2025-12-16,"3:30 PM, 9:00 PM",58910666,English,United Kingdom
Pride & Prejudice,Joe Wright,2005,Drama,0 days 02:07:00,The Brattle,2025-12-16,6:15 PM,2312056,English,United Kingdom
Metropolitan,Whit Stillman,1990,Comedy,0 days 01:39:00,The Brattle,2025-12-17,6:30 PM,3493786,English,United States
Three Days of the Condor,Sydney Pollack,1975,Thriller,0 days 01:57:00,The Brattle,2025-12-18,8:45 PM,470185,English,United States
The Santa Clause,John Pasquin,1994,Fantasy,0 days 01:37:00,Coolidge Corner Theatre,2025-12-18,7:00 PM,144415,English,United States
All the President's Men,Alan J. Pakula,1976,Drama,0 days 02:18:00,The Brattle,2025-12-18,6:00 PM,3876620,English,United States
A Face in the Crowd,Elia Kazan,1957,Drama,0 days 02:05:00,West Newton Cinema,2025-12-18,4:00 PM,2019404,English,United States
The Room,Tommy Wiseau,2003,Drama,0 days 01:39:00,Coolidge Corner Theatre,2025-12-19,11:59 PM,5443971,English,United States
Die Hard,John McTiernan,1988,Action,0 days 02:12:00,Coolidge Corner Theatre,2025-12-19,11:59 PM,97646,English,United States
The Natural,Barry Levinson,1984,Drama,0 days 02:17:00,The Brattle,2025-12-19,7:00 PM,11213660,English,United States
The Muppet Christmas Carol,Brian Henson,1992,Music,0 days 01:25:00,Coolidge Corner Theatre,2025-12-20,10:30 AM,1131832,English,United States
The Natural,Barry Levinson,1984,Drama,0 days 02:17:00,The Brattle,2025-12-20,12:30 PM,11213660,English,United States
Charlie's Angels: Full Throttle,McG,2003,Action,0 days 01:46:00,Coolidge Corner Theatre,2025-12-20,11:59 PM,256337,English,United States
The Sting,George Roy Hill,1973,Comedy,0 days 02:09:00,The Brattle,2025-12-20,6:00 PM,62440,English,United States
Butch Cassidy and the Sundance Kid,George Roy Hill,1969,Adventure,0 days 01:51:00,The Brattle,2025-12-20,"3:30 PM, 8:30 PM",99031,English,United States
The Candidate,Michael Ritchie,1972,Comedy,0 days 01:50:00,The Brattle,2025-12-21,6:00 PM,3232438,English,United States
The Hot Rock,Peter Yates,1972,Crime,0 days 01:41:00,The Brattle,2025-12-21,"3:45 PM, 8:30 PM",5080099,English,United States
Elie Wiesel: Soul on Fire,Oren Rudavsky,2024,Documentary,0 days 01:28:00,Coolidge Corner Theatre,2025-12-21,2:00 PM,,,
All the President's Men,Alan J. Pakula,1976,Drama,0 days 02:18:00,The Brattle,2025-12-21,12:30 PM,3876620,English,United States
The Muppet Christmas Carol,Brian Henson,1992,Music,0 days 01:25:00,Coolidge Corner Theatre,2025-12-21,10:30 AM,1131832,English,United States
Jeremiah Johnson,Sydney Pollack,1972,Adventure,0 days 01:48:00,The Brattle,2025-12-22,6:00 PM,649482,English,United States
The Electric Horseman,Sydney Pollack,1979,Drama,0 days 02:02:00,The Brattle,2025-12-22,"3:30 PM, 8:15 PM",2022395,English,United States
White Christmas,Michael Curtiz,1954,Comedy,0 days 02:00:00,Coolidge Corner Theatre,2025-12-22,7:00 PM,2817162,English,United States
Ordinary People,Robert Redford,1980,Drama,0 days 02:04:00,The Brattle,2025-12-23,6:00 PM,106335,English,United States
Downhill Racer,Michael Ritchie,1969,Drama,0 days 01:41:00,The Brattle,2025-12-23,"3:45 PM, 8:30 PM",6168251,English,United States
Charade,Stanley Donen,1963,Comedy,0 days 01:53:00,The Brattle,2025-12-25,3:30 PM,899442,English,United States
Brazil,Terry Gilliam,1985,Comedy,0 days 02:23:00,The Brattle,2025-12-25,"6:00 PM, 9:00 PM",74537,English,United Kingdom
Charade,Stanley Donen,1963,Comedy,0 days 01:53:00,The Brattle,2025-12-26,12:30 PM,899442,English,United States
Rocky IV,Sylvester Stallone,1985,Drama,0 days 01:31:00,Coolidge Corner Theatre,2025-12-26,11:59 PM,104984,English,United States
Brazil,Terry Gilliam,1985,Comedy,0 days 02:23:00,The Brattle,2025-12-26,"6:00 PM, 9:00 PM",74537,English,United Kingdom
Brazil,Terry Gilliam,1985,Comedy,0 days 02:23:00,The Brattle,2025-12-27,"3:00 PM, 6:00 PM, 9:00 PM",74537,English,United Kingdom
Die Hard: With a Vengeance,John McTiernan,1995,Action,0 days 02:08:00,Coolidge Corner Theatre,2025-12-27,11:59 PM,357473,English,United States
Charade,Stanley Donen,1963,Comedy,0 days 01:53:00,The Brattle,2025-12-27,12:30 PM,899442,English,United States
Brazil,Terry Gilliam,1985,Comedy,0 days 02:23:00,The Brattle,2025-12-28,"3:00 PM, 6:00 PM, 9:00 PM",74537,English,United Kingdom
Charade,Stanley Donen,1963,Comedy,0 days 01:53:00,The Brattle,2025-12-28,12:30 PM,899442,English,United States
Charade,Stanley Donen,1963,Comedy,0 days 01:53:00,The Brattle,2025-12-29,3:30 PM,899442,English,United States
Brazil,Terry Gilliam,1985,Comedy,0 days 02:23:00,The Brattle,2025-12-29,"6:00 PM, 9:00 PM",74537,English,United Kingdom
Charade,Stanley Donen,1963,Comedy,0 days 01:53:00,The Brattle,2025-12-30,3:30 PM,899442,English,United States
Brazil,Terry Gilliam,1985,Comedy,0 days 02:23:00,The Brattle,2025-12-30,"6:00 PM, 9:00 PM",74537,English,United Kingdom
After the Thin Man,W.S. Van Dyke,1936,Comedy,0 days 01:52:00,The Brattle,2025-12-31,3:00 PM,144637,English,United States
Stop Making Sense,Jonathan Demme,1984,Documentary,0 days 01:28:00,The Brattle,2025-12-31,"6:00 PM, 8:30 PM",1471831,English,United States
The Thin Man,W.S. Van Dyke,1934,Comedy,0 days 01:31:00,The Brattle,2025-12-31,1:00 PM,61175,English,United States
Henry: Portrait of a Serial Killer,John McNaughton,1986,Crime,0 days 01:23:00,Coolidge Corner Theatre,2026-01-23,11:59 PM,1141596,English,United States
The Mastermind,Kelly Reichardt,2025,Crime,0 days 01:50:00,Museum of Fine Arts,2026-01-23,7:00 PM,78207619,English,United Kingdom
The Monkey,Osgood Perkins,2025,Horror,0 days 01:37:00,The Brattle,2026-01-23,6:30 PM,73762796,English,United States
Final Destination Bloodlines,"Adam B. Stein, Zach Lipovsky",2025,Horror,0 days 01:50:00,The Brattle,2026-01-23,8:45 PM,68017316,English,United States
Batman,Tim Burton,1989,Fantasy,0 days 02:06:00,The Brattle,2026-01-23,3:30 PM,4726,English,United States
How to Train Your Dragon,"Chris Sanders, Dean DeBlois",2010,Fantasy,0 days 01:38:00,Coolidge Corner Theatre,2026-01-24,10:30 AM,18394730,English,United States
Bugonia,Yorgos Lanthimos,2025,SciFi,0 days 01:59:00,The Brattle,2026-01-24,"12:30 PM, 6:00 PM",76136533,English,United Kingdom
The Painter and the Thief,Benjamin Ree,2020,Documentary,0 days 01:42:00,Museum of Fine Arts,2026-01-24,2:00 PM,64103121,English,United States
Eddington,Ari Aster,2025,Western,0 days 02:28:00,The Brattle,2026-01-24,"3:00 PM, 8:30 PM",75843768,English,United States
Occupied City,Steve McQueen,2023,Documentary,0 days 04:26:00,Harvard Film Archive,2026-01-24,6:00 PM,69701238,English,United Kingdom
Sisters,Brian De Palma,1973,Thriller,0 days 01:33:00,Coolidge Corner Theatre,2026-01-24,11:59 PM,1519886,English,United States
Weapons,Zach Cregger,2025,Horror,0 days 02:09:00,The Brattle,2026-01-25,8:15 PM,73248680,English,United States
Fréwaka,Aislinn Clarke,2025,Drama,0 days 01:43:00,The Brattle,2026-01-25,6:00 PM,81078400,Irish Gaelic,Ireland
Keaton & Chaplin Double Feature: THE GENERAL / THE IMMIGRANT,"Buster Keaton, Charlie Chaplin",1917,Comedy,0 days 01:41:00,West Newton Cinema,2026-01-25,2:00 PM,,,
Familiar Touch,Sarah Friedland,2025,Drama,0 days 01:30:00,The Brattle,2026-01-25,"12:00 PM, 4:00 PM",77753484,English,United States
Amrum,Fatih Akin,2025,Drama,0 days 01:33:00,Coolidge Corner Theatre,2026-01-25,11:00 AM,79548502,German,Germany
How to Train Your Dragon,"Chris Sanders, Dean DeBlois",2010,Fantasy,0 days 01:38:00,Coolidge Corner Theatre,2026-01-25,10:30 AM,18394730,English,United States
RPM Fest Presents Crossing Lines: Films by Raymond Rea,Raymond Rea,1985,Documentary,0 days 01:30:00,The Brattle,2026-01-25,2:00 PM,,,
Familiar Touch,Sarah Friedland,2025,Drama,0 days 01:30:00,The Brattle,2026-01-26,4:00 PM,77753484,English,United States
"Sorry, Baby",Eva Victor,2025,Drama,0 days 01:43:00,The Brattle,2026-01-26,"6:00 PM, 8:45 PM",78578409,English,United States
The Conformist,Bernardo Bertolucci,1971,Drama,0 days 01:48:00,Harvard Film Archive,2026-01-26,7:00 PM,10457303,Italian,Italy
Stalker,Andrei Tarkovsky,1979,SciFi,0 days 02:42:00,Coolidge Corner Theatre,2026-01-27,7:00 PM,286266,Russian,Soviet Union
Among Neighbors,Yoav Potash,2024,Documentary,0 days 01:41:00,West Newton Cinema,2026-01-27,7:00 PM,83535228,English,United States
Misericordia,Alain Guiraudie,2024,Drama,0 days 01:44:00,The Brattle,2026-01-27,9:00 PM,76603314,French,France
Prickly Mountain and My Design/ Build Life,Allie Rood,2025,Documentary,0 days 01:30:00,Coolidge Corner Theatre,2026-01-28,6:30 PM,,,
Die My Love,Lynne Ramsay,2025,Drama,0 days 01:59:00,The Brattle,2026-01-28,"3:30 PM, 8:30 PM",77177879,English,United States
Teenage Wasteland,"Amanda McBaine, Jesse Moss",2025,Documentary,0 days 01:50:00,West Newton Cinema,2026-01-28,6:30 PM,,,
If I Had Legs I'd Kick You,Mary Bronstein,2025,Drama,0 days 01:53:00,The Brattle,2026-01-28,6:00 PM,76020898,English,United States
Nouvelle Vague,Richard Linklater,2025,Comedy,0 days 01:46:00,The Brattle,2026-01-29,6:00 PM,76269453,French,France
Vulcanizadora,Joel Potrykus,2025,Comedy,0 days 01:25:00,The Brattle,2026-01-29,9:00 PM,77247074,English,United States
Who Framed Roger Rabbit,Robert Zemeckis,1988,Fantasy,0 days 01:44:00,Coolidge Corner Theatre,2026-01-29,7:00 PM,76018,English,United States
A Clockwork Orange,Stanley Kubrick,1971,SciFi,0 days 02:17:00,Coolidge Corner Theatre,2026-01-29,9:45 PM,1659954,English,United Kingdom
Crossing Delancey,Joan Micklin Silver,1988,Comedy,0 days 01:37:00,The Brattle,2026-01-30,3:30 PM,954902,English,United States
Frankenstein,Guillermo del Toro,2025,Drama,0 days 02:30:00,The Brattle,2026-01-30,6:00 PM,73297429,English,United States
Blow-Up,Michelangelo Antonioni,1966,Drama,0 days 01:51:00,Harvard Film Archive,2026-01-30,7:00 PM,448385,English,United Kingdom
One of Them Days,Lawrence Lamont,2025,Comedy,0 days 01:37:00,The Brattle,2026-01-30,9:00 PM,77358498,English,United States
Suspiria,Dario Argento,1977,Horror,0 days 01:39:00,Coolidge Corner Theatre,2026-01-30,11:59 PM,347000,English,Italy
Happyend,Neo Sora,2025,Drama,0 days 01:53:00,The Brattle,2026-01-31,"1:30 PM, 6:30 PM",77550744,Japanese,Japan
Certified Copy,Abbas Kiarostami,2010,Drama,0 days 01:46:00,Museum of Fine Arts,2026-01-31,2:00 PM,26968376,English,France
Cloud,Kiyoshi Kurosawa,2024,Action,0 days 02:04:00,The Brattle,2026-01-31,"4:00 PM, 9:00 PM",77246399,Japanese,Japan
L'Avventura,Michelangelo Antonioni,1960,Drama,0 days 02:24:00,Harvard Film Archive,2026-01-31,7:00 PM,330874,Italian,Italy
A Bay of Blood,Mario Bava,1971,Horror,0 days 01:25:00,Coolidge Corner Theatre,2026-01-31,11:59 PM,4136530,Italian,Italy
Friendship,Andrew DeYoung,2025,Comedy,0 days 01:40:00,The Brattle,2026-02-01,"4:45 PM, 9:15 PM",77429973,English,United States
Splitsville,Michael Angelo Covino,2025,Comedy,0 days 01:40:00,The Brattle,2026-02-01,7:00 PM,78277967,English,United States
Eephus,Carson Lund,2025,Drama,0 days 01:38:00,The Brattle,2026-02-01,"12:00 PM, 2:15 PM",445172,English,France
Groundhog Day,Harold Ramis,1993,Romance,0 days 01:41:00,West Newton Cinema,2026-02-02,1:00 PM,142327,English,United States
Put Your Soul on Your Hand and Walk,Sepideh Farsi,2025,Documentary,0 days 01:53:00,The Brattle,2026-02-02,"3:30 PM, 6:00 PM",79735756,English,France
Slap Shot,George Roy Hill,1977,Comedy,0 days 02:03:00,Coolidge Corner Theatre,2026-02-02,7:00 PM,1412408,English,United States
Killer's Kiss,Stanley Kubrick,1955,Thriller,0 days 01:08:00,Harvard Film Archive,2026-02-02,7:00 PM,1102966,English,United States
Train Dreams,Clint Bentley,2025,Drama,0 days 01:42:00,The Brattle,2026-02-02,8:30 PM,76032207,English,United States
Fear and Desire,Stanley Kubrick,1953,Drama,0 days 01:02:00,Harvard Film Archive,2026-02-02,8:45 PM,543517,English,United States
Star Wars: Episode III - Revenge of the Sith,George Lucas,2005,Adventure,0 days 02:20:00,Coolidge Corner Theatre,2026-02-03,7:00 PM,55447,English,United States
The History of Sound,Oliver Hermanus,2025,Drama,0 days 02:07:00,The Brattle,2026-02-03,"3:30 PM, 8:30 PM",69227350,English,United States
Peter Hujar's Day,Ira Sachs,2025,Drama,0 days 01:16:00,The Brattle,2026-02-03,6:15 PM,78577080,English,United States
My Man Godfrey,Gregory La Cava,1936,Comedy,0 days 01:35:00,Coolidge Corner Theatre,2026-02-04,7:00 PM,74979,English,United States
An Unfinished Film,Lou Ye,2024,Drama,0 days 01:47:00,The Brattle,2026-02-04,6:30 PM,76826415,Mandarin,
Caught by the Tides,Jia Zhangke,2024,Drama,0 days 01:51:00,The Brattle,2026-02-04,"4:00 PM, 9:00 PM",76585127,Mandarin,China
Wake Up Dead Man: A Knives Out Mystery,Rian Johnson,2025,Thriller,0 days 02:25:00,The Brattle,2026-02-05,"3:30 PM, 9:00 PM",67267207,English,United States
The Mastermind,Kelly Reichardt,2025,Crime,0 days 01:50:00,The Brattle,2026-02-05,6:30 PM,78207619,English,United Kingdom
The Defiant Ones,Stanley Kramer,1958,Crime,0 days 01:36:00,Coolidge Corner Theatre,2026-02-05,7:30 PM,92642,English,United States
Safe,Todd Haynes,1995,Drama,0 days 01:59:00,The Brattle,2026-02-06,9:30 PM,2021218,English,United States
Do the Right Thing,Spike Lee,1989,Drama,0 days 02:00:00,The Brattle,2026-02-06,3:30 PM,73428,English,United States
Red Desert,Michelangelo Antonioni,1964,Drama,0 days 01:57:00,Harvard Film Archive,2026-02-06,7:00 PM,1833819,Italian,Italy
Gothic,Ken Russell,1987,Horror,0 days 01:28:00,Coolidge Corner Theatre,2026-02-06,11:59 PM,992455,English,United Kingdom
The Hunger,Tony Scott,1983,Horror,0 days 01:36:00,Coolidge Corner Theatre,2026-02-07,11:59 PM,1139763,English,United States
City of Hope,John Sayles,1991,Drama,0 days 02:09:00,West Newton Cinema,2026-02-07,4:00 PM,10479762,English,United States
Partner,Bernardo Bertolucci,1968,Drama,0 days 01:45:00,Harvard Film Archive,2026-02-07,9:00 PM,39145444,Italian,Italy
The Spider's Stratagem,Bernardo Bertolucci,1970,Mystery,0 days 01:40:00,Harvard Film Archive,2026-02-07,7:00 PM,14969710,Italian,Italy
Sholay,Ramesh Sippy,1975,Action,0 days 03:18:00,Coolidge Corner Theatre,2026-02-07,1:00 PM,648216,Hindi,India
Safe,Todd Haynes,1995,Drama,0 days 01:59:00,The Brattle,2026-02-07,"3:30 PM, 9:30 PM",2021218,English,United States
The Great Yawn of History,Aliyar Rasti,2024,Drama,0 days 01:33:00,Museum of Fine Arts,2026-02-07,2:30 PM,,,
Sinners,Ryan Coogler,2025,Horror,0 days 02:18:00,West Newton Cinema,2026-02-08,1:00 PM,75895455,English,United States
Taste of Cherry,Abbas Kiarostami,1997,Drama,0 days 01:40:00,Museum of Fine Arts,2026-02-08,2:00 PM,1873693,Persian,Iran
Killer's Kiss,Stanley Kubrick,1955,Thriller,0 days 01:08:00,Harvard Film Archive,2026-02-08,3:00 PM,1102966,English,United States
The Killing,Stanley Kubrick,1956,Crime,0 days 01:25:00,Harvard Film Archive,2026-02-09,7:00 PM,282964,English,United States
Woman of the Year,George Stevens,1942,Comedy,0 days 01:54:00,Coolidge Corner Theatre,2026-02-11,7:00 PM,76641,English,United States
"Now, Voyager",Irving Rapper,1942,Romance,0 days 01:57:00,Coolidge Corner Theatre,2026-02-12,7:00 PM,180993,English,United States
Dangerous Liaisons,Stephen Frears,1988,Drama,0 days 01:59:00,The Brattle,2026-02-13,3:30 PM,75933,English,United States
Casablanca,Michael Curtiz,1943,Drama,0 days 01:42:00,The Brattle,2026-02-13,7:00 PM,57585,English,United States
Trouble Sleep,Alain Kassanda,2020,Documentary,0 days 00:41:00,Harvard Film Archive,2026-02-13,7:00 PM,,,
The Spider's Stratagem,Bernardo Bertolucci,1970,Mystery,0 days 01:40:00,Harvard Film Archive,2026-02-13,8:15 PM,14969710,Italian,Italy
Bride of Chucky,Ronny Yu,1998,Comedy,0 days 01:29:00,The Brattle,2026-02-13,10:00 PM,30865068,English,United States
Eve's Bayou,Kasi Lemmons,1997,Drama,0 days 01:49:00,Coolidge Corner Theatre,2026-02-13,11:59 PM,2159438,English,United States
Casablanca,Michael Curtiz,1943,Drama,0 days 01:42:00,The Brattle,2026-02-14,"4:00 PM, 7:00 PM",57585,English,United States
The Umbrellas of Cherbourg / Hyena,"Jacques Demy, Djibril Diop Mambéty",1964,Drama,0 days 03:22:00,Harvard Film Archive,2026-02-14,2:00 PM,,,
In the Mood for Love,Wong Kar-wai,2000,Drama,0 days 01:38:00,Museum of Fine Arts,2026-02-14,2:00 PM,213413,Cantonese,Hong Kong
The Umbrellas of Cherbourg / Hyenas,"Jacques Demy, Djibril Diop Mambéty",1964,Drama,0 days 03:22:00,Harvard Film Archive,2026-02-14,2:00 PM,,,
Crimson Peak,Guillermo del Toro,2015,Horror,0 days 01:59:00,Coolidge Corner Theatre,2026-02-14,11:59 PM,39031627,English,United States
Dirty Dancing,Emile Ardolino,1987,Drama,0 days 01:40:00,The Brattle,2026-02-14,"1:00 PM, 10:00 PM",680361,English,United States
Trolls,Mike Mitchell,2016,Family,0 days 01:32:00,Coolidge Corner Theatre,2026-02-14,10:30 AM,37935799,English,United States
Le Amiche,Michelangelo Antonioni,1955,Drama,0 days 01:44:00,Harvard Film Archive,2026-02-14,7:00 PM,12710627,Italian,Italy
The Princess Bride,Rob Reiner,1987,Adventure,0 days 01:39:00,Coolidge Corner Theatre,2026-02-14,2:00 PM,31153,English,United States
A Man Named John,Ermanno Olmi,1965,Drama,0 days 01:30:00,Harvard Film Archive,2026-02-14,9:00 PM,19064014,Italian,Italy
When Harry Met Sally...,Rob Reiner,1989,Comedy,0 days 01:36:00,Coolidge Corner Theatre,2026-02-15,2:00 PM,33270,English,United States
Trolls,Mike Mitchell,2016,Family,0 days 01:32:00,Coolidge Corner Theatre,2026-02-15,10:30 AM,37935799,English,United States
51st Annual Boston Science Fiction Film Marathon,Various,2026,SciFi,1 days 00:00:00,Somerville Theatre,2026-02-15,12:00 PM,,,
L'Avventura,Michelangelo Antonioni,1960,Drama,0 days 02:24:00,Harvard Film Archive,2026-02-15,3:00 PM,330874,Italian,Italy
Casablanca,Michael Curtiz,1943,Drama,0 days 01:42:00,The Brattle,2026-02-15,"4:00 PM, 7:00 PM",57585,English,United States
Barb Wire,David Hogan,1996,SciFi,0 days 01:38:00,The Brattle,2026-02-15,9:30 PM,4506211,English,United States
Sparrows,William Beaudine,1926,Drama,0 days 01:34:00,West Newton Cinema,2026-02-15,2:00 PM,13613782,Silent,United States
Mary Poppins,Robert Stevenson,1964,Comedy,0 days 02:19:00,Coolidge Corner Theatre,2026-02-16,1:00 PM,77856,English,United States
Paths of Glory,Stanley Kubrick,1957,War,0 days 01:28:00,Harvard Film Archive,2026-02-16,7:00 PM,23255,English,United States
Point Break,Kathryn Bigelow,1991,Action,0 days 02:02:00,Coolidge Corner Theatre,2026-02-16,7:00 PM,483274,English,United States
Lilies of the Field,Ralph Nelson,1963,Comedy,0 days 01:34:00,Coolidge Corner Theatre,2026-02-17,7:00 PM,97734,English,United States
Lilies of the Field,Alexander Korda,1930,Drama,0 days 01:00:00,Coolidge Corner Theatre,2026-02-17,7:00 PM,35843377,English,United States
"Sorry, Baby",Eva Victor,2025,Drama,0 days 01:43:00,The Brattle,2026-02-17,8:00 PM,78578409,English,United States
The Muppet Movie,James Frawley,1979,Comedy,0 days 01:37:00,Somerville Theatre,2026-02-17,"3:30 PM, 6:00 PM",876728,English,United Kingdom
Beauty and the Beast,"Gary Trousdale, Kirk Wise",1991,Romance,0 days 01:24:00,Coolidge Corner Theatre,2026-02-17,4:00 PM,133462,English,United States
"What's Up, Doc?",Peter Bogdanovich,1972,Comedy,0 days 01:34:00,Coolidge Corner Theatre,2026-02-18,7:00 PM,1159860,English,United States
The Lion King,"Roger Allers, Rob Minkoff",1994,Family,0 days 01:29:00,Coolidge Corner Theatre,2026-02-18,4:00 PM,88678,English,United States
Fréwaka,Aislinn Clarke,2025,Drama,0 days 01:43:00,The Brattle,2026-02-18,6:00 PM,81078400,Irish Gaelic,Ireland
What's Up Doc?,Vít Olmer,1985,Comedy,0 days 01:19:00,Coolidge Corner Theatre,2026-02-18,7:00 PM,,,
When Harry Met Sally...,Rob Reiner,1989,Comedy,0 days 01:36:00,Somerville Theatre,2026-02-18,7:30 PM,33270,English,United States
Weapons,Zach Cregger,2025,Horror,0 days 02:09:00,The Brattle,2026-02-18,8:15 PM,73248680,English,United States
Encanto,"Byron Howard, Jared Bush",2021,Animation,0 days 01:42:00,Coolidge Corner Theatre,2026-02-19,1:00 PM,62975109,English,United States
The Muppets Take Manhattan,Frank Oz,1984,Romance,0 days 01:34:00,Somerville Theatre,2026-02-19,"3:30 PM, 6:00 PM",1099178,English,United States
Night Fight,Khary Saeed Jones,2025,Documentary,0 days 01:18:00,West Newton Cinema,2026-02-19,7:00 PM,,,
Holding Liat,Brandon Kramer,2025,Documentary,0 days 01:37:00,Coolidge Corner Theatre,2026-02-19,7:00 PM,79301703,English,United States
The Thing,John Carpenter,1982,Horror,0 days 01:49:00,Coolidge Corner Theatre,2026-02-19,9:45 PM,30809,English,United States
The Others,Alejandro Amenábar,2001,Horror,0 days 01:41:00,Coolidge Corner Theatre,2026-02-20,11:59 PM,1267713,English,Spain
The Bad Seed,Mervyn LeRoy,1956,Thriller,0 days 02:09:00,Somerville Theatre,2026-02-20,"4:45 PM, 9:30 PM",7657211,English,United States
"Growing Up Female, Second-Wave",Various,1971,Drama,0 days 01:29:00,Harvard Film Archive,2026-02-20,6:00 PM,,,
The Wizard of Oz,Victor Fleming,1939,Adventure,0 days 01:42:00,Somerville Theatre,2026-02-20,"2:45 PM, 7:30 PM",561315,English,United States
Lolita,Stanley Kubrick,1962,Drama,0 days 02:34:00,Harvard Film Archive,2026-02-20,8:00 PM,1488066,English,United Kingdom
The Dead Thing,Elric Kane,2025,Horror,0 days 01:34:00,Somerville Theatre,2026-02-21,7:00 PM,78177067,English,United States
Colette and Justin,Alain Kassanda,2022,Documentary,0 days 01:29:00,Harvard Film Archive,2026-02-21,7:00 PM,,,
From Beyond,Stuart Gordon,1986,Horror,0 days 01:25:00,Somerville Theatre,2026-02-21,9:30 PM,5283093,English,United States
Sleepy Hollow,Tim Burton,1999,Fantasy,0 days 01:45:00,Coolidge Corner Theatre,2026-02-21,11:59 PM,55601,English,Germany
Pressure Point,Hubert Cornfield,1962,Drama,0 days 01:29:00,Somerville Theatre,2026-02-22,4:30 PM,23624370,English,United States
Partner,Bernardo Bertolucci,1968,Drama,0 days 01:45:00,Harvard Film Archive,2026-02-22,3:00 PM,39145444,Italian,Italy
RPM Presents “Between Breaths”: Films by Kalpana Subramanian,Kalpana Subramanian,2026,Documentary,0 days 01:30:00,The Brattle,2026-02-22,4:00 PM,,,
A Raisin in the Sun,Daniel Petrie,1961,Drama,0 days 02:08:00,Coolidge Corner Theatre,2026-02-22,2:00 PM,1676837,English,United States
All God's Children,Ondi Timoner,2024,Documentary,0 days 01:40:00,West Newton Cinema,2026-02-22,1:00 PM,,,
Punching the World,Constanze Klaue,2025,Drama,0 days 01:50:00,Coolidge Corner Theatre,2026-02-22,11:00 AM,79121904,German,Germany
In the Heat of the Night,Norman Jewison,1967,Crime,0 days 01:49:00,Somerville Theatre,2026-02-22,"2:20 PM, 6:30 PM",1715414,English,United States
Waiting for Guffman,Christopher Guest,1996,Comedy,0 days 01:24:00,The Brattle,2026-02-23,6:00 PM,706860,English,United States
Coconut Head Generation,Alain Kassanda,2023,Documentary,0 days 01:27:00,Harvard Film Archive,2026-02-23,7:00 PM,,,
Twin Peaks,David Lynch,1989,Mystery,0 days 01:56:00,The Brattle,2026-02-24,10:45 AM,,,
Twin Peaks,David Lynch,1989,Mystery,0 days 01:56:00,The Brattle,2026-02-24,2:00 PM,,,
Twin Peaks,David Lynch,1989,Mystery,0 days 01:56:00,The Brattle,2026-02-24,3:45 PM,,,
Twin Peaks,David Lynch,1989,Mystery,0 days 01:56:00,The Brattle,2026-02-24,5:30 PM,,,
Twin Peaks,David Lynch,1989,Mystery,0 days 01:56:00,The Brattle,2026-02-24,10:00 PM,,,
10 Things I Hate About You,Gil Junger,1999,Comedy,0 days 01:37:00,Coolidge Corner Theatre,2026-02-25,7:30 PM,398934,English,United States
Little Miss Sunshine,"Valerie Faris, Jonathan Dayton",2006,Comedy,0 days 01:42:00,Somerville Theatre,2026-02-25,7:30 PM,7047921,English,United States
Almost Famous,Cameron Crowe,2000,Drama,0 days 02:04:00,Coolidge Corner Theatre,2026-02-26,7:00 PM,431562,English,United States
Surviving the Game,Ernest R. Dickerson,1994,Action,0 days 01:36:00,Coolidge Corner Theatre,2026-02-26,9:45 PM,3417075,English,United States
A Woman of the World,Malcolm St. Clair,1925,Comedy,0 days 01:10:00,Somerville Theatre,2026-02-26,7:30 PM,25616609,Silent,United States
Annie Hall,Woody Allen,1977,Comedy,0 days 01:33:00,Somerville Theatre,2026-02-27,7:00 PM,66870,English,United States
Il Posto,Ermanno Olmi,1961,Drama,0 days 01:38:00,Harvard Film Archive,2026-02-27,8:45 PM,3645663,Italian (and Lombard),Italy
Modern Romance,Albert Brooks,1981,Comedy,0 days 01:33:00,Somerville Theatre,2026-02-27,9:00 PM,3161156,English,United States
Bram Stoker's Dracula,Francis Ford Coppola,1992,Romance,0 days 02:08:00,Coolidge Corner Theatre,2026-02-27,11:30 PM,337740,English,United States
The Fiancés,Ermanno Olmi,1963,Drama,0 days 01:24:00,Harvard Film Archive,2026-02-27,7:00 PM,,,
The Sheltering Sky,Bernardo Bertolucci,1990,Drama,0 days 02:18:00,Harvard Film Archive,2026-02-28,7:00 PM,19775805,English,United Kingdom
Mary Shelley's Frankenstein,Kenneth Branagh,1994,Drama,0 days 02:03:00,Coolidge Corner Theatre,2026-02-28,11:30 PM,1246394,English,United States
Holiday,George Cukor,1938,Comedy,0 days 01:37:00,The Brattle,2026-03-12,"4:00 PM, 8:30 PM",4070671,English,United States
The Holdovers,Alexander Payne,2023,Comedy,0 days 02:13:00,West Newton Cinema,2026-03-12,6:30 PM,70173604,English,United States
Can She Bake a Cherry Pie?,Henry Jaglom,1983,Comedy,0 days 01:30:00,Somerville Theatre,2026-03-12,7:30 PM,23289657,English,United States
The Philadelphia Story,George Cukor,1940,Comedy,0 days 01:53:00,The Brattle,2026-03-12,6:00 PM,62592,English,United States
Summertime,David Lean,1955,Drama,0 days 01:40:00,The Brattle,2026-03-13,3:30 PM,190393,English,United States
Meet John Doe,Frank Capra,1941,Drama,0 days 02:03:00,Harvard Film Archive,2026-03-13,6:00 PM,2462689,English,United States
Smokey and the Bandit,Hal Needham,1977,Action,0 days 01:36:00,Somerville Theatre,2026-03-13,7:30 PM,844078,English,United States
Night of the Living Dead,George A. Romero,1968,Horror,0 days 01:36:00,The Brattle,2026-03-13,7:30 PM,30275,English,United States
The Car,Elliot Silverstein,1977,Horror,0 days 01:36:00,Somerville Theatre,2026-03-13,9:30 PM,2938431,English,United States
Friday the 13th Double Feature,"Adam Marcus, Ronny Yu",1993,Horror,0 days 03:04:00,Coolidge Corner Theatre,2026-03-13,11:00 PM,,,
His Girl Friday,Howard Hawks,1940,Comedy,0 days 01:32:00,Harvard Film Archive,2026-03-14,7:00 PM,74018,English,United States
Saturday the 14th,Howard R. Cohen,1981,Comedy,0 days 01:16:00,Coolidge Corner Theatre,2026-03-14,11:59 PM,9693961,English,United States
Desk Set,Walter Lang,1957,Comedy,0 days 01:43:00,The Brattle,2026-03-14,"2:00 PM, 6:30 PM",165106,English,United States
Night of the Living Dead,George A. Romero,1968,Horror,0 days 01:36:00,The Brattle,2026-03-14,9:00 PM,30275,English,United States
The Peanuts Movie,Steve Martino,2015,Comedy,0 days 01:28:00,Coolidge Corner Theatre,2026-03-14,10:30 AM,39367067,English,United States
Pat and Mike,George Cukor,1952,Comedy,0 days 01:35:00,The Brattle,2026-03-14,"12:00 PM, 4:45 PM",2731103,English,United States
Eraserhead,David Lynch,1978,Horror,0 days 01:29:00,Coolidge Corner Theatre,2026-03-14,11:59 PM,36814246,English,United States
The Hudsucker Proxy,Joel Coen,1994,Comedy,0 days 01:51:00,Harvard Film Archive,2026-03-14,9:00 PM,170858,English,United Kingdom
On Golden Pond,Mark Rydell,1981,Drama,0 days 01:49:00,The Brattle,2026-03-15,2:45 PM,15119799,English,United Kingdom
Dr. Strangelove or: How I Learned to Stop Worrying and Love the Bomb,Stanley Kubrick,1964,Comedy,0 days 01:35:00,Harvard Film Archive,2026-03-15,3:00 PM,8695,English,United Kingdom
Blackmail,Alfred Hitchcock,1929,Drama,0 days 01:26:00,Somerville Theatre,2026-03-15,5:00 PM,1237381,English,United Kingdom
The Lion in Winter,Anthony Harvey,1968,Drama,0 days 02:14:00,The Brattle,2026-03-15,12:00 PM,7870124,English,United Kingdom
The Peanuts Movie,Steve Martino,2015,Comedy,0 days 01:28:00,Coolidge Corner Theatre,2026-03-15,10:30 AM,39367067,English,United States
Footloose,Herbert Ross,1984,Drama,0 days 01:47:00,The Brattle,2026-03-16,6:00 PM,877743,English,United States
The Thin Blue Line,Errol Morris,1988,Crime,0 days 01:43:00,Coolidge Corner Theatre,2026-03-16,7:00 PM,597576,English,United States
The Lion in Winter,Anthony Harvey,1968,Drama,0 days 02:14:00,The Brattle,2026-03-16,8:30 PM,7870124,English,United Kingdom
The Philadelphia Story,George Cukor,1940,Comedy,0 days 01:53:00,The Brattle,2026-03-17,4:30 PM,62592,English,United States
Bringing Up Baby,Howard Hawks,1938,Comedy,0 days 01:42:00,The Brattle,2026-03-17,7:00 PM,73376,English,United States
Monsoon Wedding,Mira Nair,2001,Comedy,0 days 01:54:00,Coolidge Corner Theatre,2026-03-17,7:00 PM,940565,Hindi,India
Beau Travail,Claire Denis,2000,Drama,0 days 01:32:00,Coolidge Corner Theatre,2026-03-18,7:30 PM,415881,French,France
GoodFellas,Martin Scorsese,1990,Drama,0 days 02:25:00,West Newton Cinema,2026-03-19,7:00 PM,64394,English,United States
His Girl Friday,Howard Hawks,1940,Comedy,0 days 01:32:00,Harvard Film Archive,2026-03-20,9:15 PM,74018,English,United States
Exorcist II: The Heretic,John Boorman,1977,Horror,0 days 01:58:00,Coolidge Corner Theatre,2026-03-20,11:59 PM,571383,English,United States
The Hudsucker Proxy,Joel Coen,1994,Comedy,0 days 01:51:00,Harvard Film Archive,2026-03-20,7:00 PM,170858,English,United Kingdom
Double Indemnity,Billy Wilder,1944,Crime,0 days 01:47:00,Capitol Theatre,2026-03-20,7:30 PM,73438,English,United States
Exorcist II: The Heretic,John Boorman,1977,Horror,0 days 01:58:00,Coolidge Corner Theatre,2026-03-21,11:59 PM,571383,English,United States
The Texas Chainsaw Massacre 2,Tobe Hooper,1986,Horror,0 days 01:40:00,The Brattle,2026-03-21,7:00 PM,397753,English,United States
Meet John Doe,Frank Capra,1941,Drama,0 days 02:03:00,Harvard Film Archive,2026-03-21,7:00 PM,2462689,English,United States
The Devil's Rejects,Rob Zombie,2005,Drama,0 days 01:51:00,The Brattle,2026-03-21,10:30 PM,2063141,English,United States
Finding Nemo,Andrew Stanton,2003,Animation,0 days 01:40:00,Coolidge Corner Theatre,2026-03-21,10:30 AM,239587,English,United States
Finding Nemo,Andrew Stanton,2003,Animation,0 days 01:40:00,Coolidge Corner Theatre,2026-03-22,10:30 AM,239587,English,United States
The Lord of the Rings Trilogy,Peter Jackson,2001,Family,0 days 12:45:00,Coolidge Corner Theatre,2026-03-22,11:00 AM,,,
Mirrors No. 3,Christian Petzold,2025,Drama,0 days 01:26:00,Coolidge Corner Theatre,2026-03-22,11:00 AM,79836490,German,Germany
André Is an Idiot,Tony Benna,2026,Documentary,0 days 01:27:00,Coolidge Corner Theatre,2026-03-22,2:00 PM,81977450,English,United States
One-Eyed Jacks,Marlon Brando,1961,Western,0 days 02:21:00,Harvard Film Archive,2026-03-22,3:00 PM,418252,English,United States
Paddington,Paul King,2014,Comedy,0 days 01:36:00,The Brattle,2026-03-23,"4:00 PM, 6:00 PM",40525118,English,United Kingdom
A Clockwork Orange,Stanley Kubrick,1971,SciFi,0 days 02:17:00,Harvard Film Archive,2026-03-23,7:00 PM,1659954,English,United Kingdom
Paddington 2,Paul King,2017,Adventure,0 days 01:44:00,The Brattle,2026-03-23,8:00 PM,52019421,English,United Kingdom
Paddington,Paul King,2014,Comedy,0 days 01:36:00,The Brattle,2026-03-24,4:00 PM,40525118,English,United Kingdom
Paddington 2,Paul King,2017,Adventure,0 days 01:44:00,The Brattle,2026-03-24,"6:00 PM, 8:15 PM",52019421,English,United Kingdom
Best in Show,Christopher Guest,2000,Comedy,0 days 01:30:00,Coolidge Corner Theatre,2026-03-24,7:00 PM,587507,English,United States
Mudbound,Dee Rees,2017,Drama,0 days 02:15:00,Coolidge Corner Theatre,2026-03-25,7:30 PM,50355187,English,United States
Tank Girl,Rachel Talalay,1995,Action,0 days 01:44:00,Coolidge Corner Theatre,2026-03-26,9:45 PM,9415710,English,United States
Pale Flower,Masahiro Shinoda,1964,Crime,0 days 01:36:00,Harvard Film Archive,2026-03-27,7:00 PM,30871010,Japanese,Japan
Nadja,Michael Almereyda,1995,Horror,0 days 01:33:00,The Brattle,2026-03-27,9:30 PM,2812082,English,United States
Ichi the Killer,Takashi Miike,2001,Action,0 days 02:09:00,Coolidge Corner Theatre,2026-03-27,11:59 PM,311179,Japanese,Japan
Youth in Fury,Masahiro Shinoda,1960,Drama,0 days 01:28:00,Harvard Film Archive,2026-03-27,9:00 PM,,,
Bud Abbott and Lou Costello Meet Frankenstein,Charles Barton,1948,Horror,0 days 01:23:00,The Brattle,2026-03-28,12:00 PM,68082,English,United States
The Boy with Green Hair,Joseph Losey,1948,Drama,0 days 01:22:00,The Brattle,2026-03-28,2:15 PM,7595972,English,United States
Cronos,Guillermo del Toro,1993,Drama,0 days 01:34:00,The Brattle,2026-03-28,"4:45 PM, 9:15 PM",3080704,Spanish,Mexico
Nadja,Michael Almereyda,1995,Horror,0 days 01:33:00,The Brattle,2026-03-28,7:00 PM,2812082,English,United States
Double Suicide,Masahiro Shinoda,1969,Drama,0 days 01:45:00,Harvard Film Archive,2026-03-28,7:00 PM,3644578,Japanese,Japan
Captive's Island,Masahiro Shinoda,1966,Drama,0 days 01:27:00,Harvard Film Archive,2026-03-28,9:00 PM,51934666,Japanese,Japan
Audition,Takashi Miike,1999,Horror,0 days 01:55:00,Coolidge Corner Theatre,2026-03-28,11:59 PM,587265,Japanese,Japan
Cronos,Guillermo del Toro,1993,Drama,0 days 01:34:00,The Brattle,2026-03-29,6:30 PM,3080704,Spanish,Mexico
The Lord of the Rings Trilogy,Peter Jackson,2001,Fantasy,0 days 12:45:00,Coolidge Corner Theatre,2026-03-29,11:00 AM,,,
Youth in Fury,Masahiro Shinoda,1960,Drama,0 days 01:28:00,Harvard Film Archive,2026-03-29,3:00 PM,,,
Nadja,Michael Almereyda,1995,Horror,0 days 01:33:00,The Brattle,2026-03-29,"4:15 PM, 8:45 PM",2812082,English,United States
RPM Presents “The Blue Rose of Forgetfulness”: Films by Lewis Klahr,Lewis Klahr,2019,Documentary,0 days 01:30:00,The Brattle,2026-03-29,2:00 PM,,,
The Spirit of the Beehive,Víctor Erice,1973,Drama,0 days 01:38:00,The Brattle,2026-03-30,6:00 PM,1583660,Spanish,Spain
Barry Lyndon,Stanley Kubrick,1975,Drama,0 days 03:05:00,Harvard Film Archive,2026-03-30,7:00 PM,4227,English,United Kingdom
Nadja,Michael Almereyda,1995,Horror,0 days 01:33:00,The Brattle,2026-03-30,8:45 PM,2812082,English,United States
Nadja,Michael Almereyda,1995,Horror,0 days 01:33:00,The Brattle,2026-03-31,6:00 PM,2812082,English,United States
The Namesake,Mira Nair,2006,Drama,0 days 02:02:00,Coolidge Corner Theatre,2026-03-31,7:00 PM,2973132,English,United States
Cronos,Guillermo del Toro,1993,Drama,0 days 01:34:00,The Brattle,2026-03-31,8:15 PM,3080704,Spanish,Mexico
Singin' in the Rain,"Stanley Donen, Gene Kelly",1952,Comedy,0 days 01:43:00,The Brattle,2026-04-13,6:00 PM,1883157,English,United States
I Have Sinned,Aleksander Marten,1936,Drama,0 days 01:35:00,Coolidge Corner Theatre,2026-04-13,7:00 PM,,,
Full Metal Jacket,Stanley Kubrick,1987,Drama,0 days 01:57:00,Harvard Film Archive,2026-04-13,7:00 PM,11701,English,United Kingdom
History of the World: Part I,Mel Brooks,1981,Comedy,0 days 01:32:00,Coolidge Corner Theatre,2026-04-15,7:00 PM,442668,English,United States
The Shawshank Redemption,Frank Darabont,1994,Drama,0 days 02:22:00,Somerville Theatre,2026-04-15,7:30 PM,30625,English,United States
The Thing from Another World,Christian Nyby,1951,Drama,0 days 01:27:00,Coolidge Corner Theatre,2026-04-17,11:59 PM,76387,English,United States
Born Innocent: The Redd Kross Story,Andrew Reich,2024,Documentary,0 days 01:24:00,The Brattle,2026-04-17,8:30 PM,,,
White Material,Claire Denis,2010,Drama,0 days 01:46:00,French Library,2026-04-17,6:00 PM,26825116,French,France
Bending the Arc,"Kief Davidson, Pedro Kos",2017,Documentary,0 days 01:42:00,West Newton Cinema,2026-04-17,5:00 PM,53781076,English,United States
The Turin Horse,Béla Tarr,2011,Drama,0 days 02:35:00,Harvard Film Archive,2026-04-17,7:00 PM,24143556,Hungarian,Hungary
FernGully: The Last Rainforest,Bill Kroyer,1992,Family,0 days 01:16:00,The Brattle,2026-04-17,3:30 PM,2108776,English,Australia
Annihilation,Alex Garland,2018,SciFi,0 days 01:55:00,Coolidge Corner Theatre,2026-04-18,11:59 PM,46654061,English,United Kingdom
The Quiet Family,Kim Jee-woon,1998,Horror,0 days 01:41:00,Harvard Film Archive,2026-04-18,9:15 PM,3611352,Korean,South Korea
A Hot Roof,Lee Min-yong,1995,Drama,0 days 01:48:00,Harvard Film Archive,2026-04-18,7:00 PM,,,
Up,Pete Docter,2009,Animation,0 days 01:36:00,The Brattle,2026-04-18,12:00 PM,11659396,English,United States
Pavements,Alex Ross Perry,2025,Comedy,0 days 02:08:00,The Brattle,2026-04-18,8:30 PM,72475347,English,United States
Aladdin,"John Musker, Ron Clements",1992,Animation,0 days 01:31:00,Coolidge Corner Theatre,2026-04-18,10:30 AM,73170,English,United States
Aladdin,"John Musker, Ron Clements",1992,Animation,0 days 01:31:00,Coolidge Corner Theatre,2026-04-19,10:30 AM,73170,English,United States
Up,Pete Docter,2009,Animation,0 days 01:36:00,The Brattle,2026-04-19,12:00 PM,11659396,English,United States
RPM Presents “For All Audiences”: Films by Josh Weissbach,Josh Weissbach,2014,Documentary,0 days 01:30:00,The Brattle,2026-04-19,2:00 PM,,,
Werckmeister Harmonies,Béla Tarr,2001,Drama,0 days 02:19:00,Harvard Film Archive,2026-04-19,3:00 PM,3342195,Hungarian,Hungary
Jackie Brown,Quentin Tarantino,1997,Crime,0 days 02:34:00,Coolidge Corner Theatre,2026-04-20,7:00 PM,394792,English,United States
Galaxy Quest,Dean Parisot,1999,Comedy,0 days 01:42:00,The Brattle,2026-04-20,7:00 PM,13149,English,United States
The Dark Crystal,"Jim Henson, Frank Oz",1982,Adventure,0 days 01:33:00,The Brattle,2026-04-20,2:15 PM,348292,English,United States
The Muppet Movie,James Frawley,1979,Comedy,0 days 01:37:00,The Brattle,2026-04-20,12:00 PM,876728,English,United Kingdom
Eyes Wide Shut,Stanley Kubrick,1999,Drama,0 days 02:39:00,Harvard Film Archive,2026-04-20,7:00 PM,9979,English,United Kingdom
Labyrinth,Jim Henson,1986,Adventure,0 days 01:42:00,The Brattle,2026-04-20,4:30 PM,177906,English,United Kingdom
The Muppet Movie,James Frawley,1979,Comedy,0 days 01:37:00,The Brattle,2026-04-21,4:00 PM,876728,English,United Kingdom
The Dark Crystal,"Jim Henson, Frank Oz",1982,Adventure,0 days 01:33:00,The Brattle,2026-04-21,6:15 PM,348292,English,United States
Vertigo,Alfred Hitchcock,1958,Mystery,0 days 02:09:00,Coolidge Corner Theatre,2026-04-21,7:00 PM,76617,English,United States
Labyrinth,Jim Henson,1986,Adventure,0 days 01:42:00,The Brattle,2026-04-21,8:30 PM,177906,English,United Kingdom
High Anxiety,Mel Brooks,1977,Comedy,0 days 01:34:00,Coolidge Corner Theatre,2026-04-22,7:00 PM,442675,English,United States
The Right Stuff,Philip Kaufman,1983,Drama,0 days 03:13:00,The Brattle,2026-04-22,8:00 PM,113442,English,United States
Saving Face,Alice Wu,2004,Comedy,0 days 01:37:00,Bright Family Screening Room,2026-04-23,7:00 PM,2812718,English,United States
Double Feature: Island of Lost Souls / The Leopard Man,"Erle C. Kenton, Jacques Tourneur",1932,Horror,0 days 02:16:00,Coolidge Corner Theatre,2026-04-23,9:30 PM,,,
The Half of It,Alice Wu,2020,Comedy,0 days 01:44:00,Bright Family Screening Room,2026-04-24,6:30 PM,60562903,English,United States
Saving Face,Alice Wu,2004,Comedy,0 days 01:37:00,Bright Family Screening Room,2026-04-24,9:30 PM,2812718,English,United States
Damnation,Béla Tarr,1988,Drama,0 days 01:56:00,Harvard Film Archive,2026-04-24,7:00 PM,6482317,Hungarian,Hungary
Body Snatchers,Abel Ferrara,1993,Horror,0 days 01:27:00,Coolidge Corner Theatre,2026-04-24,11:59 PM,5735467,English,United States
The Breakfast Club,John Hughes,1985,Comedy,0 days 01:38:00,Capitol Theatre,2026-04-24,7:30 PM,29943,English,United States
Assassination,Masahiro Shinoda,1964,Drama,0 days 01:44:00,Harvard Film Archive,2026-04-24,9:15 PM,8088017,,Japan
Everyone Is Lying to You for Money,"Ben McKenzie, Giorgio Angelini",2026,Documentary,0 days 01:30:00,Coolidge Corner Theatre,2026-04-24,7:00 PM,82972039,English,United States
Satantango,Béla Tarr,1994,Drama,0 days 07:12:00,Harvard Film Archive,2026-04-25,2:00 PM,4340438,Hungarian,Hungary
Local Spotlight: Viet Nam: The Aftermath,Bestor Cram and David Thomas,1982,Documentary,0 days 02:00:00,West Newton Cinema,2026-04-25,4:00 PM,,,
Aliens,James Cameron,1986,Action,0 days 02:17:00,Coolidge Corner Theatre,2026-04-25,11:59 PM,213472,English,United States
The Day of the Triffids,Steve Sekely,1963,SciFi,0 days 01:33:00,Coolidge Corner Theatre,2026-04-25,11:59 PM,5832380,English,United Kingdom
Young Frankenstein,Mel Brooks,1974,Comedy,0 days 01:46:00,Coolidge Corner Theatre,2026-04-26,2:00 PM,442647,English,United States
The Natural,Barry Levinson,1984,Drama,0 days 02:17:00,West Newton Cinema,2026-04-26,12:00 PM,11213660,English,United States
The Producers,Mel Brooks,1968,Comedy,0 days 01:29:00,Coolidge Corner Theatre,2026-04-26,4:30 PM,76030,English,United States
A.I. Artificial Intelligence,Steven Spielberg,2001,Drama,0 days 02:26:00,Harvard Film Archive,2026-04-27,7:00 PM,142224,English,United States
Requiem for a Dream,Darren Aronofsky,2000,Crime,0 days 01:42:00,Coolidge Corner Theatre,2026-04-27,7:00 PM,23830211,English,United States
Spaceballs,Mel Brooks,1987,Comedy,0 days 01:36:00,Coolidge Corner Theatre,2026-04-29,7:00 PM,75222,English,United States
The House with Laughing Windows,Pupi Avati,1976,Mystery,0 days 01:50:00,The Brattle,2026-04-29,8:00 PM,7854762,,Italy
A Lizard in a Woman's Skin,Lucio Fulci,1971,Horror,0 days 01:44:00,The Brattle,2026-04-30,9:15 PM,8600276,,Italy
The Wedding Singer,Frank Coraci,1998,Romance,0 days 01:37:00,Coolidge Corner Theatre,2026-04-30,7:30 PM,454655,English,United States
"Steal This Story, Please!","Carl Deal, Tia Lessin",2026,Documentary,0 days 01:38:00,Coolidge Corner Theatre,2026-04-30,7:00 PM,81593884,English,United States
Santa Sangre,Alejandro Jodorowsky,1989,Thriller,0 days 02:02:00,The Brattle,2026-04-30,6:00 PM,1064537,English,Mexico
Hollywood Shuffle,Robert Townsend,1987,Comedy,0 days 01:21:00,Coolidge Corner Theatre,2026-05-13,7:00 PM,2973523,English,United States
Mamma Mia!,Phyllida Lloyd,2008,Comedy,0 days 01:48:00,The Brattle,2026-05-13,8:00 PM,8425661,English,United States
The Double Life of Véronique,Krzysztof Kieślowski,1991,Drama,0 days 01:38:00,French Library,2026-05-14,6:00 PM,733176,French,France
Vertigo,Alfred Hitchcock,1958,Mystery,0 days 02:09:00,West Newton Cinema,2026-05-14,6:30 PM,76617,English,United States
The Passion of Joan of Arc,Carl Theodor Dreyer,1928,Drama,0 days 01:21:00,Coolidge Corner Theatre,2026-05-14,7:00 PM,457561,French (intertitles),France
Barfly,Barbet Schroeder,1987,Comedy,0 days 01:40:00,Somerville Theatre,2026-05-14,7:30 PM,1722535,English,United States
Aliens,James Cameron,1986,Action,0 days 02:17:00,The Brattle,2026-05-14,8:00 PM,213472,English,United States
The Terminator,James Cameron,1984,Action,0 days 01:48:00,The Brattle,2026-05-15,3:30 PM,30327,English,United States
Double Feature: Chime / Serpent’s Path,Kiyoshi Kurosawa,1998,Thriller,0 days 02:10:00,The Brattle,2026-05-15,6:15 PM,,,
Cure,Kiyoshi Kurosawa,1997,Crime,0 days 01:51:00,The Brattle,2026-05-15,9:00 PM,2359777,Japanese,Japan
Slowburn Shoot: An Indie Wrestling Story,Adam J. Wilde,2026,Documentary,0 days 01:22:00,Coolidge Corner Theatre,2026-05-15,11:30 PM,,,
A Simple Plan,Sam Raimi,1998,Crime,0 days 02:01:00,Coolidge Corner Theatre,2026-05-15,11:59 PM,6233638,English,United States
The Gift,Sam Raimi,2000,Horror,0 days 01:52:00,Coolidge Corner Theatre,2026-05-16,11:59 PM,1312584,English,United States
Santo vs. Doctor Death,Rafael Romero Marchent,1973,SciFi,0 days 01:37:00,Coolidge Corner Theatre,2026-05-16,11:59 PM,,,
The Taste of Tea,Katsuhito Ishii,2004,Comedy,0 days 02:23:00,Museum of Fine Arts,2026-05-16,2:00 PM,9065304,Japanese,Japan
Eyes of the Spider,Kiyoshi Kurosawa,1998,Crime,0 days 01:23:00,The Brattle,2026-05-16,9:00 PM,,,
Cure,Kiyoshi Kurosawa,1997,Crime,0 days 01:51:00,The Brattle,2026-05-16,3:15 PM,2359777,Japanese,Japan
The Rocky Horror Picture Show,Jim Sharman,1975,Comedy,0 days 01:40:00,Somerville Theatre,2026-05-16,11:00 PM,25491,English,United Kingdom
Double Feature: Chime + Serpent’s Path,Kiyoshi Kurosawa,1998,TVMovie,0 days 02:10:00,The Brattle,2026-05-16,"12:30 PM, 6:15 PM",,,
Eyes of the Spider,Kiyoshi Kurosawa,1998,Crime,0 days 01:23:00,The Brattle,2026-05-17,12:00 PM,,,
Double Feature: Ed Wood / Plan 9 from Outer Space,"Tim Burton, Ed Wood",1957,SciFi,0 days 03:26:00,Coolidge Corner Theatre,2026-05-17,2:00 PM,,,
Freaky Friday,Gary Nelson,1976,Fantasy,0 days 01:35:00,Somerville Theatre,2026-05-17,2:30 PM,7533357,English,United States
Double Feature: Chime + Serpent’s Path,Kiyoshi Kurosawa,1998,Thriller,0 days 02:10:00,The Brattle,2026-05-17,"4:15 PM, 7:00 PM",,,
The Computer Wore Tennis Shoes,Robert Butler,1969,Comedy,0 days 01:31:00,Somerville Theatre,2026-05-17,4:30 PM,5453739,English,United States
Persona,Ingmar Bergman,1966,Drama,0 days 01:24:00,The Brattle,2026-05-18,6:00 PM,667945,Swedish,Sweden
Taxi Driver,Martin Scorsese,1976,Crime,0 days 01:54:00,Somerville Theatre,2026-05-18,6:30 PM,30000,English,United States
Frankenstein,Guillermo del Toro,2025,Drama,0 days 02:30:00,Coolidge Corner Theatre,2026-05-18,7:00 PM,73297429,English,United States
Mulholland Drive,David Lynch,2001,Thriller,0 days 02:27:00,The Brattle,2026-05-18,8:00 PM,20786,English,United States
Escape from New York,John Carpenter,1981,SciFi,0 days 01:39:00,Somerville Theatre,2026-05-18,8:45 PM,9835,English,United States
Desperately Seeking Susan,Susan Seidelman,1985,Drama,0 days 01:44:00,The Brattle,2026-05-19,8:00 PM,2019025,English,United States
Annihilation,Alex Garland,2018,SciFi,0 days 01:55:00,The Brattle,2026-05-20,"3:30 PM, 9:15 PM",46654061,English,United Kingdom
Solaris,Andrei Tarkovsky,1972,Drama,0 days 02:47:00,The Brattle,2026-05-20,6:00 PM,20181213,Russian,Soviet Union
The Blair Witch Project,"Daniel Myrick, Eduardo Sánchez",1999,Horror,0 days 01:21:00,Coolidge Corner Theatre,2026-05-20,7:00 PM,18841979,English,United States
Black Swan,Darren Aronofsky,2010,Drama,0 days 01:48:00,The Brattle,2026-05-21,"3:45 PM, 8:15 PM",24480838,English,United States
The Double Life of Véronique,Krzysztof Kieślowski,1991,Drama,0 days 01:38:00,The Brattle,2026-05-21,6:00 PM,733176,French,France
The Princess Diaries,Garry Marshall,2001,Comedy,0 days 01:55:00,Coolidge Corner Theatre,2026-05-21,7:00 PM,564986,English,United States
Trees Lounge,Steve Buscemi,1996,Drama,0 days 01:35:00,Somerville Theatre,2026-05-21,7:30 PM,2547388,English,
Cecil B. Demented,John Waters,2000,Crime,0 days 01:28:00,Coolidge Corner Theatre,2026-05-21,9:30 PM,1039414,English,United States
News from Home,Chantal Akerman,1977,Documentary,0 days 01:29:00,The Brattle,2026-05-22,6:00 PM,29932707,French,France
Angel's Egg,Mamoru Oshii,1985,Animation,0 days 01:11:00,Museum of Fine Arts,2026-05-22,7:00 PM,1023955,,
Taxi Driver,Martin Scorsese,1976,Crime,0 days 01:54:00,The Brattle,2026-05-22,8:00 PM,30000,English,United States
Double Feature: Evil Dead (2013) / Evil Dead Rise,"Fede Álvarez, Lee Cronin",2013,Horror,0 days 03:07:00,Coolidge Corner Theatre,2026-05-22,11:00 PM,,,
Ready to Rumble,Brian Robbins,2000,Action,0 days 01:47:00,Coolidge Corner Theatre,2026-05-22,11:59 PM,2216322,English,United States
An American in Paris,Vincente Minnelli,1951,Music,0 days 01:53:00,The Brattle,2026-05-23,1:00 PM,1587300,English,United States
Ghost World,Terry Zwigoff,2001,Comedy,0 days 01:51:00,The Brattle,2026-05-23,7:00 PM,20179720,English,United States
Massacre at Central High,René Daalder,1976,Horror,0 days 01:27:00,The Brattle,2026-05-23,9:30 PM,4220213,English,United States
Doctor Strange in the Multiverse of Madness,Sam Raimi,2022,Fantasy,0 days 02:06:00,Coolidge Corner Theatre,2026-05-23,11:30 PM,59353603,English,United States
Body Slam,Hal Needham,1986,Comedy,0 days 01:29:00,Coolidge Corner Theatre,2026-05-23,11:59 PM,24160921,English,United States
Kings of the Road,Wim Wenders,1976,Drama,0 days 02:56:00,The Brattle,2026-05-23,3:30 PM,8862350,German,West Germany
Alice in Wonderland,"Clyde Geronimi, Wilfred Jackson, Hamilton Luske",1951,Animation,0 days 01:15:00,The Brattle,2026-05-24,"12:00 PM, 1:45 PM",769066,English,United States
Zindagi Na Milegi Dobara,Zoya Akhtar,2011,Drama,0 days 02:34:00,Coolidge Corner Theatre,2026-05-24,1:00 PM,29525315,Hindi,India
The Fox and the Hound,"Richard Rich, Art Stevens, Ted Berman",1981,Adventure,0 days 01:22:00,Somerville Theatre,2026-05-24,2:00 PM,1371138,English,United States
"Double Feature: Adaptation / Synecdoche, New York","Spike Jonze, Charlie Kaufman",2002,Drama,0 days 03:59:00,Coolidge Corner Theatre,2026-05-24,2:00 PM,,,
Taxi Driver,Martin Scorsese,1976,Crime,0 days 01:54:00,The Brattle,2026-05-24,3:30 PM,30000,English,United States
Bugsy Malone,Alan Parker,1976,Drama,0 days 01:33:00,Somerville Theatre,2026-05-24,4:45 PM,307158,English,United States
Miss Julie,Alf Sjöberg,1951,Drama,0 days 01:30:00,The Brattle,2026-05-24,6:00 PM,8744262,Swedish,Sweden
The Piano Teacher,Michael Haneke,2001,Drama,0 days 02:11:00,The Brattle,2026-05-24,8:00 PM,846828,French,France
Carny,Robert Kaylor,1980,Drama,0 days 01:47:00,Somerville Theatre,2026-05-25,8:45 PM,15452919,English,United States
Jurassic Park,Steven Spielberg,1993,Adventure,0 days 02:07:00,Coolidge Corner Theatre,2026-05-25,7:00 PM,68485,English,United States
The Bad News Bears,Michael Ritchie,1976,Family,0 days 01:42:00,The Brattle,2026-05-25,"1:00 PM, 5:45 PM",464128,English,United States
The Royal Tenenbaums,Wes Anderson,2001,Comedy,0 days 01:50:00,The Brattle,2026-05-25,"3:15 PM, 8:00 PM",223268,English,United States
Used Cars,Robert Zemeckis,1980,Comedy,0 days 01:53:00,Somerville Theatre,2026-05-25,6:30 PM,1640125,English,United States
The General,"Clyde Bruckman, Buster Keaton",1926,Action,0 days 01:19:00,Coolidge Corner Theatre,2026-05-26,7:00 PM,68388,Silent,United States
Massacre at Central High,René Daalder,1976,Horror,0 days 01:27:00,The Brattle,2026-05-26,9:00 PM,4220213,English,United States
Baby Boy,John Singleton,2001,Crime,0 days 02:10:00,The Brattle,2026-05-27,"3:30 PM, 8:00 PM",156558,English,United States
Native Son,Pierre Chenal,1951,Drama,0 days 01:44:00,The Brattle,2026-05-27,6:00 PM,9879767,English,Argentina
Irma Vep,Olivier Assayas,1996,Comedy,0 days 01:39:00,Coolidge Corner Theatre,2026-05-27,7:00 PM,326124,English,France
The Stunt Man,Richard Rush,1980,Action,0 days 02:11:00,Coolidge Corner Theatre,2026-05-28,9:30 PM,164395,English,United States
The Lavender Hill Mob,Charles Crichton,1951,Comedy,0 days 01:18:00,The Brattle,2026-05-28,"4:00 PM, 6:00 PM",156632,English,United Kingdom
Move Ya Body: The Birth of House,Elegance Bratton,2025,Documentary,0 days 01:32:00,Coolidge Corner Theatre,2026-05-28,7:00 PM,78877930,English,United States
Road House,Rowdy Herrington,1989,Action,0 days 01:54:00,Somerville Theatre,2026-05-28,7:30 PM,901489,English,United States
The Room,Tommy Wiseau,2003,Drama,0 days 01:39:00,Coolidge Corner Theatre,2026-05-29,11:59 PM,5443971,English,United States
Drag Me to Hell,Sam Raimi,2009,Horror,0 days 01:39:00,Coolidge Corner Theatre,2026-05-29,11:59 PM,20469278,English,United States
Princess Mononoke,Hayao Miyazaki,1997,Adventure,0 days 02:14:00,Museum of Fine Arts,2026-05-29,7:00 PM,24653,Japanese,Japan
Babystar,Joscha Bongard,2026,Drama,0 days 01:38:00,Coolidge Corner Theatre,2026-05-31,11:00 AM,,,
Double Feature: Nouvelle Vague / Contempt,"Richard Linklater, Jean-Luc Godard",1963,Drama,0 days 03:28:00,Coolidge Corner Theatre,2026-05-31,2:00 PM,,,
Before Sunrise,Richard Linklater,1995,Drama,0 days 01:41:00,The Brattle,2026-06-16,3:30 PM,805053,English,United States
Stop Making Sense,Jonathan Demme,1984,Documentary,0 days 01:28:00,The Brattle,2026-06-16,"6:00 PM, 8:00 PM",1471831,English,United States
Before Sunrise,Richard Linklater,1995,Drama,0 days 01:41:00,The Brattle,2026-06-17,6:00 PM,805053,English,United States
But I'm a Cheerleader,Jamie Babbit,2000,Comedy,0 days 01:25:00,The Speedway,2026-06-17,8:00 PM,770156,English,United States
Before Sunset,Richard Linklater,2004,Drama,0 days 01:20:00,The Brattle,2026-06-17,8:15 PM,805120,English,France
Before Sunrise,Richard Linklater,1995,Drama,0 days 01:41:00,The Brattle,2026-06-18,4:00 PM,805053,English,United States
Before Sunset,Richard Linklater,2004,Drama,0 days 01:20:00,The Brattle,2026-06-18,6:15 PM,805120,English,France
Space Jam,Joe Pytka,1996,Family,0 days 01:27:00,Coolidge Corner Theatre,2026-06-18,7:00 PM,265033,English,United States
From Dusk Till Dawn,Robert Rodriguez,1996,Horror,0 days 01:48:00,Somerville Theatre,2026-06-18,7:30 PM,447299,English,United States
Before Midnight,Richard Linklater,2013,Romance,0 days 01:49:00,The Brattle,2026-06-18,8:15 PM,36929245,English,United States
Bitter Rice,Giuseppe De Santis,1949,Drama,0 days 01:49:00,The Brattle,2026-06-19,7:30 PM,2461103,Italian,Italy
Terrifier 2,Damien Leone,2022,Horror,0 days 02:18:00,Coolidge Corner Theatre,2026-06-19,11:59 PM,61809773,English,United States
The Room,Tommy Wiseau,2003,Drama,0 days 01:39:00,Coolidge Corner Theatre,2026-06-19,11:59 PM,5443971,English,United States
Malcolm X,Spike Lee,1992,Drama,0 days 03:22:00,The Brattle,2026-06-19,3:30 PM,300972,English,United States
Major League,David S. Ward,1989,Comedy,0 days 01:47:00,Capitol Theatre,2026-06-19,7:30 PM,685987,English,United States
Malcolm X,Spike Lee,1992,Drama,0 days 03:22:00,The Brattle,2026-06-20,12:00 PM,300972,English,United States
Bitter Rice,Giuseppe De Santis,1949,Drama,0 days 01:49:00,The Brattle,2026-06-20,"4:00 PM, 6:30 PM",2461103,Italian,Italy
The Shining,Stanley Kubrick,1980,Horror,0 days 02:24:00,The Brattle,2026-06-20,9:00 PM,1186616,English,United Kingdom
Bottle Rocket,Wes Anderson,1996,Comedy,0 days 01:31:00,Somerville Theatre,2026-06-20,11:59 PM,524139,English,United States
Killer Klowns from Outer Space,Stephen Chiodo,1988,Comedy,0 days 01:26:00,Coolidge Corner Theatre,2026-06-20,11:59 PM,1249019,English,United States
Mare’s Nest,Ben Rivers,2026,SciFi,0 days 01:38:00,The Brattle,2026-06-21,6:00 PM,,,
The Shining,Stanley Kubrick,1980,Horror,0 days 02:24:00,The Brattle,2026-06-21,"12:00 PM, 6:00 PM, 9:00 PM",1186616,English,United Kingdom
"The Adventures of Priscilla, Queen of the Desert",Stephan Elliott,1994,Drama,0 days 01:43:00,West Newton Cinema,2026-06-21,1:00 PM,482882,English,Australia
Bitter Rice,Giuseppe De Santis,1949,Drama,0 days 01:49:00,The Brattle,2026-06-21,3:30 PM,2461103,Italian,Italy
The Shining,Stanley Kubrick,1980,Horror,0 days 02:24:00,The Brattle,2026-06-22,6:30 PM,1186616,English,United Kingdom
Flightplan,Robert Schwentke,2005,Thriller,0 days 01:38:00,Somerville Theatre,2026-06-22,8:45 PM,2008863,English,United States
Bitter Rice,Giuseppe De Santis,1949,Drama,0 days 01:49:00,The Brattle,2026-06-22,4:00 PM,2461103,Italian,Italy
Breakdown,Jonathan Mostow,1997,Crime,0 days 01:33:00,Somerville Theatre,2026-06-22,6:45 PM,1730420,English,United States
Bound,"Lana Wachowski, Lilly Wachowski",1996,Drama,0 days 01:45:00,The Brattle,2026-06-23,8:15 PM,249838,English,United States
Desert Hearts,Donna Deitch,1985,Drama,0 days 01:31:00,The Brattle,2026-06-23,6:00 PM,7313414,English,United States
Raiders of the Lost Ark,Steven Spielberg,1981,Adventure,0 days 01:55:00,Coolidge Corner Theatre,2026-06-23,7:00 PM,54166,English,United States
Rose of Nevada,Mark Jenkin,2026,SciFi,0 days 01:54:00,Coolidge Corner Theatre,2026-06-23,7:15 PM,79157961,English,United Kingdom
Macho Dancer,Lino Brocka,1989,Drama,0 days 02:16:00,The Brattle,2026-06-24,8:30 PM,6772810,Filipino,Philippines
Beautiful Thing,Hettie Macdonald,1996,Comedy,0 days 01:32:00,The Brattle,2026-06-24,"4:30 PM, 6:30 PM",34043061,English,United Kingdom
The Prestige,Christopher Nolan,2006,Drama,0 days 02:10:00,Coolidge Corner Theatre,2026-06-24,7:00 PM,2809621,English,United Kingdom
Hedwig and the Angry Inch,John Cameron Mitchell,2001,Comedy,0 days 01:35:00,The Brattle,2026-06-25,"6:00 PM, 8:30 PM",15782460,English,United States
Shaun of the Dead,Edgar Wright,2004,Horror,0 days 01:39:00,Somerville Theatre,2026-06-25,7:30 PM,598397,English,United Kingdom
Xanadu,Robert Greenwald,1980,Fantasy,0 days 01:36:00,Coolidge Corner Theatre,2026-06-25,9:30 PM,317873,English,United States
Bull Durham,Ron Shelton,1988,Comedy,0 days 01:48:00,Capitol Theatre,2026-06-26,7:30 PM,670386,English,United States
The Elephant Man,David Lynch,1980,Drama,0 days 02:04:00,The Brattle,2026-06-26,8:30 PM,106344,English,United Kingdom
House of 1000 Corpses,Rob Zombie,2003,Horror,0 days 01:29:00,Coolidge Corner Theatre,2026-06-26,11:59 PM,307789,English,United States
The Fly,David Cronenberg,1986,Horror,0 days 01:36:00,The Brattle,2026-06-27,9:00 PM,456601,English,United States
Django,Sergio Corbucci,1966,Action,0 days 01:33:00,Somerville Theatre,2026-06-27,11:59 PM,3586028,,Italy
Young Frankenstein,Mel Brooks,1974,Comedy,0 days 01:46:00,The Brattle,2026-06-27,12:00 PM,442647,English,United States
History of the World: Part I,Mel Brooks,1981,Comedy,0 days 01:32:00,The Brattle,2026-06-27,2:15 PM,442668,English,United States
It Chapter Two,Andy Muschietti,2019,Horror,0 days 02:49:00,Coolidge Corner Theatre,2026-06-27,11:30 PM,50733124,English,United States
Red Stars Upon the Field,Laura Laabs,2025,Crime,0 days 02:13:00,Coolidge Corner Theatre,2026-06-28,11:00 AM,,,
The Producers,Mel Brooks,1968,Comedy,0 days 01:29:00,The Brattle,2026-06-28,12:00 PM,76030,English,United States
Young Frankenstein,Mel Brooks,1974,Comedy,0 days 01:46:00,The Brattle,2026-06-28,2:00 PM,442647,English,United States
The Fly,David Cronenberg,1986,Horror,0 days 01:36:00,The Brattle,2026-06-28,9:00 PM,456601,English,United States
Contact,Robert Zemeckis,1997,Drama,0 days 02:30:00,Somerville Theatre,2026-06-29,6:30 PM,422269,English,United States
The Wiz,Sidney Lumet,1978,Music,0 days 02:14:00,Coolidge Corner Theatre,2026-06-29,7:00 PM,8711666,English,United States
Spaceballs,Mel Brooks,1987,Comedy,0 days 01:36:00,The Brattle,2026-06-29,8:15 PM,75222,English,United States
Stargate,Roland Emmerich,1994,Action,0 days 02:01:00,Somerville Theatre,2026-06-29,9:20 PM,28327,English,United States
Catch Me If You Can,Steven Spielberg,2002,Drama,0 days 02:21:00,Coolidge Corner Theatre,2026-06-30,7:00 PM,215873,English,United States
The Dark Knight,Christopher Nolan,2008,Drama,0 days 02:32:00,Coolidge Corner Theatre,2026-07-01,7:00 PM,4276475,English,United States
National Treasure,Jon Turteltaub,2004,Adventure,0 days 02:11:00,The Brattle,2026-07-01,7:30 PM,699208,English,United States
Coming to America,John Landis,1988,Comedy,0 days 01:57:00,Coolidge Corner Theatre,2026-07-02,7:00 PM,54540,English,United States
Jaws,Steven Spielberg,1975,Horror,0 days 02:04:00,The Brattle,2026-07-03,"3:00 PM, 6:00 PM",74830,English,United States
The Bad News Bears,Michael Ritchie,1976,Family,0 days 01:42:00,Capitol Theatre,2026-07-03,7:30 PM,464128,English,United States
National Treasure,Jon Turteltaub,2004,Adventure,0 days 02:11:00,The Brattle,2026-07-04,12:00 PM,699208,English,United States
Jaws,Steven Spielberg,1975,Horror,0 days 02:04:00,The Brattle,2026-07-04,"3:00 PM, 6:00 PM",74830,English,United States
Jaws,Steven Spielberg,1975,Horror,0 days 02:04:00,The Brattle,2026-07-05,"12:00 PM, 3:00 PM, 6:00 PM",74830,English,United States
Jaws,Steven Spielberg,1975,Horror,0 days 02:04:00,The Brattle,2026-07-06,3:00 PM,74830,English,United States
Overboard,Garry Marshall,1987,Comedy,0 days 01:52:00,Somerville Theatre,2026-07-06,6:30 PM,2209172,English,United States
American Psycho,Mary Harron,2000,Thriller,0 days 01:42:00,Coolidge Corner Theatre,2026-07-06,7:00 PM,4846576,English,United States
Sommersby,Jon Amiel,1993,Drama,0 days 01:49:00,Somerville Theatre,2026-07-06,8:45 PM,977671,English,United States
Saving Private Ryan,Steven Spielberg,1998,War,0 days 02:49:00,Coolidge Corner Theatre,2026-07-07,7:00 PM,28269,English,United States
Dunkirk,Christopher Nolan,2017,War,0 days 01:47:00,Coolidge Corner Theatre,2026-07-08,7:00 PM,48936686,English,United Kingdom
Sister Act,Emile Ardolino,1992,Music,0 days 01:40:00,The Brattle,2026-07-08,6:00 PM,920468,English,United States
Miss Congeniality,Donald Petrie,2000,Comedy,0 days 01:50:00,The Brattle,2026-07-08,"3:45 PM, 8:15 PM",19715,English,United States
The Friends of Eddie Coyle,Peter Yates,1973,Crime,0 days 01:42:00,West Newton Cinema,2026-07-09,6:30 PM,3213322,English,United States
Superbad,Greg Mottola,2007,Comedy,0 days 01:53:00,Coolidge Corner Theatre,2026-07-09,9:45 PM,6254878,English,United States
"Summer of Soul (...Or, When the Revolution Could Not Be Televised)",Questlove,2021,Music,0 days 01:57:00,Coolidge Corner Theatre,2026-07-09,7:00 PM,66623644,English,United States
The Searchers,John Ford,1956,Western,0 days 01:59:00,West Newton Cinema,2026-07-09,6:30 PM,76335,English,United States
Alien³,David Fincher,1992,SciFi,0 days 01:54:00,Somerville Theatre,2026-07-10,10:00 PM,213251,English,United States
Alfie,Lewis Gilbert,1966,Comedy,0 days 01:54:00,The Brattle,2026-07-10,3:30 PM,98503,English,United Kingdom
Drunken Tai Chi,Yuen Woo-ping,1984,Action,0 days 01:31:00,The Brattle,2026-07-10,6:00 PM,11038654,Cantonese,Hong Kong
John Wick: Chapter 4,Chad Stahelski,2023,Action,0 days 02:50:00,The Brattle,2026-07-10,8:30 PM,61747554,English,United States
Take Me Out to the Ball Game,Busby Berkeley,1949,Comedy,0 days 01:33:00,Capitol Theatre,2026-07-10,7:30 PM,17519548,English,United States
Fire in the Sky,Rob Lieberman,1993,SciFi,0 days 01:49:00,Coolidge Corner Theatre,2026-07-10,11:59 PM,722551,English,United States
Frankenhooker,Frank Henenlotter,1990,Comedy,0 days 01:25:00,Somerville Theatre,2026-07-11,9:30 PM,2259073,English,United States
SPL: Kill Zone,Wilson Yip,2005,Action,0 days 01:33:00,The Brattle,2026-07-11,6:00 PM,,,
The Hateful Eight,Quentin Tarantino,2015,Drama,0 days 03:08:00,Somerville Theatre,2026-07-11,2:00 PM,43308964,English,United States
Carnage,Roman Polanski,2011,Comedy,0 days 01:20:00,Somerville Theatre,2026-07-11,6:15 PM,30885871,English,France
Terminator 2: Judgment Day,James Cameron,1991,Action,0 days 02:17:00,Somerville Theatre,2026-07-11,11:59 PM,34344124,English,United States
Invasion of the Saucer Men,Edward L. Cahn,1957,SciFi,0 days 01:09:00,Coolidge Corner Theatre,2026-07-11,11:59 PM,8731626,English,United States
John Wick: Chapter 4,Chad Stahelski,2023,Action,0 days 02:50:00,The Brattle,2026-07-11,8:30 PM,61747554,English,United States
Cool Hand Luke,Stuart Rosenberg,1967,Drama,0 days 02:07:00,The Brattle,2026-07-12,"3:15 PM, 8:00 PM",161897,English,United States
The Seven Year Itch,Billy Wilder,1955,Comedy,0 days 01:45:00,Coolidge Corner Theatre,2026-07-12,2:00 PM,763753,English,United States
Fly Me to the Moon,Sasha Chuk Tsz-yin,2024,Drama,0 days 01:53:00,The Brattle,2026-07-12,12:00 PM,70438308,English,United States
Grease,Randal Kleiser,1978,Romance,0 days 01:50:00,West Newton Cinema,2026-07-12,4:00 PM,336846,English,United States
Ride in the Whirlwind,Monte Hellman,1966,Western,0 days 01:22:00,The Brattle,2026-07-12,6:00 PM,2289802,English,United States
Repo Man,Alex Cox,1984,Comedy,0 days 01:32:00,The Brattle,2026-07-13,9:00 PM,26541,English,United States
The Man Who Shot Liberty Valance,John Ford,1962,Western,0 days 02:03:00,Coolidge Corner Theatre,2026-07-13,7:15 PM,434089,English,United States
Ask E. Jean,Ivy Meeropol,2026,Documentary,0 days 01:31:00,Coolidge Corner Theatre,2026-07-13,7:00 PM,80914286,English,United States
Minority Report,Steven Spielberg,2002,SciFi,0 days 02:25:00,Coolidge Corner Theatre,2026-07-14,7:00 PM,142049,English,United States
Cisco Pike,Bill L. Norton,1972,Crime,0 days 01:35:00,The Brattle,2026-07-14,"4:00 PM, 7:45 PM",15203301,English,United States
Repo Man,Alex Cox,1984,Comedy,0 days 01:32:00,The Brattle,2026-07-14,10:00 PM,26541,English,United States
Repo Man,Alex Cox,1984,Comedy,0 days 01:32:00,The Brattle,2026-07-15,7:00 PM,26541,English,United States
Speed,Jan de Bont,1994,Action,0 days 01:56:00,The Speedway,2026-07-15,8:00 PM,99123,English,United States
Tenet,Christopher Nolan,2020,Action,0 days 02:30:00,Coolidge Corner Theatre,2026-07-15,7:00 PM,59770239,English,United Kingdom
UFOria,John Binder,1984,Comedy,0 days 01:35:00,The Brattle,2026-07-15,"4:45 PM, 9:00 PM",2918501,English,
Lucky,John Carroll Lynch,2017,Drama,0 days 01:28:00,The Brattle,2026-07-16,"4:00 PM, 6:00 PM",51992470,English,United States
Christine,John Carpenter,1983,Horror,0 days 01:50:00,The Brattle,2026-07-17,9:00 PM,2071077,English,United States
Fear Strikes Out,Robert Mulligan,1957,Drama,0 days 01:40:00,Capitol Theatre,2026-07-17,7:30 PM,6048532,English,United States
Death Watch,Bertrand Tavernier,1980,Drama,0 days 02:11:00,The Brattle,2026-07-17,6:30 PM,2414949,English,France
Mars Attacks!,Tim Burton,1996,Comedy,0 days 01:46:00,Coolidge Corner Theatre,2026-07-17,11:59 PM,3565461,English,United States
The Last Temptation of Christ,Martin Scorsese,1988,Drama,0 days 02:44:00,The Brattle,2026-07-18,1:00 PM,7832768,English,Canada
Escape from New York,John Carpenter,1981,SciFi,0 days 01:39:00,The Brattle,2026-07-18,"4:45 PM, 9:30 PM",9835,English,United States
Alien,Ridley Scott,1979,Horror,0 days 01:57:00,The Brattle,2026-07-18,7:00 PM,23487440,English,United Kingdom
The Rocky Horror Picture Show,Jim Sharman,1975,Comedy,0 days 01:40:00,Capitol Theatre,2026-07-18,8:00 PM,25491,English,United Kingdom
Double Feature: Sleepaway Camp / Teenage Sex and Death at Camp Miasma,"Robert Hiltzik, Jane Schoenbrun",2026,Horror,0 days 03:16:00,Rocky Woods,2026-07-18,8:00 PM,,,
The Faculty,Robert Rodriguez,1998,Horror,0 days 01:44:00,Coolidge Corner Theatre,2026-07-18,11:59 PM,308430,English,United States
The Dark Crystal,"Jim Henson, Frank Oz",1982,Adventure,0 days 01:33:00,Somerville Theatre,2026-07-18,11:59 PM,348292,English,United States
"Paris, Texas",Wim Wenders,1984,Drama,0 days 02:25:00,The Brattle,2026-07-19,"12:45 PM, 6:00 PM",237134,English,West Germany
Some Like It Hot,Billy Wilder,1959,Comedy,0 days 02:02:00,Coolidge Corner Theatre,2026-07-19,2:00 PM,76366,English,United States
Pretty in Pink,Howard Deutch,1986,Romance,0 days 01:37:00,The Brattle,2026-07-19,"3:45 PM, 9:00 PM",454223,English,United States
State of Firsts,Chase Joynt,2026,Documentary,0 days 01:33:00,Coolidge Corner Theatre,2026-07-20,7:00 PM,80743768,English,United States
Alien,Ridley Scott,1979,Horror,0 days 01:57:00,The Brattle,2026-07-20,"4:00 PM, 8:45 PM",23487440,English,United Kingdom
Escape from New York,John Carpenter,1981,SciFi,0 days 01:39:00,The Brattle,2026-07-20,6:30 PM,9835,English,United States
Niagara,Henry Hathaway,1953,Thriller,0 days 01:32:00,Coolidge Corner Theatre,2026-07-21,7:00 PM,1633705,English,United States and Canada
The Asphalt Jungle,John Huston,1950,Crime,0 days 01:52:00,Coolidge Corner Theatre,2026-07-22,7:00 PM,894179,English,United States
The Room,Tommy Wiseau,2003,Drama,0 days 01:39:00,Coolidge Corner Theatre,2026-07-24,11:59 PM,5443971,English,United States
Space Jam,Joe Pytka,1996,Family,0 days 01:27:00,Kendall/MIT Open Space,2026-07-24,6:30 PM,265033,English,United States
A League of Their Own,Penny Marshall,1992,Comedy,0 days 02:08:00,Capitol Theatre,2026-07-24,7:30 PM,543433,,United States
Communion,Philippe Mora,1989,Drama,0 days 01:43:00,Coolidge Corner Theatre,2026-07-24,11:59 PM,9358857,English,United States
Invasion of the Body Snatchers,Philip Kaufman,1978,SciFi,0 days 01:56:00,Coolidge Corner Theatre,2026-07-25,11:59 PM,5735396,English,United States
Howard the Duck,Willard Huyck,1986,Fantasy,0 days 01:50:00,Somerville Theatre,2026-07-25,11:59 PM,6551171,English,United States
Gentlemen Prefer Blondes,Howard Hawks,1953,Comedy,0 days 01:31:00,Coolidge Corner Theatre,2026-07-26,2:00 PM,418598,English,United States
Chang: A Drama of the Wilderness,"Merian C. Cooper, Ernest B. Schoedsack",1927,Documentary,0 days 01:09:00,Somerville Theatre,2026-07-26,2:00 PM,42861,Silent,United States
The Prince and the Showgirl,Laurence Olivier,1957,Comedy,0 days 01:55:00,Coolidge Corner Theatre,2026-07-28,7:00 PM,1997332,English,United Kingdom
The Misfits,John Huston,1961,Western,0 days 02:04:00,Coolidge Corner Theatre,2026-07-29,7:00 PM,1134155,English,United States
Sherman's March,Ross McElwee,1985,Documentary,0 days 02:38:00,Coolidge Corner Theatre,2026-07-30,6:30 PM,76348,English,
The Mask,Chuck Russell,1994,Comedy,0 days 01:41:00,Coolidge Corner Theatre,2026-07-30,7:00 PM,1485962,English,United States
Clash of the Titans,Desmond Davis,1981,Adventure,0 days 01:58:00,Coolidge Corner Theatre,2026-07-30,9:30 PM,948548,English,United States
It Happened One Night,Frank Capra,1934,Comedy,0 days 01:45:00,Kendall/MIT Open Space,2026-07-31,6:30 PM,44696,English,United States
Mikey and Nicky,Elaine May,1976,Crime,0 days 01:46:00,The Brattle,2026-07-31,6:30 PM,3446656,English,United States
Mikey and Nicky,Elaine May,1976,Crime,0 days 01:46:00,The Brattle,2026-07-31,6:00 PM,3446656,English,United States
West Side Story,"Jerome Robbins, Robert Wise",1961,Crime,0 days 02:33:00,The Brattle,2026-07-31,3:00 PM,4608223,English,United States
Dark Angel,Craig R. Baxley,1990,Action,0 days 01:31:00,Coolidge Corner Theatre,2026-07-31,11:59 PM,9963622,English,United States
Straight to Hell,Alex Cox,1987,Action,0 days 01:26:00,The Brattle,2026-08-01,12:00 PM,590598,English,United Kingdom
Mikey and Nicky,Elaine May,1976,Crime,0 days 01:46:00,The Brattle,2026-08-01,"4:00 PM, 6:30 PM",3446656,English,United States
In a Violent Nature,Chris Nash,2024,Horror,0 days 01:34:00,Coolidge Corner Theatre,2026-08-01,11:59 PM,75907604,English,Canada
The Doors,Oliver Stone,1991,Music,0 days 02:20:00,Somerville Theatre,2026-08-01,11:59 PM,604150,English,United States
Fiddlehead presents Baby I’ll Change with Good Will Hunting,Gus van Sandt,1997,Drama,0 days 03:00:00,The Brattle,2026-08-02,1:00 PM,,,
Mikey and Nicky,Elaine May,1976,Crime,0 days 01:46:00,The Brattle,2026-08-02,6:00 PM,3446656,English,United States
Mikey and Nicky,Elaine May,1976,Crime,0 days 01:46:00,The Brattle,2026-08-03,3:30 PM,3446656,English,United States
The Day the Earth Stood Still,Robert Wise,1951,SciFi,0 days 01:32:00,The Brattle,2026-08-03,6:00 PM,73422,English,United States
A Streetcar Named Desire,Elia Kazan,1951,Drama,0 days 02:05:00,Coolidge Corner Theatre,2026-08-03,7:00 PM,3367826,English,United States
The Thing from Another World,Christian Nyby,1951,Drama,0 days 01:27:00,The Brattle,2026-08-03,8:00 PM,76387,English,United States
The Day the Earth Stood Still,Robert Wise,1951,SciFi,0 days 01:32:00,The Brattle,2026-08-04,"4:00 PM, 8:00 PM",73422,English,United States
Bottle Rocket,Wes Anderson,1996,Comedy,0 days 01:31:00,Coolidge Corner Theatre,2026-08-04,7:00 PM,524139,English,United States
The Thing from Another World,Christian Nyby,1951,Drama,0 days 01:27:00,The Brattle,2026-08-04,6:00 PM,76387,English,United States
Anchorman: The Legend of Ron Burgundy,Adam McKay,2004,Comedy,0 days 01:35:00,The Brattle,2026-08-05,"3:30 PM, 9:15 PM",709490,English,United States
The Goldfish,Alireza Golafshan,2019,Comedy,0 days 01:51:00,Goethe-Institut,2026-08-05,8:00 PM,78097481,German,Germany
Network,Sidney Lumet,1976,Drama,0 days 02:02:00,The Brattle,2026-08-05,6:00 PM,101935,English,United States
Le Cercle Rouge,Jean-Pierre Melville,1970,Crime,0 days 02:20:00,Coolidge Corner Theatre,2026-08-05,7:00 PM,2498993,French,France
Double Feature: The Bakery Girl of Monceau / Suzanne’s Career,Éric Rohmer,1963,Drama,0 days 02:13:00,The Brattle,2026-08-06,"4:15 PM, 8:00 PM",,,
La Collectionneuse,Éric Rohmer,1967,Drama,0 days 01:26:00,The Brattle,2026-08-06,6:00 PM,5216381,French,France
24 Hour Party People,Michael Winterbottom,2002,Comedy,0 days 01:57:00,Coolidge Corner Theatre,2026-08-06,7:00 PM,360138,English,United Kingdom
First Blood,Ted Kotcheff,1982,Action,0 days 01:33:00,The Brattle,2026-08-06,10:00 PM,872441,English,United States
Funny Girl,William Wyler,1968,Comedy,0 days 02:35:00,The Brattle,2026-08-07,3:00 PM,12064241,English,United States
Chicken Run,"Peter Lord, Nick Park",2000,Animation,0 days 01:24:00,Kendall/MIT Open Space,2026-08-07,6:30 PM,284525,English,United Kingdom
I Shot Andy Warhol,Mary Harron,1996,Drama,0 days 01:43:00,The Brattle,2026-08-07,"6:30 PM, 9:00 PM",435566,English,United Kingdom
The Final Girls,Todd Strauss-Schulson,2015,Comedy,0 days 01:31:00,Coolidge Corner Theatre,2026-08-07,11:59 PM,42597746,English,United States
Heavyweights,Steven Brill,1995,Family,0 days 01:37:00,Coolidge Corner Theatre,2026-08-08,11:59 PM,1039561,English,United States
I Shot Andy Warhol,Mary Harron,1996,Drama,0 days 01:43:00,The Brattle,2026-08-08,"4:00 PM, 6:30 PM",435566,English,United Kingdom
Inland Empire,David Lynch,2006,Thriller,0 days 03:00:00,Somerville Theatre,2026-08-08,11:59 PM,2028217,English,United States
"Tally Brown, New York",Rosa von Praunheim,1979,Documentary,0 days 01:37:00,The Brattle,2026-08-08,"1:00 PM, 9:00 PM",35856672,English,Germany
The Great Muppet Caper,Jim Henson,1981,Comedy,0 days 01:37:00,Coolidge Corner Theatre,2026-08-09,11:00 AM,1458713,English,United Kingdom
"Tally Brown, New York",Rosa von Praunheim,1979,Documentary,0 days 01:37:00,The Brattle,2026-08-09,"12:00 PM, 9:00 PM",35856672,English,Germany
I Shot Andy Warhol,Mary Harron,1996,Drama,0 days 01:43:00,The Brattle,2026-08-09,"2:15 PM, 4:30 PM, 6:45 PM",435566,English,United Kingdom
The War of the Worlds,Byron Haskin,1953,SciFi,0 days 01:25:00,The Brattle,2026-08-10,3:30 PM,25045707,English,United States
I Shot Andy Warhol,Mary Harron,1996,Drama,0 days 01:43:00,The Brattle,2026-08-10,8:30 PM,435566,English,United Kingdom
Earth vs. the Flying Saucers,Fred F. Sears,1956,Action,0 days 01:23:00,The Brattle,2026-08-11,"4:00 PM, 8:00 PM",2057905,English,United States
The War of the Worlds,Byron Haskin,1953,SciFi,0 days 01:25:00,The Brattle,2026-08-11,6:00 PM,25045707,English,United States
The Killing,Stanley Kubrick,1956,Crime,0 days 01:25:00,Coolidge Corner Theatre,2026-08-11,7:00 PM,282964,English,United States
The Taking of Pelham One Two Three,Joseph Sargent,1974,Crime,0 days 01:44:00,Coolidge Corner Theatre,2026-08-12,7:00 PM,955409,English,United States
Broadcast News,James L. Brooks,1987,Comedy,0 days 02:13:00,The Brattle,2026-08-12,8:00 PM,129278,English,United States
My Son,Lena Stahl,2021,Drama,0 days 01:34:00,Goethe-Institut,2026-08-12,8:00 PM,65504024,English,United States
Danger: Diabolik,Mario Bava,1968,Action,0 days 01:44:00,Coolidge Corner Theatre,2026-08-13,9:30 PM,2952273,,Italy
Dragon Inn,King Hu,1967,Action,0 days 01:51:00,Coolidge Corner Theatre,2026-08-13,7:00 PM,2533663,Mandarin,Taiwan
Angel Heart,Alan Parker,1987,Horror,0 days 01:53:00,The Brattle,2026-08-13,9:00 PM,673682,English,United Kingdom
My Night at Maud's,Éric Rohmer,1969,Romance,0 days 01:50:00,The Brattle,2026-08-13,"4:00 PM, 6:30 PM",3342049,French,France
Citizen Kane,Orson Welles,1941,Mystery,0 days 01:59:00,West Newton Cinema,2026-08-13,6:30 PM,5224,English,United States
Strangers on a Train,Alfred Hitchcock,1951,Crime,0 days 01:41:00,The Brattle,2026-08-14,6:15 PM,261107,English,United States
The Straight Story,David Lynch,1999,Drama,0 days 01:52:00,Kendall/MIT Open Space,2026-08-14,6:30 PM,31351,English,United States
Family Plot,Alfred Hitchcock,1976,Comedy,0 days 02:00:00,The Brattle,2026-08-14,8:30 PM,1573600,English,United States
Wicked VHS presents: A Secret Summer Camp Slasher,Nobody Knows,,Horror,0 days 01:30:00,Coolidge Corner Theatre,2026-08-14,11:59 PM,,,
Strangers on a Train,Alfred Hitchcock,1951,Crime,0 days 01:41:00,The Brattle,2026-08-15,"1:30 PM, 6:15 PM",261107,English,United States
Family Plot,Alfred Hitchcock,1976,Comedy,0 days 02:00:00,The Brattle,2026-08-15,"3:45 PM, 8:30 PM",1573600,English,United States
Sleepaway Camp,Robert Hiltzik,1983,Horror,0 days 01:24:00,Coolidge Corner Theatre,2026-08-15,11:59 PM,715207,English,United States
Chopping Mall,Jim Wynorski,1986,Horror,0 days 01:17:00,Somerville Theatre,2026-08-15,11:59 PM,3834588,English,United States
Basic Instinct,Paul Verhoeven,1992,Thriller,0 days 02:08:00,The Brattle,2026-08-27,9:00 PM,481649,English,United States
Midnight in the Garden of Good and Evil,Clint Eastwood,1997,Mystery,0 days 02:35:00,Coolidge Corner Theatre,2026-08-27,7:00 PM,14307697,English,United States
Zardoz,John Boorman,1974,Fantasy,0 days 01:45:00,Coolidge Corner Theatre,2026-08-27,9:30 PM,149928,English,United Kingdom
Love in the Afternoon,Éric Rohmer,1972,Drama,0 days 01:37:00,The Brattle,2026-08-27,6:30 PM,5216578,French,France
Cabaret,Bob Fosse,1972,Music,0 days 02:04:00,The Brattle,2026-08-28,3:00 PM,236691,English,United States
The Piano,Jane Campion,1993,Drama,0 days 02:00:00,The Brattle,2026-08-28,6:00 PM,133688,English,Australia
The Wiz,Sidney Lumet,1978,Music,0 days 02:14:00,Kendall/MIT Open Space,2026-08-28,6:30 PM,8711666,English,United States
The Heart of the Matter,George More O'Ferrall,1953,Drama,0 days 01:45:00,Harvard Film Archive,2026-08-28,7:00 PM,7739227,English,United Kingdom
Manhunter,Michael Mann,1986,Crime,0 days 02:00:00,Somerville Theatre,2026-08-28,8:30 PM,600235,English,United States
Wicked VHS presents: A Secret Summer Camp Slasher Part 2,Nobody Knows,,Horror,0 days 01:50:00,Coolidge Corner Theatre,2026-08-28,11:59 PM,,,
Bound,"Lana Wachowski, Lilly Wachowski",1996,Drama,0 days 01:45:00,Somerville Theatre,2026-08-29,11:59 PM,249838,English,United States
The Piano,Jane Campion,1993,Drama,0 days 02:00:00,The Brattle,2026-08-29,"12:30 PM, 6:00 PM",133688,English,Australia
The Band Wagon,Vincente Minnelli,1953,Music,0 days 01:52:00,West Newton Cinema,2026-08-29,1:00 PM,73366,English,United States
Manhunter,Michael Mann,1986,Crime,0 days 02:00:00,Somerville Theatre,2026-08-29,"1:30 PM, 8:30 PM",600235,English,United States
The Lord of the Rings: The Two Towers,Peter Jackson,2002,Adventure,0 days 02:59:00,Cabot Theater,2026-08-29,6:00 PM,173944,English,New Zealand
Our Man in Havana,Carol Reed,1960,Comedy,0 days 01:51:00,Harvard Film Archive,2026-08-29,7:00 PM,11588549,English,United Kingdom
The Stranger's Hand,Mario Soldati,1954,Thriller,0 days 01:25:00,Harvard Film Archive,2026-08-29,9:15 PM,39545816,English,Italy
Sleepaway Camp II: Unhappy Campers,Michael A. Simpson,1988,Comedy,0 days 01:20:00,Coolidge Corner Theatre,2026-08-29,11:59 PM,4133151,English,United States
The Piano,Jane Campion,1993,Drama,0 days 02:00:00,The Brattle,2026-08-30,"12:30 PM, 6:00 PM",133688,English,Australia
Ministry of Fear,Fritz Lang,1944,Crime,0 days 01:26:00,Harvard Film Archive,2026-08-30,3:00 PM,2522946,English,United States
"Triple Feature: Malkovich, Malkovich, Malkovich!","Clint Eastwood, Stephen Frears, Spike Jonze",1988,Drama,0 days 05:59:00,Coolidge Corner Theatre,2026-08-30,1:00 PM,,,
The Piano,Jane Campion,1993,Drama,0 days 02:00:00,The Brattle,2026-08-31,3:00 PM,133688,English,Australia
Top Hat,Mark Sandrich,1935,Music,0 days 01:41:00,Coolidge Corner Theatre,2026-08-31,7:00 PM,61501,English,United States
Invaders from Mars,William Cameron Menzies,1953,SciFi,0 days 01:18:00,The Brattle,2026-08-31,6:00 PM,2393932,English,United States
Went the Day Well?,Alberto Cavalcanti,1942,War,0 days 01:32:00,Harvard Film Archive,2026-08-31,7:00 PM,2044745,English,United Kingdom
Invasion of the Body Snatchers,Don Siegel,1956,SciFi,0 days 01:20:00,The Brattle,2026-08-31,7:45 PM,74394,English,United States
Tokyo Story,Yasujirō Ozu,1953,Drama,0 days 02:17:00,Coolidge Corner Theatre,2026-09-01,7:15 PM,846336,Japanese,Japan
The Cycle of Love,Orlando von Einsiedel,2026,Documentary,0 days 01:38:00,Coolidge Corner Theatre,2026-09-01,7:30 PM,80921228,English,United Kingdom
Invasion of the Body Snatchers,Don Siegel,1956,SciFi,0 days 01:20:00,The Brattle,2026-09-01,8:00 PM,74394,English,United States
Invaders from Mars,William Cameron Menzies,1953,SciFi,0 days 01:18:00,The Brattle,2026-09-01,9:45 PM,2393932,English,United States
Breathless,Jean-Luc Godard,1960,Drama,0 days 01:30:00,Coolidge Corner Theatre,2026-09-02,7:00 PM,339526,French,France
"Good Night, and Good Luck.",George Clooney,2005,Drama,0 days 01:32:00,The Brattle,2026-09-02,8:00 PM,2663129,English,United States
Total Recall,Paul Verhoeven,1990,Action,0 days 01:53:00,The Brattle,2026-09-03,9:00 PM,55325,English,United States
Bicycle Thieves,Vittorio De Sica,1948,Drama,0 days 01:29:00,Coolidge Corner Theatre,2026-09-03,7:00 PM,642744,Italian,Italy
Akira,Katsuhiro Otomo,1988,Animation,0 days 02:04:00,Coolidge Corner Theatre,2026-09-03,6:30 PM,605939,Japanese,Japan
Akira,Katsuhiro Otomo,1988,Animation,0 days 02:04:00,Coolidge Corner Theatre,2026-09-04,"6:30 PM, 9:30 PM",605939,Japanese,Japan
The Third Man,Carol Reed,1949,Thriller,0 days 01:44:00,Harvard Film Archive,2026-09-04,7:00 PM,71473,English,United Kingdom
Allegro non troppo,Bruno Bozzetto,1976,Fantasy,0 days 01:25:00,The Brattle,2026-09-04,9:00 PM,4562372,Italian,Italy
The Fallen Idol,Carol Reed,1948,Drama,0 days 01:36:00,Harvard Film Archive,2026-09-04,9:15 PM,2221107,English,United Kingdom
Eraserhead,David Lynch,1978,Horror,0 days 01:29:00,Coolidge Corner Theatre,2026-09-04,11:59 PM,36814246,English,United States
Spirited Away,Hayao Miyazaki,2001,Animation,0 days 02:05:00,The Brattle,2026-09-04,6:00 PM,70091,Japanese,Japan
Allegro non troppo,Bruno Bozzetto,1976,Fantasy,0 days 01:25:00,The Brattle,2026-09-05,9:00 PM,4562372,Italian,Italy
The Third Man,Carol Reed,1949,Thriller,0 days 01:44:00,Harvard Film Archive,2026-09-05,9:00 PM,71473,English,United Kingdom
Hundreds of Beavers,Mike Cheslik,2024,Comedy,0 days 01:48:00,Somerville Theatre,2026-09-05,8:00 PM,76208655,English,United States
Brighton Rock,John Boulting,1948,Crime,0 days 01:32:00,Harvard Film Archive,2026-09-05,7:00 PM,10972714,English,United Kingdom
Akira,Katsuhiro Otomo,1988,Animation,0 days 02:04:00,Coolidge Corner Theatre,2026-09-05,"6:30 PM, 9:30 PM",605939,Japanese,Japan
Desperate Living,John Waters,1977,Comedy,0 days 01:30:00,Coolidge Corner Theatre,2026-09-05,11:59 PM,1328188,English,United States
The Lord of the Rings: The Return of the King,Peter Jackson,2003,Adventure,0 days 03:21:00,Cabot Theater,2026-09-05,6:00 PM,174251,English,New Zealand
The Big Lebowski,"Joel Coen, Ethan Coen",1998,Comedy,0 days 01:57:00,Cabot Theater,2026-09-06,7:00 PM,29782,English,United States
Metropolis,Rintaro,2001,Animation,0 days 01:47:00,The Brattle,2026-09-06,9:00 PM,6198415,Japanese,Japan
The Third Man,Carol Reed,1949,Thriller,0 days 01:44:00,Harvard Film Archive,2026-09-06,3:00 PM,71473,English,United Kingdom
Akira,Katsuhiro Otomo,1988,Animation,0 days 02:04:00,Coolidge Corner Theatre,2026-09-06,"6:30 PM, 9:30 PM",605939,Japanese,Japan
Persepolis,"Vincent Paronnaud, Marjane Satrapi",2007,Animation,0 days 01:35:00,Coolidge Corner Theatre,2026-09-06,2:00 PM,11347793,French,France
The Fugitive,John Ford,1947,Drama,0 days 01:40:00,Harvard Film Archive,2026-09-07,7:00 PM,2666581,English,United States
Jaws,Steven Spielberg,1975,Horror,0 days 02:04:00,Coolidge Corner Theatre,2026-09-07,7:00 PM,74830,English,United States
Working Girls,Lizzie Borden,1987,Drama,0 days 01:33:00,Somerville Theatre,2026-09-07,7:30 PM,6163214,English,United States
Millennium Actress,Satoshi Kon,2002,Animation,0 days 01:27:00,The Brattle,2026-09-07,9:00 PM,829780,Japanese,Japan
Killer of Sheep,Charles Burnett,1978,Drama,0 days 01:20:00,Coolidge Corner Theatre,2026-09-08,7:00 PM,74848,English,United States
Bullitt,Peter Yates,1968,Action,0 days 01:53:00,Cinema Salem,2026-09-09,7:00 PM,433285,English,United States
Chungking Express,Wong Kar-wai,1994,Drama,0 days 01:43:00,Coolidge Corner Theatre,2026-09-09,7:30 PM,213471,Cantonese,Hong Kong
Metropolis,Rintaro,2001,Animation,0 days 01:47:00,The Brattle,2026-09-09,9:00 PM,6198415,Japanese,Japan
Welcome to the Dollhouse,Todd Solondz,1996,Comedy,0 days 01:28:00,Coolidge Corner Theatre,2026-09-10,9:55 PM,2298338,English,United States
True Stories,David Byrne,1986,Comedy,0 days 01:29:00,Coolidge Corner Theatre,2026-09-10,7:30 PM,1138831,English,United States
Millennium Actress,Satoshi Kon,2002,Animation,0 days 01:27:00,The Brattle,2026-09-10,9:00 PM,829780,Japanese,Japan
El Topo,Alejandro Jodorowsky,1970,Action,0 days 02:05:00,Coolidge Corner Theatre,2026-09-11,11:59 PM,1844221,Spanish,Mexico
Silvestre,João César Monteiro,1982,History,0 days 01:53:00,Harvard Film Archive,2026-09-11,7:00 PM,48435044,Portuguese,
Heavy Metal,Gerald Potterton,1981,Animation,0 days 01:30:00,Cinema Salem,2026-09-11,10:00 PM,155303,English,Canada
Ghost in the Shell,Mamoru Oshii,1995,Action,0 days 01:23:00,The Brattle,2026-09-11,7:00 PM,3228403,Japanese,Japan
Marathon '77,Various,1977,Drama,0 days 13:00:00,Harvard Film Archive,2026-09-12,3:00 PM,,,
Mass Mini Con presents: A Mutant Mystery Movie 3,Unknown,,SciFi,0 days 02:00:00,Coolidge Corner Theatre,2026-09-12,9:00 PM,,,
Showgirls,Paul Verhoeven,1995,Drama,0 days 02:11:00,Coolidge Corner Theatre,2026-09-12,11:59 PM,93760,English,United States
Berlin Hero,Wolfgang Becker,2025,Comedy,0 days 01:53:00,Coolidge Corner Theatre,2026-09-13,11:00 AM,,,
8½,Federico Fellini,1963,Drama,0 days 02:19:00,Coolidge Corner Theatre,2026-09-13,2:00 PM,318810,Italian,Italy
Citizen Kane,Orson Welles,1941,Mystery,0 days 01:59:00,Cabot Theater,2026-09-13,6:00 PM,5224,English,United States
Clueless,Amy Heckerling,1995,Comedy,0 days 01:37:00,The Brattle,2026-09-14,6:00 PM,105872,English,United States
"Paris, Texas",Wim Wenders,1984,Drama,0 days 02:25:00,Coolidge Corner Theatre,2026-09-14,7:00 PM,237134,English,West Germany
Snow White,João César Monteiro,2000,Drama,0 days 01:15:00,Harvard Film Archive,2026-09-14,7:00 PM,,,
Keaton and Pickford Double Feature: One Week / Stella Maris,"Buster Keaton, Mary Pickford",1918,Comedy,0 days 01:45:00,West Newton Cinema,2026-09-14,6:30 PM,,,
"Aguirre, the Wrath of God",Werner Herzog,1972,History,0 days 01:35:00,Coolidge Corner Theatre,2026-09-15,7:00 PM,158052,German,West Germany
Harold and Maude,Hal Ashby,1971,Comedy,0 days 01:31:00,Somerville Theatre,2026-09-15,7:30 PM,13290,English,United States
Cléo from 5 to 7,Agnès Varda,1962,Drama,0 days 01:30:00,Coolidge Corner Theatre,2026-09-16,7:00 PM,3644380,French,France
Cool Hand Luke,Stuart Rosenberg,1967,Drama,0 days 02:07:00,Cinema Salem,2026-09-16,7:00 PM,161897,English,United States
Shrek,"Andrew Adamson, Vicky Jenson",2001,Animation,0 days 01:30:00,The Speedway,2026-09-16,8:00 PM,18717177,English,United States
The Lives of Others,Florian Henckel von Donnersmarck,2006,Drama,0 days 02:17:00,West Newton Cinema,2026-09-17,4:00 PM,5454803,German,Germany
The Godfather,Francis Ford Coppola,1972,Drama,0 days 02:55:00,West Newton Cinema,2026-09-17,6:00 PM,2466773,English,United States
The Jerk,Carl Reiner,1979,Comedy,0 days 01:34:00,Coolidge Corner Theatre,2026-09-17,7:00 PM,179044,English,United States
The Warriors,Walter Hill,1979,Action,0 days 01:34:00,Coolidge Corner Theatre,2026-09-17,9:30 PM,1173571,English,United States
The Rocky Horror Picture Show,Jim Sharman,1975,Comedy,0 days 01:40:00,Coolidge Corner Theatre,2026-09-18,11:59 PM,25491,English,United Kingdom
Sleeping Dogs,Roger Donaldson,1978,Action,0 days 01:47:00,The Brattle,2026-09-18,9:30 PM,,,
The Bling Ring,Sofia Coppola,2013,Drama,0 days 01:30:00,Harvard Film Archive,2026-09-18,9:15 PM,36495174,English,France
Batman,Tim Burton,1989,Fantasy,0 days 02:06:00,Somerville Theatre,2026-09-18,8:00 PM,4726,English,United States
The Virgin Suicides,Sofia Coppola,2000,Drama,0 days 01:37:00,Harvard Film Archive,2026-09-18,7:00 PM,3610087,English,United States
The Goonies,Richard Donner,1985,Adventure,0 days 01:54:00,The Brattle,2026-09-18,3:30 PM,89631,English,United States
Lenny,Bob Fosse,1974,Drama,0 days 01:52:00,The Brattle,2026-09-18,6:00 PM,64291,English,United States
Cabaret,Bob Fosse,1972,Music,0 days 02:04:00,Harvard Film Archive,2026-09-19,2:00 PM,236691,English,United States
Travels with My Aunt,George Cukor,1972,Adventure,0 days 01:49:00,Harvard Film Archive,2026-09-19,9:00 PM,20867795,English,United States
The Third Man,Carol Reed,1949,Thriller,0 days 01:44:00,Harvard Film Archive,2026-09-19,7:00 PM,71473,English,United Kingdom
Spotlight,Tom McCarthy,2015,Drama,0 days 02:09:00,The Brattle,2026-09-19,6:00 PM,43842546,English,United States
All the President's Men,Alan J. Pakula,1976,Drama,0 days 02:18:00,The Brattle,2026-09-19,3:00 PM,3876620,English,United States
Possession,Andrzej Å»uÅawski,1981,Horror,0 days 02:04:00,The Brattle,2026-09-19,9:30 PM,5542682,English,France
The Room,Tommy Wiseau,2003,Drama,0 days 01:39:00,Coolidge Corner Theatre,2026-09-19,11:59 PM,5443971,English,United States
Batman,Tim Burton,1989,Fantasy,0 days 02:06:00,Somerville Theatre,2026-09-19,"2:00 PM, 8:00 PM",4726,English,United States
Night of the Creeps,Fred Dekker,1986,Horror,0 days 01:28:00,Cinema Salem,2026-09-19,8:30 PM,2534857,English,United States
Jurassic Park,Steven Spielberg,1993,Adventure,0 days 02:07:00,The Brattle,2026-09-19,12:00 PM,68485,English,United States
Possession,Andrzej Żuławski,1981,Horror,0 days 02:04:00,The Brattle,2026-09-19,9:30 PM,5542682,English,France
Dilwale Dulhania Le Jayenge,Aditya Chopra,1995,Comedy,0 days 03:10:00,Coolidge Corner Theatre,2026-09-19,1:00 PM,274258,Hindi,India
The Librarians,Kim A. Snyder,2025,Documentary,0 days 01:32:00,The Brattle,2026-09-20,3:00 PM,79003235,English,United States
Snow White,João César Monteiro,2000,Drama,0 days 01:15:00,Harvard Film Archive,2026-09-20,3:00 PM,,,
Jurassic Park,Steven Spielberg,1993,Adventure,0 days 02:07:00,The Brattle,2026-09-20,6:00 PM,68485,English,United States
Batman,Tim Burton,1989,Fantasy,0 days 02:06:00,Somerville Theatre,2026-09-20,"5:00 PM, 8:00 PM",4726,English,United States
Amores Perros,Alejandro González Iñárritu,2000,Drama,0 days 02:34:00,Coolidge Corner Theatre,2026-09-20,4:00 PM,729979,Spanish,Mexico
Hunt for the Wilderpeople,Taika Waititi,2016,Adventure,0 days 01:41:00,The Brattle,2026-09-20,"12:00 PM, 9:00 PM",49200910,English,New Zealand
For Heaven's Sake,Sam Taylor,1926,Comedy,0 days 00:58:00,Somerville Theatre,2026-09-20,2:00 PM,5045155,Silent,United States
Snow White,JoÃ£o CÃ©sar Monteiro,2000,Drama,0 days 01:15:00,Harvard Film Archive,2026-09-20,3:00 PM,,,
Amores Perros,Alejandro GonzÃ¡lez IÃ±Ã¡rritu,2000,Drama,0 days 02:34:00,Coolidge Corner Theatre,2026-09-20,4:00 PM,729979,Spanish,Mexico
East of Eden,Elia Kazan,1955,Drama,0 days 01:55:00,Coolidge Corner Theatre,2026-09-21,7:00 PM,290970,English,United States
Hovering Over the Water,JoÃ£o CÃ©sar Monteiro,2013,Drama,0 days 02:17:00,Harvard Film Archive,2026-09-21,7:00 PM,,,
Raiders of the Lost Ark,Steven Spielberg,1981,Adventure,0 days 01:55:00,Somerville Theatre,2026-09-21,7:30 PM,54166,English,United States
Hovering Over the Water,João César Monteiro,2013,Drama,0 days 02:17:00,Harvard Film Archive,2026-09-21,7:00 PM,,,
Cemetery Cinema: The Straight Story & Wings of Desire,"David Lynch, Wim Wenders",1987,Drama,0 days 04:00:00,Mount Auburn Cemetery,2026-09-22,7:00 PM,,,
Monty Python and the Holy Grail,"Terry Jones, Terry Gilliam",1975,Adventure,0 days 01:31:00,Somerville Theatre,2026-09-22,7:30 PM,19701,English,United Kingdom
Dead Calm,Phillip Noyce,1989,Thriller,0 days 01:36:00,The Brattle,2026-09-22,8:00 PM,697868,English,Australia
Event Horizon,Paul W. S. Anderson,1997,Horror,0 days 01:36:00,The Brattle,2026-09-23,"4:45 PM, 9:15 PM",29320113,English,United States
CODA,Sian Heder,2021,Drama,0 days 01:52:00,Capitol Theatre,2026-09-23,6:45 PM,66255918,American Sign Language,France
Romy and Michele's High School Reunion,David Mirkin,1997,Comedy,0 days 01:32:00,Coolidge Corner Theatre,2026-09-23,7:00 PM,201553,English,United States
Cemetery Cinema: The Straight Story & Wings of Desire,"David Lynch, Wim Wenders",1987,Drama,0 days 04:00:00,Mount Auburn Cemetery,2026-09-23,7:00 PM,,,
The Graduate,Mike Nichols,1967,Drama,0 days 01:47:00,Cinema Salem,2026-09-23,7:00 PM,29942,English,United States
In the Mouth of Madness,John Carpenter,1995,Horror,0 days 01:35:00,The Brattle,2026-09-23,7:00 PM,343684,English,United States
A Goofy Movie,Kevin Lima,1995,Adventure,0 days 01:18:00,Coolidge Corner Theatre,2026-09-24,7:00 PM,155785,English,United States
Down by Law,Jim Jarmusch,1986,Crime,0 days 01:46:00,Coolidge Corner Theatre,2026-09-24,9:30 PM,3375635,English,United States
Vagabond,Agnès Varda,1985,Drama,0 days 01:45:00,The Brattle,2026-09-25,8:30 PM,897713,French,France
The Beyond,Lucio Fulci,1981,Horror,0 days 01:28:00,Coolidge Corner Theatre,2026-09-25,11:59 PM,1864142,,Italy
Captain January,Edward F. Cline,1924,Drama,0 days 01:04:00,West Newton Cinema,2026-09-25,7:00 PM,8174574,Silent,United States
Recollections of the Yellow House,JoÃ£o CÃ©sar Monteiro,1989,Comedy,0 days 02:02:00,Harvard Film Archive,2026-09-25,7:00 PM,37809940,Portuguese,Portugal
Nine to Five,Colin Higgins,1980,Comedy,0 days 01:50:00,Somerville Theatre,2026-09-25,8:00 PM,582398,English,United States
Hocus Pocus,Kenny Ortega,1993,Fantasy,0 days 01:36:00,Cinema Salem,2026-09-25,"4:00 PM, 6:30 PM",1962219,English,United States
Vagabond,AgnÃ¨s Varda,1985,Drama,0 days 01:45:00,The Brattle,2026-09-25,8:30 PM,897713,French,France
Recollections of the Yellow House,João César Monteiro,1989,Comedy,0 days 02:02:00,Harvard Film Archive,2026-09-25,7:00 PM,37809940,Portuguese,Portugal
My Brother's Wedding,Charles Burnett,1985,Drama,0 days 01:21:00,The Brattle,2026-09-25,6:00 PM,30879026,English,United States
God's Comedy,João César Monteiro,1996,Comedy,0 days 02:42:00,Harvard Film Archive,2026-09-26,7:00 PM,18523660,Portuguese,Portugal
Hocus Pocus,Kenny Ortega,1993,Fantasy,0 days 01:36:00,Cinema Salem,2026-09-26,"12:30 PM, 3:30 PM, 6:00 PM",1962219,English,United States
High Society,Charles Walters,1956,Music,0 days 01:52:00,West Newton Cinema,2026-09-26,1:00 PM,255194,English,United States
My Brother's Wedding,Charles Burnett,1985,Drama,0 days 01:21:00,The Brattle,2026-09-26,2:00 PM,30879026,English,United States
Amarcord,Federico Fellini,1973,Comedy,0 days 02:03:00,Harvard Film Archive,2026-09-26,2:00 PM,239086,Italian,Italy
Ten Dark Women,Kon Ichikawa,1961,Comedy,0 days 01:43:00,The Brattle,2026-09-26,4:00 PM,34888791,Japanese,Japan
Freaks,Tod Browning,1932,Drama,0 days 01:04:00,The Brattle,2026-09-26,6:30 PM,73494,English,United States
God's Comedy,JoÃ£o CÃ©sar Monteiro,1996,Comedy,0 days 02:42:00,Harvard Film Archive,2026-09-26,7:00 PM,18523660,Portuguese,Portugal
The Blade,Tsui Hark,1995,Action,0 days 01:46:00,The Brattle,2026-09-26,8:30 PM,5697939,Cantonese,Hong Kong
Cannibal Holocaust,Ruggero Deodato,1980,Horror,0 days 01:35:00,Coolidge Corner Theatre,2026-09-26,11:59 PM,513149,Italian,Italy
The Rocky Horror Picture Show,Jim Sharman,1975,Comedy,0 days 01:40:00,Cinema Salem,2026-09-26,9:00 PM,25491,English,United Kingdom
Hocus Pocus,Kenny Ortega,1993,Fantasy,0 days 01:36:00,Cinema Salem,2026-09-27,"1:00 PM, 3:30 PM",1962219,English,United States
Uncle Boonmee Who Can Recall His Past Lives,Apichatpong Weerasethakul,2010,Drama,0 days 01:54:00,Coolidge Corner Theatre,2026-09-27,2:00 PM,26978753,Isan,Thailand
Bellissima,Luchino Visconti,1952,Drama,0 days 01:55:00,The Brattle,2026-09-27,2:30 PM,10748976,Italian,Italy
The Adventures of Prince Achmed,Lotte Reiniger,1926,Animation,0 days 01:06:00,Harvard Film Archive,2026-09-27,3:00 PM,4321732,Silent,Germany
He Ran All the Way,John Berry,1951,Thriller,0 days 01:17:00,The Brattle,2026-09-27,5:00 PM,3820793,English,United States
Smog,Franco Rossi,1962,Drama,0 days 01:32:00,The Brattle,2026-09-27,7:00 PM,81148333,Italian,
Careful,Guy Maddin,1992,Comedy,0 days 01:40:00,The Brattle,2026-09-27,12:00 PM,8136508,English,Canada
Lotte Reiniger Short Films,Lotte Reiniger,1926,Animation,0 days 01:00:00,Harvard Film Archive,2026-09-28,7:00 PM,,,
Strictly Ballroom,Baz Luhrmann,1992,Comedy,0 days 01:34:00,Coolidge Corner Theatre,2026-09-28,7:00 PM,542202,English,Australia
Casablanca,Michael Curtiz,1943,Drama,0 days 01:42:00,Somerville Theatre,2026-09-28,7:30 PM,57585,English,United States
Häxan,Benjamin Christensen,1922,Documentary,0 days 01:45:00,Coolidge Corner Theatre,2026-09-29,7:00 PM,3644898,Silent,Sweden
HÃ¤xan,Benjamin Christensen,1922,Documentary,0 days 01:45:00,Coolidge Corner Theatre,2026-09-29,7:00 PM,,,
Careful,Guy Maddin,1992,Comedy,0 days 01:40:00,The Brattle,2026-09-29,9:00 PM,8136508,English,Canada
Sunrise: A Song of Two Humans,F. W. Murnau,1927,Drama,0 days 01:34:00,The Brattle,2026-09-29,6:30 PM,61904,Silent,United States
Pink Flamingos,John Waters,1972,Comedy,0 days 01:33:00,Somerville Theatre,2026-09-29,7:30 PM,320527,English,United States
Nostalgia,Andrei Tarkovsky,1983,Drama,0 days 02:05:00,Coolidge Corner Theatre,2026-09-30,7:00 PM,,,
Diva,Jean-Jacques Beineix,1981,Action,0 days 01:57:00,The Brattle,2026-09-30,8:00 PM,30874145,French,France
Witness,Peter Weir,1985,Crime,0 days 01:52:00,Coolidge Corner Theatre,2026-10-01,7:00 PM,84931,English,United States
"New York, New York",Martin Scorsese,1977,Romance,0 days 02:43:00,The Brattle,2026-10-01,8:00 PM,1230920,English,United States
Kwaidan,Masaki Kobayashi,1965,Horror,0 days 03:03:00,The Brattle,2026-10-02,6:00 PM,1268511,Japanese,Japan
The Human Condition I: No Greater Love,Masaki Kobayashi,1959,War,0 days 03:24:00,Harvard Film Archive,2026-10-02,7:00 PM,69840192,Japanese,Japan
Parents,Bob Balaban,1989,Horror,0 days 01:22:00,Coolidge Corner Theatre,2026-10-02,11:59 PM,5330839,English,United States
The 'Burbs,Joe Dante,1989,Comedy,0 days 01:42:00,Coolidge Corner Theatre,2026-10-03,11:59 PM,600216,English,United States
The Human Condition III: A Soldier's Prayer,Masaki Kobayashi,1961,War,0 days 03:10:00,Harvard Film Archive,2026-10-03,7:00 PM,30405035,Japanese,Japan
The Human Condition II: Road to Eternity,Masaki Kobayashi,1959,War,0 days 02:58:00,Harvard Film Archive,2026-10-03,3:00 PM,81194255,Japanese,Japan
Kwaidan,Masaki Kobayashi,1965,Horror,0 days 03:03:00,The Brattle,2026-10-03,"2:30 PM, 6:00 PM",1268511,Japanese,Japan
Silvestre,JoÃ£o CÃ©sar Monteiro,1982,History,0 days 01:53:00,Harvard Film Archive,2026-10-04,3:00 PM,48435044,Portuguese,
Kwaidan,Masaki Kobayashi,1965,Horror,0 days 03:03:00,The Brattle,2026-10-04,6:00 PM,1268511,Japanese,Japan
Back to the Future,Robert Zemeckis,1985,Adventure,0 days 01:56:00,Coolidge Corner Theatre,2026-10-04,10:30 AM,42993,English,United States
A Few Good Men,Rob Reiner,1992,Drama,0 days 02:18:00,Coolidge Corner Theatre,2026-10-05,7:00 PM,20691749,English,United States
The Last Dive,JoÃ£o CÃ©sar Monteiro,1992,Drama,0 days 01:28:00,Harvard Film Archive,2026-10-05,7:00 PM,,,
Dead Snow,Tommy Wirkola,2009,Horror,0 days 01:28:00,Somerville Theatre,2026-10-05,7:30 PM,20611596,no,Norway
Kwaidan,Masaki Kobayashi,1965,Horror,0 days 03:03:00,The Brattle,2026-10-05,8:00 PM,1268511,Japanese,Japan
Practical Magic,Griffin Dunne,1998,Romance,0 days 01:44:00,The Brattle,2026-10-06,"6:00 PM, 9:00 PM",89445,English,United States
Heaven Can Wait,Ernst Lubitsch,1943,Comedy,0 days 01:52:00,Coolidge Corner Theatre,2026-10-06,7:00 PM,77653,English,United States
Freaks,Tod Browning,1932,Drama,0 days 01:04:00,Somerville Theatre,2026-10-06,7:30 PM,73494,English,United States
Jennifer's Body,Karyn Kusama,2009,Horror,0 days 01:47:00,Coolidge Corner Theatre,2026-10-07,7:00 PM,15713038,English,United States
Little Nicky,Steven Brill,2000,Comedy,0 days 01:30:00,Coolidge Corner Theatre,2026-10-08,9:45 PM,1011854,English,United States
Mystery Train,Jim Jarmusch,1989,Comedy,0 days 01:46:00,Coolidge Corner Theatre,2026-10-08,7:00 PM,3509663,English,United States
Ghost Ship and The Fog Aboard the Sea Witch,"John Carpenter, Steve Beck",1980,Horror,0 days 03:00:00,USS Salem,2026-10-09,7:00 PM,,,
The Spousals of God,JoÃ£o CÃ©sar Monteiro,1999,Comedy,0 days 02:30:00,Harvard Film Archive,2026-10-09,7:00 PM,,,
The Devil's Backbone,Guillermo del Toro,2001,Fantasy,0 days 01:48:00,Cinema Salem,2026-10-09,10:00 PM,5523710,Spanish,Spain
Barbarian,Zach Cregger,2022,Horror,0 days 01:43:00,Coolidge Corner Theatre,2026-10-09,11:59 PM,71399138,English,United States
Kaagaz Ke Phool,Guru Dutt,1959,Drama,0 days 02:22:00,Coolidge Corner Theatre,2026-10-10,1:00 PM,8448870,Hindi,India
Sherlock Jr.,Buster Keaton,1924,Action,0 days 00:45:00,Harvard Film Archive,2026-10-10,2:00 PM,76346,Silent,United States
Leviathan and Deep Rising Aboard the Sea Witch,"George P. Cosmatos, Stephen Sommers",1989,Horror,0 days 03:30:00,USS Salem,2026-10-10,7:00 PM,,,
The Hips of J.W.,JoÃ£o CÃ©sar Monteiro,1997,Comedy,0 days 02:28:00,Harvard Film Archive,2026-10-10,7:00 PM,,,
The Rocky Horror Picture Show,Jim Sharman,1975,Comedy,0 days 01:40:00,Cinema Salem,2026-10-10,9:00 PM,25491,English,United Kingdom
It Follows,David Robert Mitchell,2015,Horror,0 days 01:41:00,Coolidge Corner Theatre,2026-10-10,11:59 PM,44202021,English,United States
Jaws and Deep Blue Sea Aboard the Sea Witch,"Steven Spielberg, Renny Harlin",1975,Horror,0 days 03:50:00,USS Salem,2026-10-11,7:00 PM,,,
Recollections of the Yellow House,JoÃ£o CÃ©sar Monteiro,1989,Comedy,0 days 02:02:00,Harvard Film Archive,2026-10-11,3:00 PM,37809940,Portuguese,Portugal
Dracula & Frankenstein Double Feature,"Tod Browning, James Whale",1931,Horror,0 days 02:24:00,Cabot Theater,2026-10-11,6:00 PM,,,
The Sound of Music,Robert Wise,1965,Drama,0 days 02:54:00,Somerville Theatre,2026-10-12,6:00 PM,4836239,English,United States
Knives Out,Rian Johnson,2019,Comedy,0 days 02:11:00,The Brattle,2026-10-12,6:00 PM,58400663,English,United States
Dial M for Murder,Alfred Hitchcock,1954,Thriller,0 days 01:45:00,Coolidge Corner Theatre,2026-10-12,7:00 PM,77223,English,United States
The Princess Bride,Rob Reiner,1987,Adventure,0 days 01:39:00,Somerville Theatre,2026-10-13,7:30 PM,31153,English,United States
Rosemary's Baby,Roman Polanski,1968,Drama,0 days 02:18:00,Coolidge Corner Theatre,2026-10-13,7:30 PM,9830229,English,United States
The Devil's Advocate,Taylor Hackford,1997,Horror,0 days 02:24:00,Coolidge Corner Theatre,2026-10-14,7:00 PM,673274,English,United States
Final Destination 3,James Wong,2006,Horror,0 days 01:32:00,Coolidge Corner Theatre,2026-10-14,8:00 PM,1945359,English,United States
The Adventures of Baron Munchausen,Terry Gilliam,1988,Fantasy,0 days 02:06:00,The Brattle,2026-10-14,8:00 PM,164502,English,United Kingdom
Au Revoir les Enfants,Louis Malle,1987,Drama,0 days 01:45:00,West Newton Cinema,2026-10-15,4:00 PM,1688060,French,France
Faust,F. W. Murnau,1926,Fantasy,0 days 01:56:00,Coolidge Corner Theatre,2026-10-15,7:00 PM,1343856,Silent,Germany
I Saw the TV Glow,Jane Schoenbrun,2024,Drama,0 days 01:40:00,The Brattle,2026-10-15,9:30 PM,71614849,English,United States
The Devils,Ken Russell,1971,Drama,0 days 01:52:00,Coolidge Corner Theatre,2026-10-15,9:45 PM,459586,English,United Kingdom
